filename,subject,gender,split,label
Getup_p04_r03_v04_c05.mp4,p04,f,train,14
Sitdown_p17_r02_v02_c04.mp4,p17,m,train,25
Walk_p09_r00_v13_c07.mp4,p09,m,train,30
Drink.Fromcup_p14_r06_v05_c05.mp4,p14,m,test,9
Walk_p25_r23_v05_c05.mp4,p25,f,train,30
Drink.Fromcan_p12_r00_v05_c04.mp4,p12,f,train,8
Walk_p03_r23_v04_c05.mp4,p03,m,train,30
Drink.Frombottle_p18_r04_v05_c04.mp4,p18,m,test,7
Drink.Fromcup_p13_r01_v13_c01.mp4,p13,f,train,9
Usetelephone_p17_r06_v02_c05.mp4,p17,m,train,29
Takepills_p19_r00_v05_c05.mp4,p19,f,train,26
Usetelephone_p15_r00_v06_c05.mp4,p15,m,train,29
Sitdown_p12_r04_v05_c04.mp4,p12,f,train,25
Getup_p06_r00_v09_c02.mp4,p06,f,train,14
Cook.Stir_p07_r14_v21_c06.mp4,p07,f,train,4
Drink.Fromcup_p14_r18_v03_c05.mp4,p14,m,test,9
Drink.Fromcup_p04_r09_v09_c01.mp4,p04,f,train,9
Drink.Fromcup_p11_r03_v08_c01.mp4,p11,f,test,9
WatchTV_p25_r05_v06_c05.mp4,p25,f,train,31
Drink.Fromcup_p04_r00_v16_c06.mp4,p04,f,train,9
Sitdown_p14_r09_v10_c01.mp4,p14,m,test,25
Eat.Snack_p09_r07_v13_c06.mp4,p09,m,train,12
Readbook_p25_r08_v10_c01.mp4,p25,f,train,24
Drink.Fromcup_p07_r09_v20_c06.mp4,p07,f,train,9
Cook.Cleanup_p10_r06_v11_c03.mp4,p10,f,test,2
Walk_p15_r13_v15_c06.mp4,p15,m,train,30
Drink.Fromcup_p07_r09_v21_c06.mp4,p07,f,train,9
Laydown_p12_r01_v03_c04.mp4,p12,f,train,15
Takepills_p03_r06_v04_c05.mp4,p03,m,train,26
Walk_p06_r13_v13_c06.mp4,p06,f,train,30
Drink.Fromcup_p12_r08_v01_c04.mp4,p12,f,train,9
Readbook_p14_r02_v07_c05.mp4,p14,m,test,24
Cook.Stir_p25_r02_v15_c07.mp4,p25,f,train,4
Takepills_p14_r00_v06_c04.mp4,p14,m,test,26
Cook.Cleanup_p15_r00_v15_c03.mp4,p15,m,train,2
Drink.Fromcup_p13_r04_v12_c02.mp4,p13,f,train,9
Drink.Fromcup_p17_r04_v02_c05.mp4,p17,m,train,9
Enter_p03_r00_v06_c04.mp4,p03,m,train,13
Cook.Stir_p13_r05_v23_c06.mp4,p13,f,train,4
Drink.Fromcup_p16_r14_v12_c06.mp4,p16,f,test,9
Enter_p04_r00_v03_c05.mp4,p04,f,train,13
Leave_p09_r00_v06_c05.mp4,p09,m,train,16
Walk_p04_r03_v17_c06.mp4,p04,f,train,30
Drink.Fromcup_p20_r11_v02_c05.mp4,p20,f,test,9
Laydown_p15_r00_v05_c05.mp4,p15,m,train,15
Drink.Fromcup_p14_r00_v03_c04.mp4,p14,m,test,9
Drink.Fromcup_p13_r09_v21_c06.mp4,p13,f,train,9
Drink.Fromcup_p25_r00_v01_c05.mp4,p25,f,train,9
Eat.Attable_p07_r30_v08_c01.mp4,p07,f,train,11
Drink.Fromcan_p16_r00_v14_c03.mp4,p16,f,test,8
Getup_p14_r03_v02_c05.mp4,p14,m,test,14
Walk_p15_r01_v07_c04.mp4,p15,m,train,30
Getup_p14_r12_v06_c05.mp4,p14,m,test,14
Walk_p07_r04_v06_c03.mp4,p07,f,train,30
Uselaptop_p10_r01_v02_c05.mp4,p10,f,test,27
Usetelephone_p02_r01_v01_c07.mp4,p02,f,test,29
Cook.Cleanup_p07_r04_v20_c03.mp4,p07,f,train,2
Drink.Fromcup_p14_r04_v03_c05.mp4,p14,m,test,9
Cook.Cleanup_p07_r03_v21_c06.mp4,p07,f,train,2
Walk_p07_r04_v04_c05.mp4,p07,f,train,30
Sitdown_p10_r10_v02_c04.mp4,p10,f,test,25
Readbook_p06_r05_v06_c05.mp4,p06,f,train,24
Sitdown_p12_r08_v03_c05.mp4,p12,f,train,25
Cook.Cleanup_p07_r02_v06_c03.mp4,p07,f,train,2
Walk_p18_r01_v15_c03.mp4,p18,m,test,30
Drink.Fromcan_p03_r05_v02_c04.mp4,p03,m,train,8
WatchTV_p10_r03_v02_c05.mp4,p10,f,test,31
Cook.Cut_p15_r02_v15_c06.mp4,p15,m,train,3
Eat.Attable_p07_r20_v08_c02.mp4,p07,f,train,11
Walk_p10_r11_v12_c07.mp4,p10,f,test,30
Drink.Fromcup_p13_r02_v13_c01.mp4,p13,f,train,9
Drink.Fromcan_p02_r00_v08_c04.mp4,p02,f,test,8
Walk_p03_r06_v13_c01.mp4,p03,m,train,30
Drink.Fromcup_p25_r00_v12_c03.mp4,p25,f,train,9
Cook.Cleandishes_p07_r03_v21_c06.mp4,p07,f,train,1
Drink.Fromcup_p03_r03_v16_c03.mp4,p03,m,train,9
Drink.Fromcup_p12_r03_v02_c05.mp4,p12,f,train,9
Walk_p03_r03_v15_c07.mp4,p03,m,train,30
Cook.Cleanup_p10_r04_v14_c06.mp4,p10,f,test,2
Drink.Fromcup_p09_r04_v10_c01.mp4,p09,m,train,9
Walk_p06_r06_v12_c06.mp4,p06,f,train,30
Usetablet_p20_r01_v02_c05.mp4,p20,f,test,28
Makecoffee.Pourgrains_p02_r01_v01_c06.mp4,p02,f,test,17
Maketea.Insertteabag_p07_r00_v22_c06.mp4,p07,f,train,20
Walk_p03_r12_v03_c04.mp4,p03,m,train,30
Pour.Frombottle_p17_r00_v10_c02.mp4,p17,m,train,21
Enter_p06_r02_v12_c06.mp4,p06,f,train,13
Walk_p11_r05_v06_c04.mp4,p11,f,test,30
Leave_p04_r05_v05_c04.mp4,p04,f,train,16
Uselaptop_p15_r03_v04_c05.mp4,p15,m,train,27
Readbook_p11_r00_v01_c04.mp4,p11,f,test,24
Walk_p25_r02_v14_c03.mp4,p25,f,train,30
Cook.Cleandishes_p07_r04_v20_c06.mp4,p07,f,train,1
Getup_p13_r00_v09_c01.mp4,p13,f,train,14
Eat.Attable_p16_r27_v06_c01.mp4,p16,f,test,11
Walk_p07_r00_v10_c01.mp4,p07,f,train,30
Walk_p12_r00_v04_c05.mp4,p12,f,train,30
Enter_p14_r01_v05_c04.mp4,p14,m,test,13
Walk_p03_r03_v18_c03.mp4,p03,m,train,30
Walk_p25_r21_v14_c07.mp4,p25,f,train,30
Cook.Stir_p20_r01_v15_c07.mp4,p20,f,test,4
Drink.Frombottle_p12_r00_v04_c05.mp4,p12,f,train,7
Drink.Fromcup_p06_r03_v02_c05.mp4,p06,f,train,9
Sitdown_p17_r05_v09_c01.mp4,p17,m,train,25
Drink.Fromcup_p10_r11_v10_c01.mp4,p10,f,test,9
Drink.Fromcup_p13_r05_v05_c04.mp4,p13,f,train,9
Drink.Fromcup_p15_r05_v13_c03.mp4,p15,m,train,9
Drink.Frombottle_p12_r00_v05_c04.mp4,p12,f,train,7
Eat.Attable_p04_r06_v08_c01.mp4,p04,f,train,11
WatchTV_p06_r08_v03_c04.mp4,p06,f,train,31
Walk_p18_r05_v08_c05.mp4,p18,m,test,30
Cook.Stir_p11_r11_v13_c06.mp4,p11,f,test,4
Eat.Attable_p07_r31_v08_c01.mp4,p07,f,train,11
Drink.Fromcup_p03_r05_v04_c05.mp4,p03,m,train,9
Getup_p06_r01_v10_c01.mp4,p06,f,train,14
Eat.Attable_p20_r07_v08_c01.mp4,p20,f,test,11
Walk_p13_r08_v04_c04.mp4,p13,f,train,30
Takepills_p12_r00_v06_c05.mp4,p12,f,train,26
Takepills_p19_r01_v10_c02.mp4,p19,f,train,26
Drink.Frombottle_p04_r15_v04_c05.mp4,p04,f,train,7
Cook.Cleanup_p03_r02_v16_c03.mp4,p03,m,train,2
Walk_p04_r07_v05_c05.mp4,p04,f,train,30
Walk_p15_r03_v06_c04.mp4,p15,m,train,30
Drink.Fromcup_p10_r07_v06_c05.mp4,p10,f,test,9
Walk_p07_r01_v03_c03.mp4,p07,f,train,30
Getup_p18_r04_v12_c01.mp4,p18,m,test,14
Sitdown_p10_r00_v06_c04.mp4,p10,f,test,25
Sitdown_p13_r02_v12_c02.mp4,p13,f,train,25
Walk_p18_r10_v15_c07.mp4,p18,m,test,30
Walk_p25_r16_v04_c05.mp4,p25,f,train,30
Walk_p14_r02_v09_c02.mp4,p14,m,test,30
Walk_p25_r10_v04_c04.mp4,p25,f,train,30
Drink.Frombottle_p15_r00_v11_c01.mp4,p15,m,train,7
Walk_p16_r04_v14_c07.mp4,p16,f,test,30
Eat.Attable_p07_r26_v08_c02.mp4,p07,f,train,11
Cook.Cleanup_p03_r00_v18_c03.mp4,p03,m,train,2
Cook.Cleandishes_p06_r03_v13_c03.mp4,p06,f,train,1
Eat.Attable_p06_r13_v07_c01.mp4,p06,f,train,11
Pour.Fromkettle_p03_r01_v16_c06.mp4,p03,m,train,23
Walk_p11_r03_v11_c07.mp4,p11,f,test,30
Walk_p11_r00_v04_c04.mp4,p11,f,test,30
Pour.Frombottle_p03_r00_v11_c02.mp4,p03,m,train,21
Walk_p03_r41_v02_c04.mp4,p03,m,train,30
Takepills_p14_r03_v03_c04.mp4,p14,m,test,26
Walk_p13_r03_v20_c07.mp4,p13,f,train,30
Usetelephone_p04_r00_v05_c04.mp4,p04,f,train,29
Walk_p15_r13_v03_c05.mp4,p15,m,train,30
Drink.Frombottle_p10_r03_v01_c05.mp4,p10,f,test,7
Cook.Stir_p16_r02_v15_c07.mp4,p16,f,test,4
Walk_p04_r27_v05_c04.mp4,p04,f,train,30
Walk_p04_r00_v17_c03.mp4,p04,f,train,30
Uselaptop_p10_r05_v02_c04.mp4,p10,f,test,27
Walk_p25_r01_v05_c05.mp4,p25,f,train,30
Readbook_p15_r03_v01_c05.mp4,p15,m,train,24
Readbook_p13_r05_v10_c02.mp4,p13,f,train,24
Cook.Cleanup_p07_r04_v22_c06.mp4,p07,f,train,2
Drink.Fromcup_p13_r06_v24_c05.mp4,p13,f,train,9
Walk_p19_r09_v03_c05.mp4,p19,f,train,30
Walk_p15_r00_v16_c07.mp4,p15,m,train,30
Readbook_p16_r04_v02_c04.mp4,p16,f,test,24
Leave_p15_r00_v03_c04.mp4,p15,m,train,16
Walk_p16_r03_v01_c05.mp4,p16,f,test,30
Eat.Attable_p14_r02_v09_c01.mp4,p14,m,test,11
Getup_p10_r01_v09_c01.mp4,p10,f,test,14
Cook.Stir_p12_r01_v12_c07.mp4,p12,f,train,4
WatchTV_p02_r01_v18_c05.mp4,p02,f,test,31
Getup_p11_r02_v05_c04.mp4,p11,f,test,14
Walk_p14_r04_v02_c05.mp4,p14,m,test,30
Getup_p06_r02_v05_c05.mp4,p06,f,train,14
Walk_p18_r00_v10_c02.mp4,p18,m,test,30
Eat.Attable_p25_r00_v17_c01.mp4,p25,f,train,11
Walk_p20_r00_v16_c07.mp4,p20,f,test,30
Drink.Fromcan_p15_r00_v12_c02.mp4,p15,m,train,8
Cook.Stir_p09_r18_v12_c06.mp4,p09,m,train,4
Getup_p09_r03_v06_c04.mp4,p09,m,train,14
Sitdown_p13_r00_v12_c01.mp4,p13,f,train,25
Enter_p10_r00_v02_c04.mp4,p10,f,test,13
Walk_p25_r09_v12_c06.mp4,p25,f,train,30
Cook.Stir_p25_r03_v16_c07.mp4,p25,f,train,4
Drink.Frombottle_p04_r02_v04_c04.mp4,p04,f,train,7
Cook.Cut_p06_r00_v13_c06.mp4,p06,f,train,3
Walk_p16_r06_v14_c06.mp4,p16,f,test,30
Walk_p03_r42_v04_c05.mp4,p03,m,train,30
Sitdown_p14_r00_v09_c02.mp4,p14,m,test,25
WatchTV_p10_r00_v02_c05.mp4,p10,f,test,31
Walk_p09_r00_v07_c04.mp4,p09,m,train,30
Usetelephone_p03_r00_v13_c01.mp4,p03,m,train,29
Walk_p03_r20_v04_c05.mp4,p03,m,train,30
Readbook_p17_r07_v09_c01.mp4,p17,m,train,24
Usetelephone_p13_r00_v10_c01.mp4,p13,f,train,29
Cook.Stir_p13_r04_v23_c07.mp4,p13,f,train,4
Walk_p14_r17_v10_c02.mp4,p14,m,test,30
Walk_p10_r03_v12_c06.mp4,p10,f,test,30
Walk_p14_r14_v02_c05.mp4,p14,m,test,30
Drink.Fromcup_p14_r05_v01_c04.mp4,p14,m,test,9
Enter_p03_r02_v19_c04.mp4,p03,m,train,13
Walk_p13_r15_v04_c04.mp4,p13,f,train,30
Walk_p25_r10_v03_c05.mp4,p25,f,train,30
Readbook_p04_r00_v13_c02.mp4,p04,f,train,24
Cook.Cleanup_p11_r00_v12_c06.mp4,p11,f,test,2
Takepills_p02_r00_v02_c03.mp4,p02,f,test,26
Walk_p14_r16_v05_c05.mp4,p14,m,test,30
Drink.Frombottle_p10_r02_v01_c05.mp4,p10,f,test,7
Eat.Attable_p13_r03_v19_c01.mp4,p13,f,train,11
Walk_p15_r16_v02_c04.mp4,p15,m,train,30
Cook.Cleanup_p06_r02_v13_c03.mp4,p06,f,train,2
Enter_p07_r00_v07_c04.mp4,p07,f,train,13
Drink.Fromcan_p03_r03_v08_c05.mp4,p03,m,train,8
Drink.Fromcup_p04_r10_v09_c02.mp4,p04,f,train,9
Sitdown_p15_r03_v11_c02.mp4,p15,m,train,25
Sitdown_p10_r07_v07_c05.mp4,p10,f,test,25
Walk_p07_r11_v21_c07.mp4,p07,f,train,30
Walk_p04_r01_v15_c03.mp4,p04,f,train,30
Sitdown_p10_r01_v03_c04.mp4,p10,f,test,25
Cook.Cleanup_p07_r00_v21_c07.mp4,p07,f,train,2
Walk_p04_r01_v17_c07.mp4,p04,f,train,30
Drink.Fromcan_p12_r03_v03_c04.mp4,p12,f,train,8
Takepills_p14_r00_v07_c04.mp4,p14,m,test,26
Sitdown_p06_r00_v06_c04.mp4,p06,f,train,25
Walk_p15_r23_v02_c04.mp4,p15,m,train,30
Drink.Frombottle_p14_r00_v11_c01.mp4,p14,m,test,7
WatchTV_p13_r00_v25_c05.mp4,p13,f,train,31
Cutbread_p06_r00_v07_c01.mp4,p06,f,train,6
Walk_p15_r15_v13_c06.mp4,p15,m,train,30
Uselaptop_p15_r01_v09_c02.mp4,p15,m,train,27
Walk_p09_r04_v12_c03.mp4,p09,m,train,30
Uselaptop_p13_r00_v03_c04.mp4,p13,f,train,27
Getup_p10_r04_v01_c05.mp4,p10,f,test,14
Walk_p12_r12_v04_c05.mp4,p12,f,train,30
Walk_p12_r12_v13_c06.mp4,p12,f,train,30
Walk_p16_r03_v14_c03.mp4,p16,f,test,30
Uselaptop_p19_r00_v02_c05.mp4,p19,f,train,27
Getup_p03_r03_v13_c02.mp4,p03,m,train,14
Leave_p06_r00_v02_c04.mp4,p06,f,train,16
Drink.Fromcup_p03_r02_v04_c04.mp4,p03,m,train,9
Pour.Frombottle_p17_r00_v04_c04.mp4,p17,m,train,21
Drink.Fromcup_p10_r12_v02_c04.mp4,p10,f,test,9
Eat.Attable_p06_r05_v07_c02.mp4,p06,f,train,11
Walk_p07_r01_v01_c05.mp4,p07,f,train,30
Cook.Stir_p25_r03_v16_c06.mp4,p25,f,train,4
Sitdown_p04_r04_v04_c05.mp4,p04,f,train,25
Sitdown_p10_r10_v01_c04.mp4,p10,f,test,25
Readbook_p14_r02_v12_c02.mp4,p14,m,test,24
Eat.Attable_p16_r09_v06_c02.mp4,p16,f,test,11
Laydown_p19_r00_v03_c05.mp4,p19,f,train,15
Drink.Fromcup_p17_r00_v09_c01.mp4,p17,m,train,9
Cook.Cleandishes_p18_r04_v13_c03.mp4,p18,m,test,1
Drink.Fromcup_p15_r00_v17_c03.mp4,p15,m,train,9
Readbook_p19_r05_v08_c02.mp4,p19,f,train,24
Drink.Fromcup_p04_r02_v17_c06.mp4,p04,f,train,9
Walk_p15_r05_v05_c04.mp4,p15,m,train,30
Getup_p10_r05_v06_c05.mp4,p10,f,test,14
Sitdown_p25_r03_v10_c02.mp4,p25,f,train,25
Pour.Frombottle_p06_r00_v02_c05.mp4,p06,f,train,21
Walk_p03_r08_v13_c02.mp4,p03,m,train,30
Pour.Fromcan_p03_r03_v18_c03.mp4,p03,m,train,22
Walk_p15_r01_v07_c05.mp4,p15,m,train,30
Walk_p16_r19_v12_c06.mp4,p16,f,test,30
Walk_p20_r06_v03_c05.mp4,p20,f,test,30
Sitdown_p16_r00_v07_c02.mp4,p16,f,test,25
Sitdown_p10_r04_v09_c01.mp4,p10,f,test,25
Readbook_p16_r01_v04_c04.mp4,p16,f,test,24
Walk_p20_r03_v16_c07.mp4,p20,f,test,30
Walk_p20_r00_v13_c03.mp4,p20,f,test,30
Drink.Fromcup_p15_r07_v08_c02.mp4,p15,m,train,9
Walk_p06_r00_v07_c02.mp4,p06,f,train,30
Sitdown_p10_r03_v02_c05.mp4,p10,f,test,25
Getup_p17_r00_v09_c02.mp4,p17,m,train,14
Readbook_p02_r05_v02_c07.mp4,p02,f,test,24
Walk_p19_r14_v05_c05.mp4,p19,f,train,30
Usetelephone_p12_r00_v14_c05.mp4,p12,f,train,29
Walk_p16_r05_v14_c06.mp4,p16,f,test,30
WatchTV_p06_r02_v03_c04.mp4,p06,f,train,31
Walk_p07_r08_v21_c06.mp4,p07,f,train,30
Cook.Cut_p15_r03_v15_c06.mp4,p15,m,train,3
Cook.Cleandishes_p11_r03_v11_c07.mp4,p11,f,test,1
Walk_p20_r05_v16_c07.mp4,p20,f,test,30
Eat.Attable_p18_r17_v09_c02.mp4,p18,m,test,11
Walk_p18_r06_v10_c02.mp4,p18,m,test,30
Drink.Fromcan_p14_r01_v06_c05.mp4,p14,m,test,8
Walk_p03_r09_v02_c05.mp4,p03,m,train,30
Walk_p14_r08_v12_c02.mp4,p14,m,test,30
Usetelephone_p12_r00_v04_c05.mp4,p12,f,train,29
Getup_p16_r01_v10_c01.mp4,p16,f,test,14
Makecoffee.Pourgrains_p02_r00_v16_c06.mp4,p02,f,test,17
Walk_p14_r00_v08_c04.mp4,p14,m,test,30
Eat.Attable_p04_r23_v08_c02.mp4,p04,f,train,11
Leave_p04_r00_v14_c07.mp4,p04,f,train,16
WatchTV_p19_r05_v05_c05.mp4,p19,f,train,31
Walk_p04_r00_v11_c02.mp4,p04,f,train,30
Sitdown_p14_r05_v10_c02.mp4,p14,m,test,25
Getup_p14_r09_v02_c04.mp4,p14,m,test,14
Getup_p14_r01_v10_c01.mp4,p14,m,test,14
Readbook_p19_r03_v08_c01.mp4,p19,f,train,24
Walk_p15_r33_v16_c06.mp4,p15,m,train,30
Takepills_p25_r00_v05_c05.mp4,p25,f,train,26
Takepills_p10_r00_v09_c01.mp4,p10,f,test,26
Cook.Cleandishes_p07_r09_v20_c03.mp4,p07,f,train,1
Cook.Stir_p10_r00_v12_c03.mp4,p10,f,test,4
Laydown_p14_r03_v02_c05.mp4,p14,m,test,15
Eat.Snack_p09_r08_v13_c06.mp4,p09,m,train,12
Cook.Cleanup_p17_r01_v15_c06.mp4,p17,m,train,2
Sitdown_p19_r01_v09_c02.mp4,p19,f,train,25
Walk_p02_r03_v01_c06.mp4,p02,f,test,30
Maketea.Insertteabag_p18_r02_v14_c03.mp4,p18,m,test,20
Getup_p25_r01_v02_c04.mp4,p25,f,train,14
Drink.Fromcup_p25_r03_v03_c05.mp4,p25,f,train,9
Getup_p04_r03_v04_c04.mp4,p04,f,train,14
Sitdown_p25_r04_v11_c01.mp4,p25,f,train,25
Drink.Fromcup_p04_r01_v15_c07.mp4,p04,f,train,9
Usetelephone_p13_r03_v10_c01.mp4,p13,f,train,29
Cook.Stir_p15_r01_v15_c07.mp4,p15,m,train,4
Cook.Cleanup_p17_r05_v15_c03.mp4,p17,m,train,2
Drink.Frombottle_p15_r00_v12_c02.mp4,p15,m,train,7
Drink.Fromcup_p16_r01_v13_c03.mp4,p16,f,test,9
Cook.Cleandishes_p25_r00_v16_c03.mp4,p25,f,train,1
WatchTV_p14_r05_v08_c05.mp4,p14,m,test,31
Maketea.Boilwater_p15_r02_v14_c06.mp4,p15,m,train,19
Drink.Fromcan_p04_r09_v03_c04.mp4,p04,f,train,8
Walk_p15_r03_v12_c01.mp4,p15,m,train,30
Eat.Snack_p10_r00_v12_c03.mp4,p10,f,test,12
Sitdown_p02_r07_v09_c05.mp4,p02,f,test,25
Drink.Fromcup_p03_r02_v15_c03.mp4,p03,m,train,9
Makecoffee.Pourgrains_p18_r01_v13_c03.mp4,p18,m,test,17
Walk_p15_r01_v14_c03.mp4,p15,m,train,30
Drink.Fromcup_p19_r08_v04_c04.mp4,p19,f,train,9
Walk_p12_r05_v05_c05.mp4,p12,f,train,30
Laydown_p25_r01_v03_c04.mp4,p25,f,train,15
Getup_p09_r04_v01_c05.mp4,p09,m,train,14
Drink.Fromcup_p13_r03_v12_c01.mp4,p13,f,train,9
Sitdown_p18_r00_v09_c02.mp4,p18,m,test,25
Leave_p06_r00_v15_c01.mp4,p06,f,train,16
Leave_p10_r00_v05_c05.mp4,p10,f,test,16
Cook.Stir_p06_r02_v13_c07.mp4,p06,f,train,4
Drink.Fromglass_p03_r03_v18_c03.mp4,p03,m,train,10
Makecoffee.Pourwater_p11_r00_v12_c03.mp4,p11,f,test,18
Sitdown_p14_r10_v01_c05.mp4,p14,m,test,25
Drink.Fromcan_p04_r07_v03_c05.mp4,p04,f,train,8
Uselaptop_p11_r00_v15_c01.mp4,p11,f,test,27
Pour.Frombottle_p25_r01_v04_c05.mp4,p25,f,train,21
Walk_p17_r13_v10_c02.mp4,p17,m,train,30
Drink.Fromcup_p04_r13_v05_c05.mp4,p04,f,train,9
Walk_p16_r05_v07_c02.mp4,p16,f,test,30
Walk_p02_r00_v08_c05.mp4,p02,f,test,30
Drink.Fromcup_p14_r04_v12_c02.mp4,p14,m,test,9
Walk_p03_r12_v04_c05.mp4,p03,m,train,30
Cook.Stir_p15_r04_v16_c06.mp4,p15,m,train,4
Walk_p25_r04_v09_c02.mp4,p25,f,train,30
Usetelephone_p10_r01_v11_c07.mp4,p10,f,test,29
Walk_p12_r00_v12_c07.mp4,p12,f,train,30
Uselaptop_p15_r02_v09_c02.mp4,p15,m,train,27
Usetelephone_p06_r01_v09_c02.mp4,p06,f,train,29
Readbook_p02_r00_v17_c05.mp4,p02,f,test,24
Walk_p13_r01_v23_c07.mp4,p13,f,train,30
Drink.Fromcup_p06_r07_v03_c04.mp4,p06,f,train,9
Readbook_p04_r03_v08_c01.mp4,p04,f,train,24
Enter_p06_r02_v14_c02.mp4,p06,f,train,13
Makecoffee.Pourwater_p03_r01_v16_c07.mp4,p03,m,train,18
Walk_p16_r01_v05_c04.mp4,p16,f,test,30
Sitdown_p06_r00_v15_c02.mp4,p06,f,train,25
Readbook_p03_r01_v05_c05.mp4,p03,m,train,24
Walk_p15_r11_v15_c06.mp4,p15,m,train,30
Drink.Fromcup_p20_r12_v02_c05.mp4,p20,f,test,9
Uselaptop_p17_r02_v08_c02.mp4,p17,m,train,27
Cook.Cleandishes_p07_r15_v20_c03.mp4,p07,f,train,1
Uselaptop_p11_r00_v06_c04.mp4,p11,f,test,27
Sitdown_p11_r06_v03_c04.mp4,p11,f,test,25
Walk_p12_r10_v05_c04.mp4,p12,f,train,30
Sitdown_p25_r01_v11_c02.mp4,p25,f,train,25
Walk_p17_r07_v11_c07.mp4,p17,m,train,30
Eat.Attable_p16_r00_v06_c01.mp4,p16,f,test,11
Drink.Fromcup_p13_r03_v20_c03.mp4,p13,f,train,9
Walk_p12_r05_v03_c05.mp4,p12,f,train,30
Drink.Fromcup_p04_r04_v01_c05.mp4,p04,f,train,9
Walk_p11_r04_v11_c07.mp4,p11,f,test,30
Drink.Frombottle_p03_r06_v05_c05.mp4,p03,m,train,7
Walk_p14_r19_v06_c05.mp4,p14,m,test,30
WatchTV_p17_r00_v02_c05.mp4,p17,m,train,31
Cook.Cleandishes_p17_r02_v12_c03.mp4,p17,m,train,1
Enter_p03_r02_v02_c04.mp4,p03,m,train,13
Getup_p03_r03_v11_c01.mp4,p03,m,train,14
Cook.Cleanup_p06_r04_v13_c06.mp4,p06,f,train,2
Drink.Fromcan_p07_r02_v10_c02.mp4,p07,f,train,8
Drink.Fromcup_p19_r24_v07_c01.mp4,p19,f,train,9
Sitdown_p03_r05_v07_c05.mp4,p03,m,train,25
Walk_p18_r06_v08_c05.mp4,p18,m,test,30
Laydown_p25_r04_v05_c05.mp4,p25,f,train,15
Cook.Cleandishes_p06_r02_v13_c03.mp4,p06,f,train,1
Cook.Cleanup_p11_r01_v13_c03.mp4,p11,f,test,2
Enter_p04_r01_v07_c05.mp4,p04,f,train,13
Walk_p16_r03_v12_c06.mp4,p16,f,test,30
Walk_p13_r04_v13_c02.mp4,p13,f,train,30
Cook.Cleanup_p07_r10_v20_c06.mp4,p07,f,train,2
WatchTV_p09_r08_v05_c04.mp4,p09,m,train,31
Cook.Usestove_p06_r02_v13_c03.mp4,p06,f,train,5
Readbook_p03_r02_v11_c01.mp4,p03,m,train,24
Walk_p18_r13_v05_c05.mp4,p18,m,test,30
Walk_p07_r00_v12_c02.mp4,p07,f,train,30
Enter_p14_r02_v02_c04.mp4,p14,m,test,13
Cook.Cut_p20_r06_v16_c07.mp4,p20,f,test,3
Pour.Fromcan_p15_r00_v11_c02.mp4,p15,m,train,22
Readbook_p17_r03_v04_c04.mp4,p17,m,train,24
Uselaptop_p10_r00_v02_c04.mp4,p10,f,test,27
Eat.Snack_p06_r02_v11_c02.mp4,p06,f,train,12
Walk_p03_r07_v15_c03.mp4,p03,m,train,30
Drink.Fromcup_p07_r11_v21_c06.mp4,p07,f,train,9
Walk_p03_r17_v03_c05.mp4,p03,m,train,30
Walk_p17_r02_v08_c02.mp4,p17,m,train,30
Drink.Frombottle_p10_r00_v14_c03.mp4,p10,f,test,7
Drink.Fromcup_p04_r05_v09_c01.mp4,p04,f,train,9
Walk_p14_r10_v08_c04.mp4,p14,m,test,30
Cutbread_p25_r00_v17_c02.mp4,p25,f,train,6
Walk_p07_r01_v20_c06.mp4,p07,f,train,30
Uselaptop_p13_r01_v13_c01.mp4,p13,f,train,27
Cook.Cleandishes_p13_r00_v20_c03.mp4,p13,f,train,1
Walk_p09_r10_v12_c03.mp4,p09,m,train,30
Walk_p17_r08_v08_c02.mp4,p17,m,train,30
Laydown_p25_r06_v03_c05.mp4,p25,f,train,15
WatchTV_p17_r02_v01_c05.mp4,p17,m,train,31
Laydown_p12_r02_v03_c04.mp4,p12,f,train,15
Drink.Fromcup_p03_r00_v08_c05.mp4,p03,m,train,9
Readbook_p25_r01_v02_c04.mp4,p25,f,train,24
Drink.Fromglass_p13_r01_v07_c04.mp4,p13,f,train,10
Eat.Snack_p03_r01_v16_c06.mp4,p03,m,train,12
Cook.Usestove_p09_r07_v13_c03.mp4,p09,m,train,5
Sitdown_p16_r03_v07_c01.mp4,p16,f,test,25
Sitdown_p10_r01_v06_c05.mp4,p10,f,test,25
Sitdown_p14_r00_v08_c04.mp4,p14,m,test,25
Walk_p14_r12_v04_c05.mp4,p14,m,test,30
Walk_p13_r05_v24_c05.mp4,p13,f,train,30
Leave_p06_r01_v27_c01.mp4,p06,f,train,16
Leave_p06_r02_v14_c02.mp4,p06,f,train,16
Drink.Fromcup_p15_r00_v05_c04.mp4,p15,m,train,9
Readbook_p15_r05_v01_c04.mp4,p15,m,train,24
Leave_p13_r01_v04_c04.mp4,p13,f,train,16
Walk_p15_r03_v11_c02.mp4,p15,m,train,30
Cook.Stir_p25_r07_v16_c07.mp4,p25,f,train,4
Walk_p25_r19_v05_c05.mp4,p25,f,train,30
Walk_p15_r16_v16_c07.mp4,p15,m,train,30
Pour.Frombottle_p09_r00_v01_c05.mp4,p09,m,train,21
Walk_p03_r02_v16_c07.mp4,p03,m,train,30
Drink.Fromcup_p10_r10_v10_c01.mp4,p10,f,test,9
Usetelephone_p13_r01_v10_c02.mp4,p13,f,train,29
Walk_p02_r03_v16_c06.mp4,p02,f,test,30
Enter_p06_r00_v05_c04.mp4,p06,f,train,13
Walk_p12_r11_v06_c05.mp4,p12,f,train,30
Laydown_p14_r05_v02_c05.mp4,p14,m,test,15
Eat.Attable_p02_r12_v11_c01.mp4,p02,f,test,11
Walk_p09_r01_v11_c01.mp4,p09,m,train,30
Walk_p12_r00_v07_c05.mp4,p12,f,train,30
Walk_p07_r09_v06_c03.mp4,p07,f,train,30
Uselaptop_p04_r02_v03_c05.mp4,p04,f,train,27
Walk_p14_r08_v07_c04.mp4,p14,m,test,30
Walk_p11_r21_v05_c04.mp4,p11,f,test,30
Sitdown_p04_r02_v08_c02.mp4,p04,f,train,25
Cook.Cleandishes_p10_r03_v14_c06.mp4,p10,f,test,1
Eat.Attable_p04_r13_v08_c01.mp4,p04,f,train,11
Drink.Fromcan_p14_r00_v08_c04.mp4,p14,m,test,8
Sitdown_p17_r05_v03_c05.mp4,p17,m,train,25
Eat.Attable_p09_r33_v08_c01.mp4,p09,m,train,11
Cook.Cleandishes_p10_r02_v11_c06.mp4,p10,f,test,1
Drink.Fromcan_p03_r09_v02_c04.mp4,p03,m,train,8
Drink.Fromcup_p06_r00_v02_c04.mp4,p06,f,train,9
Takepills_p12_r00_v05_c04.mp4,p12,f,train,26
Drink.Fromglass_p25_r00_v09_c01.mp4,p25,f,train,10
Cook.Stir_p25_r06_v15_c06.mp4,p25,f,train,4
Readbook_p06_r00_v14_c01.mp4,p06,f,train,24
Cook.Cut_p20_r05_v16_c07.mp4,p20,f,test,3
Sitdown_p06_r00_v06_c05.mp4,p06,f,train,25
Drink.Fromcup_p19_r04_v08_c01.mp4,p19,f,train,9
Eat.Snack_p12_r02_v07_c04.mp4,p12,f,train,12
Sitdown_p14_r01_v05_c05.mp4,p14,m,test,25
Drink.Fromcup_p17_r08_v01_c05.mp4,p17,m,train,9
Cook.Stir_p09_r11_v13_c03.mp4,p09,m,train,4
Drink.Fromcan_p11_r09_v09_c01.mp4,p11,f,test,8
Drink.Fromcup_p14_r02_v08_c05.mp4,p14,m,test,9
Drink.Fromcup_p12_r07_v01_c04.mp4,p12,f,train,9
Walk_p10_r08_v01_c05.mp4,p10,f,test,30
Drink.Fromcup_p15_r00_v11_c02.mp4,p15,m,train,9
Leave_p19_r01_v05_c05.mp4,p19,f,train,16
Drink.Fromcup_p13_r08_v19_c01.mp4,p13,f,train,9
Leave_p04_r03_v05_c04.mp4,p04,f,train,16
Makecoffee.Pourgrains_p11_r00_v12_c03.mp4,p11,f,test,17
Walk_p20_r01_v15_c07.mp4,p20,f,test,30
Drink.Fromcup_p09_r00_v05_c05.mp4,p09,m,train,9
Drink.Fromcup_p09_r00_v15_c06.mp4,p09,m,train,9
Eat.Attable_p17_r07_v10_c02.mp4,p17,m,train,11
Uselaptop_p15_r02_v11_c02.mp4,p15,m,train,27
Walk_p11_r04_v13_c03.mp4,p11,f,test,30
Makecoffee.Pourgrains_p17_r00_v12_c03.mp4,p17,m,train,17
Walk_p04_r03_v07_c05.mp4,p04,f,train,30
Drink.Fromcup_p10_r07_v07_c04.mp4,p10,f,test,9
Walk_p16_r08_v14_c06.mp4,p16,f,test,30
Cook.Stir_p09_r11_v13_c06.mp4,p09,m,train,4
Drink.Fromcup_p12_r00_v02_c04.mp4,p12,f,train,9
Cook.Cleandishes_p04_r00_v17_c06.mp4,p04,f,train,1
Usetelephone_p14_r00_v08_c04.mp4,p14,m,test,29
Usetelephone_p16_r00_v13_c06.mp4,p16,f,test,29
Cook.Cut_p19_r06_v12_c06.mp4,p19,f,train,3
Walk_p03_r03_v13_c02.mp4,p03,m,train,30
Drink.Fromcup_p18_r01_v14_c03.mp4,p18,m,test,9
Eat.Snack_p06_r00_v06_c05.mp4,p06,f,train,12
Walk_p07_r00_v07_c04.mp4,p07,f,train,30
Drink.Fromcup_p12_r04_v01_c04.mp4,p12,f,train,9
Leave_p11_r00_v04_c04.mp4,p11,f,test,16
Walk_p25_r15_v04_c05.mp4,p25,f,train,30
Enter_p16_r00_v04_c04.mp4,p16,f,test,13
Enter_p16_r00_v15_c03.mp4,p16,f,test,13
Walk_p18_r01_v15_c07.mp4,p18,m,test,30
Usetelephone_p19_r01_v04_c05.mp4,p19,f,train,29
Cook.Cleanup_p10_r00_v13_c06.mp4,p10,f,test,2
Drink.Fromcup_p10_r16_v02_c04.mp4,p10,f,test,9
Readbook_p16_r03_v08_c02.mp4,p16,f,test,24
Walk_p06_r06_v13_c07.mp4,p06,f,train,30
Walk_p16_r13_v14_c06.mp4,p16,f,test,30
Walk_p06_r02_v05_c04.mp4,p06,f,train,30
WatchTV_p06_r01_v05_c05.mp4,p06,f,train,31
WatchTV_p07_r04_v04_c05.mp4,p07,f,train,31
Drink.Fromcup_p15_r04_v14_c06.mp4,p15,m,train,9
Getup_p06_r01_v14_c02.mp4,p06,f,train,14
Getup_p14_r05_v01_c05.mp4,p14,m,test,14
Readbook_p11_r10_v01_c04.mp4,p11,f,test,24
Readbook_p13_r02_v12_c01.mp4,p13,f,train,24
Drink.Fromcup_p15_r11_v08_c02.mp4,p15,m,train,9
Enter_p06_r00_v13_c06.mp4,p06,f,train,13
Getup_p10_r09_v03_c04.mp4,p10,f,test,14
Walk_p13_r04_v23_c06.mp4,p13,f,train,30
Sitdown_p02_r03_v07_c04.mp4,p02,f,test,25
Leave_p13_r00_v23_c07.mp4,p13,f,train,16
Drink.Fromcan_p14_r03_v04_c05.mp4,p14,m,test,8
Walk_p10_r00_v13_c06.mp4,p10,f,test,30
Walk_p17_r19_v03_c05.mp4,p17,m,train,30
Readbook_p10_r02_v06_c05.mp4,p10,f,test,24
Drink.Fromcup_p25_r00_v02_c04.mp4,p25,f,train,9
Drink.Fromcup_p02_r05_v14_c03.mp4,p02,f,test,9
Makecoffee.Pourgrains_p06_r01_v12_c03.mp4,p06,f,train,17
Drink.Fromcup_p15_r00_v01_c04.mp4,p15,m,train,9
Leave_p06_r00_v27_c01.mp4,p06,f,train,16
Walk_p07_r01_v06_c06.mp4,p07,f,train,30
Drink.Fromcup_p17_r08_v09_c02.mp4,p17,m,train,9
Walk_p04_r07_v16_c07.mp4,p04,f,train,30
Usetelephone_p03_r00_v02_c04.mp4,p03,m,train,29
Drink.Fromcup_p14_r01_v05_c04.mp4,p14,m,test,9
Pour.Frombottle_p17_r01_v09_c01.mp4,p17,m,train,21
Drink.Fromcup_p10_r08_v02_c05.mp4,p10,f,test,9
Sitdown_p02_r07_v08_c04.mp4,p02,f,test,25
Usetelephone_p03_r01_v02_c04.mp4,p03,m,train,29
Cook.Cleanup_p07_r09_v20_c03.mp4,p07,f,train,2
Sitdown_p14_r02_v10_c01.mp4,p14,m,test,25
Walk_p09_r04_v15_c06.mp4,p09,m,train,30
Walk_p03_r03_v16_c06.mp4,p03,m,train,30
Walk_p16_r05_v03_c05.mp4,p16,f,test,30
WatchTV_p12_r03_v03_c05.mp4,p12,f,train,31
Eat.Attable_p16_r18_v06_c02.mp4,p16,f,test,11
Walk_p03_r00_v03_c04.mp4,p03,m,train,30
Walk_p17_r02_v12_c03.mp4,p17,m,train,30
Walk_p12_r16_v13_c06.mp4,p12,f,train,30
Cook.Cleanup_p07_r01_v06_c06.mp4,p07,f,train,2
Enter_p02_r00_v17_c05.mp4,p02,f,test,13
Drink.Fromcup_p04_r10_v09_c01.mp4,p04,f,train,9
Drink.Fromcup_p10_r01_v06_c04.mp4,p10,f,test,9
Usetablet_p03_r00_v06_c05.mp4,p03,m,train,28
Drink.Fromcan_p02_r01_v08_c04.mp4,p02,f,test,8
Maketea.Boilwater_p06_r01_v12_c06.mp4,p06,f,train,19
Sitdown_p16_r01_v05_c04.mp4,p16,f,test,25
Drink.Fromcup_p15_r01_v08_c01.mp4,p15,m,train,9
Getup_p12_r08_v04_c05.mp4,p12,f,train,14
Walk_p07_r13_v06_c05.mp4,p07,f,train,30
Pour.Frombottle_p14_r00_v05_c05.mp4,p14,m,test,21
Readbook_p18_r02_v07_c05.mp4,p18,m,test,24
Leave_p13_r00_v05_c04.mp4,p13,f,train,16
Usetelephone_p09_r00_v04_c04.mp4,p09,m,train,29
WatchTV_p12_r08_v14_c05.mp4,p12,f,train,31
Drink.Fromcan_p25_r01_v15_c06.mp4,p25,f,train,8
Walk_p25_r06_v04_c04.mp4,p25,f,train,30
Drink.Fromcup_p06_r00_v01_c04.mp4,p06,f,train,9
Walk_p15_r07_v10_c02.mp4,p15,m,train,30
Drink.Fromcup_p03_r01_v15_c03.mp4,p03,m,train,9
Walk_p15_r27_v13_c06.mp4,p15,m,train,30
Walk_p20_r08_v13_c07.mp4,p20,f,test,30
Sitdown_p04_r00_v12_c01.mp4,p04,f,train,25
Walk_p03_r07_v02_c04.mp4,p03,m,train,30
Walk_p07_r01_v06_c05.mp4,p07,f,train,30
Takepills_p03_r01_v04_c04.mp4,p03,m,train,26
Readbook_p12_r01_v03_c05.mp4,p12,f,train,24
Readbook_p17_r03_v08_c01.mp4,p17,m,train,24
Drink.Fromcup_p07_r08_v20_c06.mp4,p07,f,train,9
Uselaptop_p14_r03_v02_c05.mp4,p14,m,test,27
Walk_p19_r10_v05_c05.mp4,p19,f,train,30
Eat.Snack_p19_r08_v09_c02.mp4,p19,f,train,12
Readbook_p09_r01_v01_c04.mp4,p09,m,train,24
Cook.Stir_p16_r03_v14_c03.mp4,p16,f,test,4
Walk_p07_r01_v01_c03.mp4,p07,f,train,30
Cook.Cleanup_p03_r09_v18_c03.mp4,p03,m,train,2
Eat.Snack_p06_r00_v12_c03.mp4,p06,f,train,12
Walk_p14_r07_v15_c07.mp4,p14,m,test,30
Enter_p14_r01_v02_c04.mp4,p14,m,test,13
Makecoffee.Pourwater_p09_r00_v14_c03.mp4,p09,m,train,18
Drink.Fromcup_p13_r04_v19_c01.mp4,p13,f,train,9
Drink.Fromcup_p25_r11_v12_c03.mp4,p25,f,train,9
Getup_p14_r06_v01_c04.mp4,p14,m,test,14
Getup_p14_r09_v05_c05.mp4,p14,m,test,14
Drink.Fromcup_p10_r02_v02_c05.mp4,p10,f,test,9
Walk_p12_r05_v07_c04.mp4,p12,f,train,30
Cook.Stir_p07_r08_v21_c07.mp4,p07,f,train,4
Cook.Usestove_p09_r04_v12_c03.mp4,p09,m,train,5
WatchTV_p12_r09_v02_c05.mp4,p12,f,train,31
Readbook_p03_r03_v19_c05.mp4,p03,m,train,24
Sitdown_p19_r03_v08_c01.mp4,p19,f,train,25
Cook.Cut_p17_r02_v15_c06.mp4,p17,m,train,3
Maketea.Insertteabag_p03_r00_v15_c06.mp4,p03,m,train,20
Uselaptop_p02_r11_v12_c02.mp4,p02,f,test,27
Sitdown_p10_r04_v07_c04.mp4,p10,f,test,25
Walk_p17_r14_v06_c05.mp4,p17,m,train,30
Getup_p25_r03_v10_c02.mp4,p25,f,train,14
Walk_p15_r01_v06_c04.mp4,p15,m,train,30
Uselaptop_p04_r00_v13_c02.mp4,p04,f,train,27
Drink.Fromcup_p02_r01_v11_c02.mp4,p02,f,test,9
Eat.Attable_p09_r00_v09_c01.mp4,p09,m,train,11
Sitdown_p12_r10_v07_c05.mp4,p12,f,train,25
Pour.Frombottle_p13_r00_v25_c04.mp4,p13,f,train,21
Laydown_p14_r07_v02_c04.mp4,p14,m,test,15
Cook.Cleanup_p04_r02_v18_c07.mp4,p04,f,train,2
Cook.Cut_p04_r03_v17_c06.mp4,p04,f,train,3
Walk_p09_r00_v13_c03.mp4,p09,m,train,30
Cook.Stir_p18_r07_v15_c03.mp4,p18,m,test,4
Eat.Attable_p13_r10_v08_c02.mp4,p13,f,train,11
Getup_p14_r21_v05_c05.mp4,p14,m,test,14
Takepills_p17_r01_v09_c01.mp4,p17,m,train,26
Walk_p18_r03_v05_c05.mp4,p18,m,test,30
Getup_p25_r01_v09_c01.mp4,p25,f,train,14
Usetelephone_p25_r00_v11_c02.mp4,p25,f,train,29
Readbook_p03_r02_v02_c05.mp4,p03,m,train,24
Walk_p12_r23_v06_c04.mp4,p12,f,train,30
Walk_p13_r05_v20_c03.mp4,p13,f,train,30
Walk_p04_r00_v18_c06.mp4,p04,f,train,30
Cook.Cleandishes_p03_r03_v18_c03.mp4,p03,m,train,1
Walk_p17_r23_v03_c05.mp4,p17,m,train,30
Walk_p07_r03_v07_c04.mp4,p07,f,train,30
Drink.Fromcup_p14_r01_v13_c02.mp4,p14,m,test,9
Eat.Attable_p04_r23_v08_c01.mp4,p04,f,train,11
Usetablet_p03_r01_v11_c02.mp4,p03,m,train,28
Drink.Fromcup_p19_r03_v02_c05.mp4,p19,f,train,9
Walk_p17_r28_v05_c05.mp4,p17,m,train,30
Walk_p06_r13_v13_c03.mp4,p06,f,train,30
Walk_p02_r04_v07_c05.mp4,p02,f,test,30
Walk_p20_r11_v13_c03.mp4,p20,f,test,30
Walk_p12_r19_v06_c04.mp4,p12,f,train,30
Drink.Fromcup_p16_r02_v04_c04.mp4,p16,f,test,9
Eat.Attable_p07_r34_v08_c01.mp4,p07,f,train,11
Uselaptop_p10_r03_v09_c01.mp4,p10,f,test,27
Leave_p09_r02_v05_c05.mp4,p09,m,train,16
Walk_p15_r12_v04_c05.mp4,p15,m,train,30
Walk_p03_r23_v04_c04.mp4,p03,m,train,30
Enter_p04_r00_v08_c02.mp4,p04,f,train,13
Cook.Cleandishes_p09_r01_v12_c06.mp4,p09,m,train,1
Walk_p15_r10_v11_c02.mp4,p15,m,train,30
Walk_p17_r04_v15_c07.mp4,p17,m,train,30
Cook.Cleanup_p03_r03_v18_c06.mp4,p03,m,train,2
Pour.Frombottle_p17_r00_v09_c01.mp4,p17,m,train,21
Sitdown_p14_r07_v07_c04.mp4,p14,m,test,25
Cook.Stir_p25_r02_v16_c03.mp4,p25,f,train,4
Drink.Fromglass_p25_r01_v10_c01.mp4,p25,f,train,10
Takepills_p15_r01_v11_c02.mp4,p15,m,train,26
Readbook_p16_r01_v06_c02.mp4,p16,f,test,24
Sitdown_p14_r00_v04_c05.mp4,p14,m,test,25
Walk_p25_r02_v04_c05.mp4,p25,f,train,30
Drink.Fromcup_p20_r06_v02_c05.mp4,p20,f,test,9
Drink.Fromcup_p16_r06_v06_c01.mp4,p16,f,test,9
Drink.Fromcup_p13_r07_v05_c04.mp4,p13,f,train,9
Getup_p06_r02_v03_c05.mp4,p06,f,train,14
Walk_p02_r06_v01_c07.mp4,p02,f,test,30
Walk_p15_r02_v15_c03.mp4,p15,m,train,30
Drink.Fromcup_p16_r02_v03_c04.mp4,p16,f,test,9
Laydown_p19_r00_v03_c04.mp4,p19,f,train,15
Makecoffee.Pourgrains_p19_r00_v14_c06.mp4,p19,f,train,17
Leave_p06_r01_v14_c02.mp4,p06,f,train,16
Cook.Cut_p17_r10_v14_c06.mp4,p17,m,train,3
Usetelephone_p12_r01_v05_c05.mp4,p12,f,train,29
Drink.Fromcup_p19_r03_v12_c06.mp4,p19,f,train,9
Drink.Fromcup_p16_r05_v12_c03.mp4,p16,f,test,9
Drink.Frombottle_p07_r00_v09_c01.mp4,p07,f,train,7
Eat.Snack_p15_r02_v16_c06.mp4,p15,m,train,12
Cook.Cleandishes_p07_r04_v06_c06.mp4,p07,f,train,1
Sitdown_p10_r09_v10_c01.mp4,p10,f,test,25
Sitdown_p25_r02_v11_c01.mp4,p25,f,train,25
Getup_p10_r10_v03_c04.mp4,p10,f,test,14
Walk_p07_r07_v04_c05.mp4,p07,f,train,30
Walk_p17_r11_v11_c07.mp4,p17,m,train,30
Drink.Fromcup_p13_r07_v10_c01.mp4,p13,f,train,9
Drink.Fromcup_p16_r03_v14_c03.mp4,p16,f,test,9
Sitdown_p14_r07_v11_c02.mp4,p14,m,test,25
Drink.Fromcup_p19_r17_v07_c01.mp4,p19,f,train,9
Cook.Cleandishes_p11_r03_v11_c03.mp4,p11,f,test,1
Sitdown_p04_r02_v10_c02.mp4,p04,f,train,25
Enter_p04_r00_v01_c05.mp4,p04,f,train,13
Cook.Cleanup_p07_r03_v20_c07.mp4,p07,f,train,2
Eat.Attable_p07_r03_v08_c02.mp4,p07,f,train,11
Walk_p17_r08_v15_c07.mp4,p17,m,train,30
Cook.Cleanup_p06_r02_v12_c06.mp4,p06,f,train,2
Eat.Attable_p13_r10_v19_c01.mp4,p13,f,train,11
Sitdown_p03_r04_v12_c01.mp4,p03,m,train,25
Eat.Attable_p07_r06_v08_c02.mp4,p07,f,train,11
Drink.Fromcup_p16_r02_v07_c01.mp4,p16,f,test,9
Drink.Fromcup_p15_r05_v12_c01.mp4,p15,m,train,9
Cook.Cleanup_p20_r01_v13_c03.mp4,p20,f,test,2
Walk_p17_r09_v09_c02.mp4,p17,m,train,30
Drink.Fromcup_p04_r05_v08_c01.mp4,p04,f,train,9
Walk_p07_r06_v07_c05.mp4,p07,f,train,30
Drink.Fromcup_p04_r04_v15_c06.mp4,p04,f,train,9
Pour.Frombottle_p16_r00_v04_c04.mp4,p16,f,test,21
Eat.Attable_p18_r18_v09_c02.mp4,p18,m,test,11
Walk_p19_r14_v08_c02.mp4,p19,f,train,30
Walk_p04_r20_v05_c04.mp4,p04,f,train,30
Pour.Fromcan_p14_r00_v08_c05.mp4,p14,m,test,22
Walk_p02_r18_v02_c03.mp4,p02,f,test,30
WatchTV_p02_r05_v05_c04.mp4,p02,f,test,31
Drink.Fromcup_p17_r03_v03_c04.mp4,p17,m,train,9
Laydown_p20_r00_v05_c04.mp4,p20,f,test,15
Drink.Fromcan_p14_r02_v06_c05.mp4,p14,m,test,8
Cook.Cleandishes_p04_r00_v15_c06.mp4,p04,f,train,1
WatchTV_p20_r02_v03_c05.mp4,p20,f,test,31
Walk_p11_r00_v15_c01.mp4,p11,f,test,30
Getup_p14_r08_v05_c04.mp4,p14,m,test,14
Drink.Fromcup_p13_r04_v24_c05.mp4,p13,f,train,9
Leave_p07_r01_v21_c06.mp4,p07,f,train,16
Walk_p03_r00_v16_c06.mp4,p03,m,train,30
Cook.Cleandishes_p17_r00_v12_c03.mp4,p17,m,train,1
Drink.Fromglass_p03_r11_v18_c03.mp4,p03,m,train,10
Walk_p15_r22_v13_c06.mp4,p15,m,train,30
Drink.Fromcup_p10_r05_v05_c05.mp4,p10,f,test,9
Drink.Fromcup_p19_r02_v01_c05.mp4,p19,f,train,9
Walk_p18_r01_v01_c05.mp4,p18,m,test,30
Walk_p12_r01_v12_c06.mp4,p12,f,train,30
Walk_p15_r17_v02_c05.mp4,p15,m,train,30
Cook.Stir_p25_r01_v15_c03.mp4,p25,f,train,4
Cook.Cleanup_p07_r10_v20_c03.mp4,p07,f,train,2
Leave_p03_r00_v11_c02.mp4,p03,m,train,16
Walk_p17_r20_v15_c06.mp4,p17,m,train,30
Walk_p15_r07_v17_c06.mp4,p15,m,train,30
Drink.Fromcup_p13_r04_v12_c01.mp4,p13,f,train,9
Cook.Stir_p13_r01_v23_c07.mp4,p13,f,train,4
Sitdown_p10_r03_v09_c01.mp4,p10,f,test,25
Cook.Stir_p10_r03_v12_c03.mp4,p10,f,test,4
Getup_p15_r04_v10_c01.mp4,p15,m,train,14
Eat.Snack_p12_r03_v07_c04.mp4,p12,f,train,12
Walk_p02_r26_v09_c05.mp4,p02,f,test,30
Pour.Fromkettle_p15_r00_v13_c03.mp4,p15,m,train,23
Walk_p14_r01_v13_c02.mp4,p14,m,test,30
Walk_p11_r10_v07_c04.mp4,p11,f,test,30
WatchTV_p10_r00_v02_c04.mp4,p10,f,test,31
Usetelephone_p09_r00_v12_c03.mp4,p09,m,train,29
Makecoffee.Pourgrains_p25_r00_v12_c06.mp4,p25,f,train,17
Leave_p04_r00_v17_c07.mp4,p04,f,train,16
Walk_p16_r04_v12_c07.mp4,p16,f,test,30
Eat.Attable_p16_r10_v06_c01.mp4,p16,f,test,11
Walk_p15_r19_v02_c04.mp4,p15,m,train,30
Cook.Cut_p04_r01_v17_c07.mp4,p04,f,train,3
Readbook_p02_r09_v05_c04.mp4,p02,f,test,24
Walk_p04_r11_v16_c07.mp4,p04,f,train,30
Drink.Fromcup_p14_r03_v04_c05.mp4,p14,m,test,9
Getup_p13_r04_v11_c01.mp4,p13,f,train,14
Drink.Fromcup_p10_r01_v11_c03.mp4,p10,f,test,9
Pour.Frombottle_p09_r01_v01_c05.mp4,p09,m,train,21
Eat.Attable_p07_r17_v08_c01.mp4,p07,f,train,11
Eat.Attable_p02_r22_v11_c02.mp4,p02,f,test,11
Drink.Fromcup_p14_r01_v09_c01.mp4,p14,m,test,9
Sitdown_p18_r01_v12_c01.mp4,p18,m,test,25
Getup_p03_r02_v11_c02.mp4,p03,m,train,14
WatchTV_p07_r01_v05_c05.mp4,p07,f,train,31
Walk_p12_r04_v14_c05.mp4,p12,f,train,30
Walk_p17_r12_v12_c06.mp4,p17,m,train,30
Walk_p15_r41_v16_c06.mp4,p15,m,train,30
Cook.Cleandishes_p20_r01_v13_c03.mp4,p20,f,test,1
Drink.Fromcup_p03_r00_v13_c01.mp4,p03,m,train,9
Walk_p15_r09_v04_c05.mp4,p15,m,train,30
Walk_p13_r04_v05_c04.mp4,p13,f,train,30
Usetelephone_p03_r01_v06_c04.mp4,p03,m,train,29
Drink.Fromcup_p03_r02_v04_c05.mp4,p03,m,train,9
Walk_p11_r01_v11_c03.mp4,p11,f,test,30
Walk_p25_r08_v11_c02.mp4,p25,f,train,30
Drink.Fromcup_p25_r07_v12_c03.mp4,p25,f,train,9
Walk_p14_r04_v13_c02.mp4,p14,m,test,30
Walk_p03_r00_v18_c03.mp4,p03,m,train,30
Eat.Attable_p02_r18_v11_c01.mp4,p02,f,test,11
Eat.Attable_p04_r06_v08_c02.mp4,p04,f,train,11
Drink.Fromcup_p12_r04_v14_c05.mp4,p12,f,train,9
Getup_p17_r05_v09_c02.mp4,p17,m,train,14
Sitdown_p14_r00_v09_c01.mp4,p14,m,test,25
Drink.Fromcan_p09_r03_v04_c04.mp4,p09,m,train,8
Drink.Fromcup_p12_r05_v07_c05.mp4,p12,f,train,9
Drink.Fromcup_p17_r16_v01_c05.mp4,p17,m,train,9
WatchTV_p06_r05_v06_c05.mp4,p06,f,train,31
Drink.Fromcup_p19_r02_v10_c02.mp4,p19,f,train,9
Readbook_p25_r06_v07_c04.mp4,p25,f,train,24
Uselaptop_p14_r00_v02_c05.mp4,p14,m,test,27
Sitdown_p07_r00_v04_c05.mp4,p07,f,train,25
Drink.Fromcup_p10_r00_v07_c04.mp4,p10,f,test,9
Takepills_p14_r00_v04_c04.mp4,p14,m,test,26
Leave_p25_r00_v15_c07.mp4,p25,f,train,16
Readbook_p15_r00_v10_c01.mp4,p15,m,train,24
Cook.Stir_p15_r04_v16_c03.mp4,p15,m,train,4
Drink.Frombottle_p14_r00_v12_c02.mp4,p14,m,test,7
Sitdown_p02_r00_v07_c05.mp4,p02,f,test,25
Sitdown_p14_r00_v10_c02.mp4,p14,m,test,25
Drink.Fromcup_p13_r03_v08_c02.mp4,p13,f,train,9
Walk_p04_r13_v04_c05.mp4,p04,f,train,30
Walk_p25_r20_v15_c06.mp4,p25,f,train,30
Sitdown_p06_r03_v09_c01.mp4,p06,f,train,25
Drink.Fromcup_p14_r12_v05_c04.mp4,p14,m,test,9
Drink.Fromcup_p19_r02_v09_c02.mp4,p19,f,train,9
Takepills_p25_r01_v05_c04.mp4,p25,f,train,26
Drink.Fromcup_p04_r00_v12_c01.mp4,p04,f,train,9
Drink.Fromcup_p04_r00_v15_c06.mp4,p04,f,train,9
Walk_p04_r05_v05_c05.mp4,p04,f,train,30
Drink.Fromcan_p03_r01_v02_c05.mp4,p03,m,train,8
Drink.Fromcup_p13_r07_v20_c07.mp4,p13,f,train,9
Getup_p13_r00_v13_c01.mp4,p13,f,train,14
Walk_p02_r03_v02_c06.mp4,p02,f,test,30
Drink.Fromcup_p14_r05_v05_c05.mp4,p14,m,test,9
Cook.Cleandishes_p06_r01_v13_c03.mp4,p06,f,train,1
Walk_p14_r21_v02_c05.mp4,p14,m,test,30
Walk_p07_r02_v20_c06.mp4,p07,f,train,30
Drink.Fromcup_p20_r04_v02_c05.mp4,p20,f,test,9
Sitdown_p12_r00_v04_c05.mp4,p12,f,train,25
Getup_p20_r01_v11_c01.mp4,p20,f,test,14
Drink.Fromcup_p06_r12_v03_c04.mp4,p06,f,train,9
Leave_p11_r01_v05_c04.mp4,p11,f,test,16
Walk_p14_r02_v03_c05.mp4,p14,m,test,30
Eat.Attable_p07_r27_v08_c02.mp4,p07,f,train,11
Walk_p04_r09_v04_c05.mp4,p04,f,train,30
Drink.Fromcup_p16_r00_v08_c02.mp4,p16,f,test,9
Walk_p03_r35_v02_c05.mp4,p03,m,train,30
Getup_p04_r08_v04_c05.mp4,p04,f,train,14
Sitdown_p06_r00_v07_c01.mp4,p06,f,train,25
Sitdown_p06_r00_v10_c01.mp4,p06,f,train,25
Drink.Fromcup_p04_r03_v05_c05.mp4,p04,f,train,9
Drink.Fromcan_p09_r01_v04_c04.mp4,p09,m,train,8
Walk_p17_r10_v12_c07.mp4,p17,m,train,30
Sitdown_p06_r01_v15_c01.mp4,p06,f,train,25
Getup_p06_r04_v11_c01.mp4,p06,f,train,14
Enter_p04_r01_v07_c04.mp4,p04,f,train,13
Getup_p14_r03_v07_c05.mp4,p14,m,test,14
Walk_p13_r03_v20_c03.mp4,p13,f,train,30
Walk_p09_r03_v13_c06.mp4,p09,m,train,30
Walk_p02_r13_v02_c03.mp4,p02,f,test,30
Getup_p14_r11_v07_c04.mp4,p14,m,test,14
Sitdown_p11_r07_v03_c04.mp4,p11,f,test,25
Walk_p11_r03_v04_c04.mp4,p11,f,test,30
Walk_p25_r17_v15_c06.mp4,p25,f,train,30
Walk_p25_r09_v12_c07.mp4,p25,f,train,30
Drink.Fromcup_p03_r01_v10_c02.mp4,p03,m,train,9
Laydown_p15_r00_v06_c04.mp4,p15,m,train,15
Leave_p06_r00_v11_c01.mp4,p06,f,train,16
Drink.Fromcup_p19_r07_v04_c04.mp4,p19,f,train,9
Readbook_p06_r02_v03_c04.mp4,p06,f,train,24
Readbook_p19_r05_v01_c04.mp4,p19,f,train,24
Drink.Fromcup_p10_r01_v10_c01.mp4,p10,f,test,9
Uselaptop_p11_r06_v09_c01.mp4,p11,f,test,27
Pour.Frombottle_p15_r00_v17_c06.mp4,p15,m,train,21
Usetelephone_p17_r03_v02_c05.mp4,p17,m,train,29
Pour.Frombottle_p10_r00_v13_c06.mp4,p10,f,test,21
Sitdown_p13_r00_v08_c02.mp4,p13,f,train,25
Leave_p25_r00_v14_c03.mp4,p25,f,train,16
Walk_p10_r07_v13_c03.mp4,p10,f,test,30
Walk_p25_r04_v12_c06.mp4,p25,f,train,30
Drink.Fromcup_p19_r06_v08_c02.mp4,p19,f,train,9
Walk_p15_r27_v17_c06.mp4,p15,m,train,30
Sitdown_p17_r02_v06_c05.mp4,p17,m,train,25
Walk_p10_r09_v13_c03.mp4,p10,f,test,30
Drink.Fromcup_p02_r04_v14_c03.mp4,p02,f,test,9
Drink.Fromcup_p25_r09_v14_c06.mp4,p25,f,train,9
Walk_p12_r14_v13_c06.mp4,p12,f,train,30
Drink.Fromcup_p14_r11_v05_c04.mp4,p14,m,test,9
Walk_p03_r00_v07_c04.mp4,p03,m,train,30
Drink.Fromcup_p20_r00_v07_c05.mp4,p20,f,test,9
Drink.Fromcan_p03_r03_v07_c05.mp4,p03,m,train,8
Uselaptop_p17_r05_v08_c01.mp4,p17,m,train,27
Takepills_p14_r00_v03_c05.mp4,p14,m,test,26
Eat.Attable_p13_r07_v19_c01.mp4,p13,f,train,11
Sitdown_p15_r01_v11_c01.mp4,p15,m,train,25
Eat.Attable_p02_r14_v11_c01.mp4,p02,f,test,11
Sitdown_p15_r01_v08_c02.mp4,p15,m,train,25
Uselaptop_p14_r01_v05_c04.mp4,p14,m,test,27
Cook.Stir_p18_r07_v15_c07.mp4,p18,m,test,4
Walk_p13_r07_v04_c04.mp4,p13,f,train,30
Walk_p20_r11_v14_c07.mp4,p20,f,test,30
Drink.Fromcup_p25_r01_v10_c02.mp4,p25,f,train,9
Drink.Frombottle_p15_r00_v16_c03.mp4,p15,m,train,7
Drink.Fromcup_p14_r01_v04_c04.mp4,p14,m,test,9
Walk_p15_r02_v03_c04.mp4,p15,m,train,30
Sitdown_p19_r06_v03_c04.mp4,p19,f,train,25
Cook.Stir_p25_r08_v16_c07.mp4,p25,f,train,4
Drink.Fromcup_p19_r01_v09_c01.mp4,p19,f,train,9
Usetelephone_p03_r01_v19_c05.mp4,p03,m,train,29
Walk_p14_r24_v07_c04.mp4,p14,m,test,30
Drink.Fromcan_p25_r01_v06_c05.mp4,p25,f,train,8
Takepills_p04_r00_v07_c04.mp4,p04,f,train,26
Leave_p25_r03_v05_c05.mp4,p25,f,train,16
Takepills_p04_r02_v04_c04.mp4,p04,f,train,26
Walk_p17_r09_v05_c05.mp4,p17,m,train,30
Enter_p04_r04_v05_c05.mp4,p04,f,train,13
Walk_p09_r00_v14_c06.mp4,p09,m,train,30
Drink.Fromcup_p20_r10_v02_c04.mp4,p20,f,test,9
Walk_p03_r03_v18_c06.mp4,p03,m,train,30
Walk_p13_r14_v04_c04.mp4,p13,f,train,30
Drink.Fromcup_p16_r05_v14_c06.mp4,p16,f,test,9
Walk_p07_r16_v06_c05.mp4,p07,f,train,30
Sitdown_p07_r00_v07_c05.mp4,p07,f,train,25
Drink.Fromcup_p15_r01_v13_c06.mp4,p15,m,train,9
Cook.Cleanup_p17_r04_v15_c03.mp4,p17,m,train,2
WatchTV_p13_r02_v24_c05.mp4,p13,f,train,31
Drink.Fromcup_p14_r08_v04_c05.mp4,p14,m,test,9
Walk_p03_r47_v04_c04.mp4,p03,m,train,30
Walk_p03_r00_v11_c01.mp4,p03,m,train,30
Readbook_p02_r06_v12_c02.mp4,p02,f,test,24
Getup_p10_r13_v03_c04.mp4,p10,f,test,14
Drink.Fromcup_p13_r09_v20_c07.mp4,p13,f,train,9
Walk_p02_r12_v13_c06.mp4,p02,f,test,30
Readbook_p16_r00_v11_c02.mp4,p16,f,test,24
Walk_p07_r02_v05_c05.mp4,p07,f,train,30
Walk_p15_r06_v05_c05.mp4,p15,m,train,30
Walk_p14_r28_v06_c05.mp4,p14,m,test,30
Drink.Fromcup_p16_r01_v01_c05.mp4,p16,f,test,9
Getup_p14_r13_v02_c05.mp4,p14,m,test,14
WatchTV_p12_r05_v04_c05.mp4,p12,f,train,31
Drink.Frombottle_p15_r02_v05_c05.mp4,p15,m,train,7
Sitdown_p15_r01_v02_c04.mp4,p15,m,train,25
Walk_p09_r04_v14_c03.mp4,p09,m,train,30
Enter_p09_r01_v05_c05.mp4,p09,m,train,13
Walk_p15_r28_v16_c06.mp4,p15,m,train,30
Drink.Fromcup_p15_r14_v08_c02.mp4,p15,m,train,9
Pour.Frombottle_p09_r01_v01_c04.mp4,p09,m,train,21
Drink.Fromcup_p06_r05_v12_c03.mp4,p06,f,train,9
Sitdown_p10_r05_v09_c01.mp4,p10,f,test,25
Walk_p19_r10_v04_c05.mp4,p19,f,train,30
Sitdown_p07_r01_v10_c02.mp4,p07,f,train,25
Readbook_p03_r00_v01_c05.mp4,p03,m,train,24
Takepills_p11_r00_v05_c04.mp4,p11,f,test,26
Eat.Snack_p06_r00_v11_c01.mp4,p06,f,train,12
WatchTV_p06_r00_v04_c04.mp4,p06,f,train,31
Enter_p09_r01_v13_c07.mp4,p09,m,train,13
Drink.Fromcup_p04_r01_v11_c02.mp4,p04,f,train,9
Walk_p25_r18_v12_c06.mp4,p25,f,train,30
Walk_p25_r03_v03_c05.mp4,p25,f,train,30
Sitdown_p18_r00_v11_c02.mp4,p18,m,test,25
Walk_p12_r11_v13_c07.mp4,p12,f,train,30
Cook.Stir_p09_r06_v12_c06.mp4,p09,m,train,4
Walk_p03_r02_v06_c04.mp4,p03,m,train,30
Enter_p10_r04_v13_c07.mp4,p10,f,test,13
Enter_p11_r01_v05_c04.mp4,p11,f,test,13
Cook.Cleanup_p07_r02_v22_c06.mp4,p07,f,train,2
WatchTV_p19_r13_v01_c05.mp4,p19,f,train,31
Pour.Fromcan_p15_r00_v09_c02.mp4,p15,m,train,22
WatchTV_p12_r05_v14_c05.mp4,p12,f,train,31
Walk_p04_r01_v04_c04.mp4,p04,f,train,30
Drink.Frombottle_p09_r01_v06_c05.mp4,p09,m,train,7
Eat.Attable_p04_r04_v12_c01.mp4,p04,f,train,11
Pour.Frombottle_p04_r00_v06_c05.mp4,p04,f,train,21
Sitdown_p20_r01_v11_c01.mp4,p20,f,test,25
Walk_p16_r05_v12_c07.mp4,p16,f,test,30
Readbook_p14_r01_v01_c04.mp4,p14,m,test,24
Cook.Cut_p17_r12_v14_c06.mp4,p17,m,train,3
Eat.Attable_p07_r36_v08_c02.mp4,p07,f,train,11
Drink.Fromcan_p16_r00_v07_c01.mp4,p16,f,test,8
Sitdown_p19_r02_v04_c04.mp4,p19,f,train,25
Cook.Stir_p25_r00_v16_c06.mp4,p25,f,train,4
Cook.Cut_p17_r01_v14_c06.mp4,p17,m,train,3
Enter_p13_r00_v05_c04.mp4,p13,f,train,13
Walk_p03_r03_v19_c04.mp4,p03,m,train,30
Walk_p04_r00_v04_c04.mp4,p04,f,train,30
Getup_p02_r02_v07_c05.mp4,p02,f,test,14
Laydown_p15_r00_v02_c05.mp4,p15,m,train,15
Walk_p25_r15_v12_c07.mp4,p25,f,train,30
Sitdown_p12_r02_v06_c05.mp4,p12,f,train,25
Drink.Fromcup_p18_r11_v12_c02.mp4,p18,m,test,9
Drink.Fromcup_p13_r00_v03_c04.mp4,p13,f,train,9
Enter_p09_r01_v05_c04.mp4,p09,m,train,13
Drink.Frombottle_p10_r01_v03_c05.mp4,p10,f,test,7
Getup_p11_r02_v03_c04.mp4,p11,f,test,14
Drink.Fromcup_p02_r02_v04_c04.mp4,p02,f,test,9
Getup_p14_r01_v04_c05.mp4,p14,m,test,14
Walk_p14_r08_v05_c05.mp4,p14,m,test,30
Drink.Fromcup_p13_r00_v11_c01.mp4,p13,f,train,9
Walk_p14_r18_v04_c05.mp4,p14,m,test,30
Drink.Fromcup_p20_r05_v01_c05.mp4,p20,f,test,9
Walk_p10_r10_v13_c03.mp4,p10,f,test,30
Readbook_p02_r07_v04_c04.mp4,p02,f,test,24
Drink.Fromcup_p13_r01_v05_c04.mp4,p13,f,train,9
Eat.Snack_p15_r00_v12_c01.mp4,p15,m,train,12
Walk_p12_r24_v12_c06.mp4,p12,f,train,30
Walk_p25_r25_v12_c06.mp4,p25,f,train,30
Walk_p03_r01_v07_c04.mp4,p03,m,train,30
Drink.Fromcup_p16_r02_v11_c02.mp4,p16,f,test,9
Walk_p02_r05_v09_c05.mp4,p02,f,test,30
Sitdown_p17_r03_v08_c01.mp4,p17,m,train,25
Walk_p11_r02_v13_c03.mp4,p11,f,test,30
Pour.Fromcan_p03_r02_v18_c03.mp4,p03,m,train,22
Walk_p25_r05_v11_c02.mp4,p25,f,train,30
Drink.Fromcup_p13_r09_v11_c01.mp4,p13,f,train,9
Readbook_p16_r08_v02_c04.mp4,p16,f,test,24
Drink.Fromcup_p17_r05_v03_c05.mp4,p17,m,train,9
Walk_p10_r04_v11_c03.mp4,p10,f,test,30
Walk_p15_r00_v08_c02.mp4,p15,m,train,30
Eat.Attable_p18_r15_v09_c02.mp4,p18,m,test,11
Sitdown_p14_r06_v13_c02.mp4,p14,m,test,25
Drink.Fromcup_p10_r05_v06_c04.mp4,p10,f,test,9
Walk_p16_r03_v09_c02.mp4,p16,f,test,30
Walk_p03_r02_v02_c04.mp4,p03,m,train,30
Readbook_p04_r01_v06_c04.mp4,p04,f,train,24
Drink.Fromcup_p04_r06_v16_c03.mp4,p04,f,train,9
Drink.Fromcup_p19_r15_v01_c05.mp4,p19,f,train,9
Sitdown_p04_r01_v05_c05.mp4,p04,f,train,25
Drink.Frombottle_p12_r02_v05_c04.mp4,p12,f,train,7
Maketea.Boilwater_p19_r00_v11_c03.mp4,p19,f,train,19
Readbook_p15_r00_v10_c02.mp4,p15,m,train,24
Drink.Fromcup_p20_r05_v13_c07.mp4,p20,f,test,9
Leave_p06_r00_v02_c05.mp4,p06,f,train,16
Cook.Cleanup_p09_r06_v13_c06.mp4,p09,m,train,2
Drink.Fromcup_p20_r02_v13_c03.mp4,p20,f,test,9
Cook.Stir_p25_r01_v16_c06.mp4,p25,f,train,4
Readbook_p11_r15_v01_c04.mp4,p11,f,test,24
Sitdown_p20_r05_v06_c04.mp4,p20,f,test,25
Cook.Cleandishes_p04_r02_v14_c06.mp4,p04,f,train,1
Leave_p06_r00_v12_c07.mp4,p06,f,train,16
Leave_p04_r01_v05_c04.mp4,p04,f,train,16
Pour.Frombottle_p25_r04_v05_c05.mp4,p25,f,train,21
Leave_p20_r00_v06_c04.mp4,p20,f,test,16
Walk_p03_r01_v15_c07.mp4,p03,m,train,30
Walk_p17_r17_v05_c05.mp4,p17,m,train,30
Uselaptop_p02_r04_v08_c05.mp4,p02,f,test,27
Drink.Fromcup_p12_r04_v12_c06.mp4,p12,f,train,9
Walk_p04_r08_v17_c07.mp4,p04,f,train,30
Drink.Frombottle_p15_r00_v10_c01.mp4,p15,m,train,7
Makecoffee.Pourwater_p11_r01_v12_c03.mp4,p11,f,test,18
Drink.Frombottle_p03_r06_v03_c05.mp4,p03,m,train,7
Getup_p10_r12_v03_c05.mp4,p10,f,test,14
Pour.Fromkettle_p16_r00_v13_c06.mp4,p16,f,test,23
Sitdown_p07_r02_v05_c05.mp4,p07,f,train,25
Drink.Frombottle_p10_r01_v01_c04.mp4,p10,f,test,7
Leave_p04_r00_v07_c05.mp4,p04,f,train,16
Eat.Attable_p13_r17_v09_c01.mp4,p13,f,train,11
Walk_p02_r02_v07_c05.mp4,p02,f,test,30
WatchTV_p18_r00_v08_c05.mp4,p18,m,test,31
Cutbread_p04_r00_v08_c02.mp4,p04,f,train,6
Getup_p14_r05_v11_c01.mp4,p14,m,test,14
Cook.Cleandishes_p04_r02_v17_c03.mp4,p04,f,train,1
Laydown_p14_r01_v02_c05.mp4,p14,m,test,15
Takepills_p10_r00_v07_c04.mp4,p10,f,test,26
Walk_p18_r01_v13_c07.mp4,p18,m,test,30
Sitdown_p13_r03_v12_c02.mp4,p13,f,train,25
Drink.Fromcup_p03_r07_v06_c05.mp4,p03,m,train,9
Walk_p13_r12_v21_c06.mp4,p13,f,train,30
Sitdown_p14_r01_v07_c05.mp4,p14,m,test,25
Drink.Fromcup_p16_r02_v14_c03.mp4,p16,f,test,9
Readbook_p03_r00_v19_c05.mp4,p03,m,train,24
Takepills_p03_r06_v04_c04.mp4,p03,m,train,26
Walk_p09_r01_v07_c05.mp4,p09,m,train,30
Walk_p19_r12_v01_c05.mp4,p19,f,train,30
Usetablet_p20_r01_v02_c04.mp4,p20,f,test,28
Walk_p14_r20_v04_c05.mp4,p14,m,test,30
Walk_p19_r05_v14_c06.mp4,p19,f,train,30
Getup_p07_r02_v09_c01.mp4,p07,f,train,14
Leave_p19_r00_v05_c04.mp4,p19,f,train,16
Drink.Fromcup_p04_r09_v05_c05.mp4,p04,f,train,9
Walk_p09_r02_v04_c05.mp4,p09,m,train,30
Walk_p15_r08_v16_c03.mp4,p15,m,train,30
Drink.Frombottle_p03_r01_v05_c05.mp4,p03,m,train,7
WatchTV_p14_r01_v03_c05.mp4,p14,m,test,31
Usetelephone_p06_r01_v14_c02.mp4,p06,f,train,29
Uselaptop_p04_r03_v03_c05.mp4,p04,f,train,27
Cook.Stir_p25_r06_v16_c03.mp4,p25,f,train,4
Readbook_p04_r06_v01_c04.mp4,p04,f,train,24
Sitdown_p07_r04_v06_c05.mp4,p07,f,train,25
Leave_p06_r00_v04_c05.mp4,p06,f,train,16
Enter_p10_r01_v13_c07.mp4,p10,f,test,13
WatchTV_p15_r04_v03_c05.mp4,p15,m,train,31
Readbook_p13_r01_v07_c04.mp4,p13,f,train,24
Walk_p04_r11_v05_c04.mp4,p04,f,train,30
WatchTV_p09_r03_v06_c05.mp4,p09,m,train,31
Drink.Fromcan_p14_r00_v13_c02.mp4,p14,m,test,8
Drink.Fromcup_p09_r11_v08_c01.mp4,p09,m,train,9
Sitdown_p25_r01_v04_c04.mp4,p25,f,train,25
Readbook_p17_r03_v04_c05.mp4,p17,m,train,24
Walk_p15_r17_v15_c06.mp4,p15,m,train,30
Walk_p20_r00_v03_c05.mp4,p20,f,test,30
Cook.Stir_p06_r02_v13_c03.mp4,p06,f,train,4
Laydown_p09_r00_v02_c04.mp4,p09,m,train,15
Walk_p02_r40_v15_c06.mp4,p02,f,test,30
Walk_p06_r00_v02_c04.mp4,p06,f,train,30
Sitdown_p25_r03_v05_c04.mp4,p25,f,train,25
Eat.Attable_p14_r21_v09_c02.mp4,p14,m,test,11
Readbook_p19_r04_v02_c05.mp4,p19,f,train,24
Sitdown_p17_r01_v09_c02.mp4,p17,m,train,25
Walk_p15_r22_v16_c06.mp4,p15,m,train,30
Readbook_p11_r14_v01_c04.mp4,p11,f,test,24
Laydown_p25_r02_v03_c05.mp4,p25,f,train,15
Getup_p07_r02_v02_c05.mp4,p07,f,train,14
Leave_p10_r00_v13_c03.mp4,p10,f,test,16
Walk_p19_r04_v11_c06.mp4,p19,f,train,30
Drink.Fromcup_p14_r01_v07_c04.mp4,p14,m,test,9
Uselaptop_p03_r05_v03_c05.mp4,p03,m,train,27
Cook.Cleanup_p06_r01_v13_c03.mp4,p06,f,train,2
Sitdown_p17_r00_v03_c04.mp4,p17,m,train,25
Enter_p06_r00_v14_c02.mp4,p06,f,train,13
Walk_p18_r01_v05_c05.mp4,p18,m,test,30
Drink.Fromcup_p09_r01_v08_c01.mp4,p09,m,train,9
Readbook_p13_r02_v05_c04.mp4,p13,f,train,24
Walk_p13_r04_v25_c04.mp4,p13,f,train,30
Getup_p10_r00_v10_c01.mp4,p10,f,test,14
Getup_p18_r01_v03_c05.mp4,p18,m,test,14
Takepills_p10_r01_v07_c05.mp4,p10,f,test,26
Cook.Stir_p16_r03_v14_c07.mp4,p16,f,test,4
Drink.Fromcup_p25_r01_v04_c05.mp4,p25,f,train,9
Walk_p25_r06_v12_c03.mp4,p25,f,train,30
Walk_p06_r06_v12_c07.mp4,p06,f,train,30
Leave_p18_r02_v05_c04.mp4,p18,m,test,16
WatchTV_p17_r07_v02_c05.mp4,p17,m,train,31
Readbook_p16_r06_v09_c02.mp4,p16,f,test,24
Sitdown_p06_r01_v11_c01.mp4,p06,f,train,25
Cook.Stir_p18_r11_v15_c03.mp4,p18,m,test,4
Walk_p03_r03_v07_c05.mp4,p03,m,train,30
Sitdown_p12_r06_v06_c05.mp4,p12,f,train,25
Leave_p13_r00_v07_c04.mp4,p13,f,train,16
Enter_p10_r01_v11_c07.mp4,p10,f,test,13
Drink.Fromcup_p06_r03_v08_c02.mp4,p06,f,train,9
Usetablet_p03_r00_v13_c01.mp4,p03,m,train,28
Walk_p04_r05_v14_c06.mp4,p04,f,train,30
Takepills_p07_r00_v09_c01.mp4,p07,f,train,26
Getup_p15_r02_v02_c04.mp4,p15,m,train,14
Enter_p10_r00_v03_c04.mp4,p10,f,test,13
Walk_p14_r07_v06_c05.mp4,p14,m,test,30
Cook.Cleanup_p03_r10_v18_c06.mp4,p03,m,train,2
WatchTV_p18_r14_v08_c05.mp4,p18,m,test,31
Walk_p18_r16_v05_c05.mp4,p18,m,test,30
Makecoffee.Pourwater_p06_r00_v12_c03.mp4,p06,f,train,18
WatchTV_p16_r16_v02_c05.mp4,p16,f,test,31
Readbook_p03_r01_v07_c04.mp4,p03,m,train,24
Takepills_p16_r00_v15_c03.mp4,p16,f,test,26
Drink.Fromcup_p09_r00_v09_c01.mp4,p09,m,train,9
Readbook_p04_r00_v09_c01.mp4,p04,f,train,24
Eat.Snack_p09_r03_v15_c03.mp4,p09,m,train,12
Drink.Frombottle_p20_r02_v06_c05.mp4,p20,f,test,7
Getup_p11_r01_v05_c04.mp4,p11,f,test,14
Drink.Fromcup_p16_r00_v06_c01.mp4,p16,f,test,9
Usetelephone_p15_r00_v06_c04.mp4,p15,m,train,29
Drink.Fromcup_p03_r07_v04_c04.mp4,p03,m,train,9
Walk_p15_r17_v10_c02.mp4,p15,m,train,30
WatchTV_p25_r05_v01_c05.mp4,p25,f,train,31
Drink.Frombottle_p16_r00_v14_c06.mp4,p16,f,test,7
Drink.Fromcup_p19_r13_v08_c02.mp4,p19,f,train,9
Enter_p02_r01_v01_c07.mp4,p02,f,test,13
Getup_p10_r03_v07_c05.mp4,p10,f,test,14
Drink.Fromcup_p14_r01_v11_c01.mp4,p14,m,test,9
Walk_p15_r28_v17_c06.mp4,p15,m,train,30
Walk_p09_r01_v05_c05.mp4,p09,m,train,30
Sitdown_p15_r02_v05_c05.mp4,p15,m,train,25
Getup_p20_r04_v05_c05.mp4,p20,f,test,14
Getup_p10_r05_v02_c04.mp4,p10,f,test,14
Walk_p04_r14_v05_c04.mp4,p04,f,train,30
Readbook_p17_r00_v02_c04.mp4,p17,m,train,24
Usetablet_p06_r00_v26_c01.mp4,p06,f,train,28
Walk_p03_r40_v02_c04.mp4,p03,m,train,30
Walk_p25_r01_v12_c03.mp4,p25,f,train,30
Walk_p15_r44_v16_c06.mp4,p15,m,train,30
Getup_p25_r04_v06_c04.mp4,p25,f,train,14
Walk_p03_r45_v04_c04.mp4,p03,m,train,30
Walk_p25_r33_v14_c06.mp4,p25,f,train,30
Cook.Cleandishes_p03_r01_v18_c06.mp4,p03,m,train,1
Walk_p03_r05_v12_c01.mp4,p03,m,train,30
Walk_p06_r09_v13_c06.mp4,p06,f,train,30
Sitdown_p14_r01_v13_c01.mp4,p14,m,test,25
Cook.Cleanup_p25_r05_v12_c03.mp4,p25,f,train,2
Walk_p25_r00_v08_c03.mp4,p25,f,train,30
Cook.Stir_p17_r09_v14_c07.mp4,p17,m,train,4
WatchTV_p19_r19_v01_c05.mp4,p19,f,train,31
Walk_p03_r14_v19_c05.mp4,p03,m,train,30
Pour.Fromcan_p13_r00_v11_c01.mp4,p13,f,train,22
Walk_p03_r07_v12_c01.mp4,p03,m,train,30
Uselaptop_p02_r05_v08_c05.mp4,p02,f,test,27
Usetelephone_p04_r03_v04_c04.mp4,p04,f,train,29
Cook.Cleanup_p03_r07_v18_c03.mp4,p03,m,train,2
Walk_p11_r24_v05_c04.mp4,p11,f,test,30
Drink.Fromcup_p13_r03_v11_c02.mp4,p13,f,train,9
Drink.Fromcup_p20_r02_v03_c04.mp4,p20,f,test,9
Walk_p15_r05_v17_c06.mp4,p15,m,train,30
Drink.Fromcan_p03_r02_v02_c05.mp4,p03,m,train,8
Enter_p09_r02_v14_c03.mp4,p09,m,train,13
Walk_p15_r02_v02_c05.mp4,p15,m,train,30
Sitdown_p18_r01_v11_c02.mp4,p18,m,test,25
Readbook_p17_r05_v08_c01.mp4,p17,m,train,24
Sitdown_p19_r03_v01_c04.mp4,p19,f,train,25
Uselaptop_p14_r02_v05_c04.mp4,p14,m,test,27
Drink.Fromcup_p10_r07_v06_c04.mp4,p10,f,test,9
Leave_p15_r00_v13_c03.mp4,p15,m,train,16
Walk_p13_r01_v21_c07.mp4,p13,f,train,30
Walk_p15_r01_v10_c02.mp4,p15,m,train,30
Cook.Stir_p11_r07_v13_c07.mp4,p11,f,test,4
Uselaptop_p13_r00_v10_c02.mp4,p13,f,train,27
Drink.Fromcup_p14_r07_v09_c02.mp4,p14,m,test,9
Walk_p06_r01_v04_c04.mp4,p06,f,train,30
Walk_p04_r12_v17_c06.mp4,p04,f,train,30
Cook.Cut_p06_r01_v13_c03.mp4,p06,f,train,3
Cook.Cleandishes_p11_r01_v13_c06.mp4,p11,f,test,1
Walk_p03_r10_v02_c05.mp4,p03,m,train,30
Uselaptop_p15_r00_v10_c02.mp4,p15,m,train,27
Drink.Fromcup_p13_r13_v11_c01.mp4,p13,f,train,9
Takepills_p07_r00_v09_c02.mp4,p07,f,train,26
Getup_p11_r02_v06_c04.mp4,p11,f,test,14
Walk_p25_r11_v11_c02.mp4,p25,f,train,30
Walk_p25_r14_v04_c04.mp4,p25,f,train,30
Drink.Fromcup_p13_r00_v12_c02.mp4,p13,f,train,9
Drink.Fromcup_p14_r07_v05_c04.mp4,p14,m,test,9
Walk_p03_r03_v12_c01.mp4,p03,m,train,30
Cook.Cleanup_p06_r02_v13_c06.mp4,p06,f,train,2
Usetelephone_p10_r00_v06_c05.mp4,p10,f,test,29
Sitdown_p19_r06_v05_c04.mp4,p19,f,train,25
Drink.Fromcup_p15_r03_v10_c02.mp4,p15,m,train,9
Drink.Fromcup_p03_r02_v11_c02.mp4,p03,m,train,9
Readbook_p15_r02_v04_c04.mp4,p15,m,train,24
Takepills_p10_r01_v14_c06.mp4,p10,f,test,26
Walk_p04_r22_v05_c05.mp4,p04,f,train,30
Eat.Snack_p10_r03_v12_c06.mp4,p10,f,test,12
Readbook_p13_r01_v04_c04.mp4,p13,f,train,24
Walk_p19_r18_v08_c02.mp4,p19,f,train,30
Cook.Cleanup_p11_r00_v13_c03.mp4,p11,f,test,2
Enter_p04_r00_v05_c04.mp4,p04,f,train,13
Walk_p13_r06_v12_c02.mp4,p13,f,train,30
Uselaptop_p12_r00_v06_c05.mp4,p12,f,train,27
Walk_p04_r03_v14_c07.mp4,p04,f,train,30
Eat.Snack_p03_r00_v16_c03.mp4,p03,m,train,12
Getup_p09_r01_v02_c05.mp4,p09,m,train,14
Eat.Attable_p04_r19_v08_c02.mp4,p04,f,train,11
Usetelephone_p20_r02_v06_c05.mp4,p20,f,test,29
Usetablet_p20_r02_v10_c01.mp4,p20,f,test,28
Leave_p09_r02_v11_c01.mp4,p09,m,train,16
Cook.Cleandishes_p07_r03_v22_c03.mp4,p07,f,train,1
Readbook_p19_r12_v08_c02.mp4,p19,f,train,24
Walk_p10_r07_v06_c04.mp4,p10,f,test,30
Drink.Fromcup_p25_r06_v05_c04.mp4,p25,f,train,9
Cook.Stir_p04_r03_v17_c07.mp4,p04,f,train,4
Sitdown_p14_r02_v05_c05.mp4,p14,m,test,25
Cook.Cleandishes_p10_r03_v11_c06.mp4,p10,f,test,1
Uselaptop_p17_r04_v08_c01.mp4,p17,m,train,27
Cook.Stir_p02_r13_v14_c03.mp4,p02,f,test,4
Getup_p06_r00_v11_c01.mp4,p06,f,train,14
Cook.Cleanup_p03_r06_v18_c07.mp4,p03,m,train,2
Enter_p18_r02_v05_c05.mp4,p18,m,test,13
Drink.Fromcup_p03_r05_v15_c03.mp4,p03,m,train,9
Walk_p17_r35_v03_c05.mp4,p17,m,train,30
Eat.Attable_p13_r29_v08_c02.mp4,p13,f,train,11
Walk_p14_r03_v10_c02.mp4,p14,m,test,30
Walk_p17_r04_v10_c02.mp4,p17,m,train,30
Cook.Cleandishes_p10_r05_v12_c06.mp4,p10,f,test,1
Getup_p17_r09_v09_c02.mp4,p17,m,train,14
Eat.Snack_p19_r02_v10_c02.mp4,p19,f,train,12
Uselaptop_p17_r01_v03_c05.mp4,p17,m,train,27
Walk_p25_r09_v10_c02.mp4,p25,f,train,30
Walk_p18_r05_v12_c02.mp4,p18,m,test,30
Usetelephone_p06_r01_v01_c04.mp4,p06,f,train,29
Readbook_p13_r02_v24_c04.mp4,p13,f,train,24
Pour.Frombottle_p25_r02_v05_c05.mp4,p25,f,train,21
Drink.Fromcup_p14_r04_v01_c05.mp4,p14,m,test,9
Leave_p16_r00_v03_c04.mp4,p16,f,test,16
Eat.Attable_p13_r15_v19_c01.mp4,p13,f,train,11
Enter_p11_r01_v12_c06.mp4,p11,f,test,13
Sitdown_p07_r01_v03_c05.mp4,p07,f,train,25
WatchTV_p25_r06_v01_c04.mp4,p25,f,train,31
Cook.Stir_p02_r03_v14_c06.mp4,p02,f,test,4
Eat.Attable_p15_r46_v08_c01.mp4,p15,m,train,11
Walk_p25_r22_v05_c05.mp4,p25,f,train,30
Getup_p14_r00_v11_c01.mp4,p14,m,test,14
Walk_p15_r04_v13_c07.mp4,p15,m,train,30
Readbook_p13_r02_v06_c04.mp4,p13,f,train,24
Usetelephone_p03_r00_v11_c01.mp4,p03,m,train,29
Drink.Fromcup_p14_r03_v11_c02.mp4,p14,m,test,9
Eat.Attable_p16_r14_v06_c02.mp4,p16,f,test,11
Drink.Fromcan_p06_r00_v04_c05.mp4,p06,f,train,8
Drink.Fromcup_p13_r04_v20_c03.mp4,p13,f,train,9
Walk_p25_r01_v15_c03.mp4,p25,f,train,30
WatchTV_p14_r06_v03_c05.mp4,p14,m,test,31
Getup_p10_r02_v07_c05.mp4,p10,f,test,14
Sitdown_p14_r06_v04_c05.mp4,p14,m,test,25
Drink.Fromcup_p16_r17_v12_c03.mp4,p16,f,test,9
Cook.Stir_p07_r07_v21_c07.mp4,p07,f,train,4
Cook.Cleandishes_p04_r05_v18_c06.mp4,p04,f,train,1
Walk_p12_r01_v12_c07.mp4,p12,f,train,30
Sitdown_p10_r06_v01_c04.mp4,p10,f,test,25
Drink.Fromcup_p15_r00_v10_c01.mp4,p15,m,train,9
Cook.Cleanup_p09_r02_v13_c06.mp4,p09,m,train,2
Cook.Cleandishes_p07_r01_v22_c06.mp4,p07,f,train,1
Drink.Fromcup_p19_r04_v02_c04.mp4,p19,f,train,9
Eat.Attable_p07_r17_v08_c02.mp4,p07,f,train,11
Uselaptop_p25_r02_v06_c04.mp4,p25,f,train,27
Drink.Fromcan_p04_r01_v11_c02.mp4,p04,f,train,8
Walk_p04_r26_v05_c05.mp4,p04,f,train,30
Walk_p14_r11_v12_c02.mp4,p14,m,test,30
WatchTV_p12_r04_v07_c05.mp4,p12,f,train,31
Sitdown_p18_r01_v05_c05.mp4,p18,m,test,25
Uselaptop_p10_r02_v02_c05.mp4,p10,f,test,27
Drink.Fromcan_p25_r02_v15_c03.mp4,p25,f,train,8
Readbook_p16_r06_v02_c05.mp4,p16,f,test,24
WatchTV_p18_r05_v08_c05.mp4,p18,m,test,31
Walk_p25_r05_v17_c02.mp4,p25,f,train,30
Walk_p11_r09_v04_c04.mp4,p11,f,test,30
Walk_p02_r02_v14_c03.mp4,p02,f,test,30
Drink.Fromcan_p18_r00_v08_c05.mp4,p18,m,test,8
Leave_p13_r03_v04_c04.mp4,p13,f,train,16
Cook.Cleandishes_p09_r04_v13_c03.mp4,p09,m,train,1
Walk_p04_r11_v16_c06.mp4,p04,f,train,30
WatchTV_p06_r04_v06_c04.mp4,p06,f,train,31
Takepills_p04_r03_v04_c04.mp4,p04,f,train,26
Laydown_p09_r01_v02_c04.mp4,p09,m,train,15
Walk_p19_r15_v03_c05.mp4,p19,f,train,30
Cook.Stir_p09_r17_v12_c03.mp4,p09,m,train,4
Walk_p17_r06_v10_c02.mp4,p17,m,train,30
Walk_p17_r13_v06_c05.mp4,p17,m,train,30
Laydown_p12_r00_v06_c05.mp4,p12,f,train,15
Enter_p11_r00_v02_c04.mp4,p11,f,test,13
Sitdown_p19_r05_v03_c04.mp4,p19,f,train,25
Walk_p15_r07_v07_c05.mp4,p15,m,train,30
Enter_p25_r00_v03_c04.mp4,p25,f,train,13
Sitdown_p04_r05_v03_c05.mp4,p04,f,train,25
Pour.Frombottle_p09_r00_v01_c04.mp4,p09,m,train,21
Drink.Fromcup_p16_r12_v12_c06.mp4,p16,f,test,9
Walk_p06_r05_v13_c03.mp4,p06,f,train,30
Leave_p07_r04_v07_c05.mp4,p07,f,train,16
Drink.Fromcup_p19_r03_v10_c02.mp4,p19,f,train,9
Walk_p15_r02_v14_c06.mp4,p15,m,train,30
Walk_p07_r10_v21_c07.mp4,p07,f,train,30
Eat.Snack_p19_r00_v05_c04.mp4,p19,f,train,12
Walk_p02_r08_v01_c07.mp4,p02,f,test,30
Sitdown_p09_r04_v09_c01.mp4,p09,m,train,25
Enter_p17_r02_v04_c04.mp4,p17,m,train,13
Walk_p04_r02_v11_c02.mp4,p04,f,train,30
Drink.Fromcup_p14_r01_v06_c05.mp4,p14,m,test,9
Enter_p06_r01_v14_c02.mp4,p06,f,train,13
Walk_p11_r17_v05_c04.mp4,p11,f,test,30
Leave_p04_r00_v05_c04.mp4,p04,f,train,16
Walk_p12_r05_v06_c04.mp4,p12,f,train,30
Usetelephone_p13_r01_v24_c04.mp4,p13,f,train,29
Usetelephone_p14_r00_v13_c02.mp4,p14,m,test,29
Walk_p10_r01_v13_c06.mp4,p10,f,test,30
Drink.Fromcup_p09_r00_v01_c04.mp4,p09,m,train,9
Walk_p14_r00_v07_c04.mp4,p14,m,test,30
Walk_p15_r04_v16_c03.mp4,p15,m,train,30
Laydown_p18_r00_v03_c04.mp4,p18,m,test,15
Cook.Stir_p25_r02_v15_c03.mp4,p25,f,train,4
Walk_p09_r07_v13_c03.mp4,p09,m,train,30
Walk_p02_r22_v15_c06.mp4,p02,f,test,30
WatchTV_p02_r02_v17_c05.mp4,p02,f,test,31
Usetelephone_p11_r00_v05_c04.mp4,p11,f,test,29
Sitdown_p16_r00_v02_c05.mp4,p16,f,test,25
Walk_p25_r17_v14_c06.mp4,p25,f,train,30
Sitdown_p19_r00_v08_c02.mp4,p19,f,train,25
Drink.Fromcup_p20_r01_v01_c05.mp4,p20,f,test,9
Walk_p20_r19_v06_c05.mp4,p20,f,test,30
Walk_p04_r04_v14_c03.mp4,p04,f,train,30
Walk_p17_r18_v09_c02.mp4,p17,m,train,30
Cook.Cleandishes_p10_r02_v14_c06.mp4,p10,f,test,1
Enter_p07_r00_v06_c05.mp4,p07,f,train,13
Walk_p25_r12_v14_c07.mp4,p25,f,train,30
Pour.Fromkettle_p02_r00_v01_c06.mp4,p02,f,test,23
Drink.Fromcup_p25_r04_v04_c04.mp4,p25,f,train,9
Walk_p07_r03_v06_c03.mp4,p07,f,train,30
Eat.Attable_p09_r01_v08_c01.mp4,p09,m,train,11
Drink.Fromcan_p06_r03_v11_c02.mp4,p06,f,train,8
Drink.Fromcup_p10_r04_v05_c05.mp4,p10,f,test,9
Sitdown_p18_r06_v12_c02.mp4,p18,m,test,25
Drink.Fromcup_p19_r01_v09_c02.mp4,p19,f,train,9
Drink.Fromglass_p03_r05_v18_c06.mp4,p03,m,train,10
WatchTV_p07_r00_v04_c05.mp4,p07,f,train,31
Readbook_p15_r01_v07_c04.mp4,p15,m,train,24
Readbook_p12_r03_v07_c04.mp4,p12,f,train,24
Walk_p16_r07_v14_c07.mp4,p16,f,test,30
Drink.Fromcup_p02_r04_v02_c03.mp4,p02,f,test,9
Walk_p14_r00_v02_c05.mp4,p14,m,test,30
Drink.Fromcup_p19_r01_v12_c03.mp4,p19,f,train,9
Readbook_p18_r01_v09_c02.mp4,p18,m,test,24
Walk_p25_r16_v12_c06.mp4,p25,f,train,30
Eat.Attable_p02_r00_v11_c02.mp4,p02,f,test,11
Cook.Stir_p17_r04_v14_c03.mp4,p17,m,train,4
Walk_p03_r17_v04_c04.mp4,p03,m,train,30
Sitdown_p07_r02_v06_c05.mp4,p07,f,train,25
Cook.Cleandishes_p16_r14_v12_c07.mp4,p16,f,test,1
Takepills_p10_r04_v03_c04.mp4,p10,f,test,26
Takepills_p19_r00_v04_c05.mp4,p19,f,train,26
Drink.Fromcup_p06_r12_v03_c05.mp4,p06,f,train,9
Sitdown_p09_r05_v04_c05.mp4,p09,m,train,25
Sitdown_p16_r00_v06_c02.mp4,p16,f,test,25
Walk_p14_r29_v02_c05.mp4,p14,m,test,30
Walk_p15_r24_v16_c06.mp4,p15,m,train,30
Drink.Fromcup_p16_r18_v12_c03.mp4,p16,f,test,9
Eat.Snack_p17_r01_v15_c06.mp4,p17,m,train,12
Readbook_p16_r19_v06_c02.mp4,p16,f,test,24
Walk_p15_r05_v04_c05.mp4,p15,m,train,30
Leave_p15_r00_v15_c03.mp4,p15,m,train,16
Getup_p12_r06_v14_c05.mp4,p12,f,train,14
Walk_p02_r00_v02_c03.mp4,p02,f,test,30
Leave_p07_r02_v04_c05.mp4,p07,f,train,16
Drink.Fromcup_p15_r02_v03_c04.mp4,p15,m,train,9
Walk_p14_r06_v05_c05.mp4,p14,m,test,30
Drink.Fromcup_p04_r00_v16_c07.mp4,p04,f,train,9
Walk_p07_r02_v10_c02.mp4,p07,f,train,30
WatchTV_p20_r00_v05_c05.mp4,p20,f,test,31
Leave_p07_r03_v06_c05.mp4,p07,f,train,16
Walk_p17_r05_v15_c07.mp4,p17,m,train,30
Drink.Fromcup_p15_r01_v12_c02.mp4,p15,m,train,9
Leave_p02_r01_v07_c04.mp4,p02,f,test,16
Cook.Stir_p09_r12_v12_c07.mp4,p09,m,train,4
Drink.Fromcup_p19_r11_v03_c05.mp4,p19,f,train,9
WatchTV_p10_r04_v02_c05.mp4,p10,f,test,31
Getup_p19_r06_v05_c05.mp4,p19,f,train,14
Walk_p09_r02_v14_c03.mp4,p09,m,train,30
Walk_p17_r03_v05_c05.mp4,p17,m,train,30
Takepills_p15_r04_v04_c05.mp4,p15,m,train,26
Drink.Fromcup_p07_r04_v08_c02.mp4,p07,f,train,9
Sitdown_p14_r11_v02_c05.mp4,p14,m,test,25
Cook.Cleandishes_p04_r01_v18_c06.mp4,p04,f,train,1
Laydown_p20_r00_v05_c05.mp4,p20,f,test,15
Sitdown_p07_r02_v09_c02.mp4,p07,f,train,25
Takepills_p03_r00_v18_c06.mp4,p03,m,train,26
Drink.Fromcup_p03_r05_v06_c05.mp4,p03,m,train,9
Cook.Cleanup_p06_r01_v12_c07.mp4,p06,f,train,2
Readbook_p03_r10_v02_c05.mp4,p03,m,train,24
Walk_p25_r29_v05_c05.mp4,p25,f,train,30
Walk_p19_r11_v14_c06.mp4,p19,f,train,30
Getup_p13_r02_v13_c02.mp4,p13,f,train,14
Drink.Fromcup_p10_r02_v06_c04.mp4,p10,f,test,9
Sitdown_p12_r07_v07_c04.mp4,p12,f,train,25
WatchTV_p09_r02_v05_c04.mp4,p09,m,train,31
Walk_p11_r15_v05_c04.mp4,p11,f,test,30
Sitdown_p15_r04_v08_c01.mp4,p15,m,train,25
Leave_p07_r06_v06_c05.mp4,p07,f,train,16
Readbook_p17_r06_v02_c04.mp4,p17,m,train,24
Cook.Cleandishes_p07_r07_v20_c06.mp4,p07,f,train,1
Walk_p14_r03_v14_c06.mp4,p14,m,test,30
Cook.Cut_p20_r03_v16_c07.mp4,p20,f,test,3
Walk_p20_r04_v13_c07.mp4,p20,f,test,30
Walk_p13_r10_v20_c03.mp4,p13,f,train,30
Drink.Fromcup_p10_r14_v02_c05.mp4,p10,f,test,9
Readbook_p03_r00_v07_c05.mp4,p03,m,train,24
WatchTV_p10_r06_v07_c05.mp4,p10,f,test,31
Cook.Cleanup_p07_r01_v22_c07.mp4,p07,f,train,2
Sitdown_p19_r04_v10_c02.mp4,p19,f,train,25
Drink.Fromcup_p12_r05_v06_c04.mp4,p12,f,train,9
Drink.Fromcup_p04_r04_v01_c04.mp4,p04,f,train,9
Cook.Cleandishes_p16_r09_v12_c07.mp4,p16,f,test,1
Walk_p11_r05_v13_c07.mp4,p11,f,test,30
Readbook_p06_r03_v07_c01.mp4,p06,f,train,24
Eat.Attable_p16_r36_v06_c02.mp4,p16,f,test,11
Cook.Cleandishes_p09_r06_v13_c06.mp4,p09,m,train,1
Walk_p11_r00_v12_c06.mp4,p11,f,test,30
Pour.Frombottle_p19_r00_v02_c04.mp4,p19,f,train,21
Pour.Fromcan_p15_r02_v10_c01.mp4,p15,m,train,22
Eat.Attable_p13_r06_v09_c01.mp4,p13,f,train,11
Walk_p07_r02_v02_c03.mp4,p07,f,train,30
Readbook_p25_r02_v11_c01.mp4,p25,f,train,24
Enter_p19_r01_v05_c04.mp4,p19,f,train,13
Walk_p07_r03_v06_c05.mp4,p07,f,train,30
Drink.Frombottle_p12_r02_v05_c05.mp4,p12,f,train,7
Usetelephone_p11_r00_v01_c04.mp4,p11,f,test,29
Pour.Fromkettle_p09_r00_v14_c06.mp4,p09,m,train,23
Drink.Fromcup_p20_r00_v01_c04.mp4,p20,f,test,9
WatchTV_p09_r00_v06_c04.mp4,p09,m,train,31
Drink.Fromcup_p20_r03_v03_c05.mp4,p20,f,test,9
Drink.Fromcan_p16_r02_v05_c05.mp4,p16,f,test,8
Drink.Fromcup_p04_r03_v16_c06.mp4,p04,f,train,9
Walk_p17_r30_v05_c05.mp4,p17,m,train,30
Uselaptop_p13_r01_v24_c04.mp4,p13,f,train,27
Walk_p18_r08_v11_c02.mp4,p18,m,test,30
Enter_p09_r02_v11_c01.mp4,p09,m,train,13
Walk_p02_r01_v17_c05.mp4,p02,f,test,30
Getup_p10_r03_v09_c01.mp4,p10,f,test,14
Walk_p15_r03_v12_c02.mp4,p15,m,train,30
Walk_p03_r13_v04_c05.mp4,p03,m,train,30
Getup_p10_r07_v03_c05.mp4,p10,f,test,14
Sitdown_p17_r11_v09_c02.mp4,p17,m,train,25
Cook.Cleandishes_p04_r04_v18_c06.mp4,p04,f,train,1
Cook.Usestove_p09_r01_v13_c03.mp4,p09,m,train,5
Walk_p15_r40_v16_c06.mp4,p15,m,train,30
Cook.Cleandishes_p04_r00_v18_c03.mp4,p04,f,train,1
Enter_p18_r01_v05_c04.mp4,p18,m,test,13
Walk_p19_r00_v10_c02.mp4,p19,f,train,30
Readbook_p02_r05_v05_c04.mp4,p02,f,test,24
Leave_p14_r00_v05_c04.mp4,p14,m,test,16
Enter_p16_r01_v04_c05.mp4,p16,f,test,13
WatchTV_p18_r04_v07_c05.mp4,p18,m,test,31
Drink.Fromcan_p06_r05_v11_c02.mp4,p06,f,train,8
Walk_p15_r00_v15_c03.mp4,p15,m,train,30
Walk_p03_r08_v02_c05.mp4,p03,m,train,30
Eat.Snack_p06_r00_v06_c04.mp4,p06,f,train,12
Drink.Fromcup_p15_r03_v01_c04.mp4,p15,m,train,9
Walk_p25_r03_v09_c02.mp4,p25,f,train,30
Sitdown_p14_r02_v01_c04.mp4,p14,m,test,25
Pour.Frombottle_p14_r00_v04_c04.mp4,p14,m,test,21
Usetablet_p03_r01_v13_c01.mp4,p03,m,train,28
Drink.Fromcup_p19_r02_v14_c06.mp4,p19,f,train,9
Getup_p19_r03_v04_c04.mp4,p19,f,train,14
Sitdown_p10_r02_v03_c05.mp4,p10,f,test,25
Walk_p09_r02_v12_c06.mp4,p09,m,train,30
Getup_p25_r07_v06_c04.mp4,p25,f,train,14
Walk_p19_r08_v02_c05.mp4,p19,f,train,30
Walk_p15_r32_v13_c06.mp4,p15,m,train,30
Drink.Fromcup_p20_r01_v03_c05.mp4,p20,f,test,9
Pour.Frombottle_p15_r00_v11_c01.mp4,p15,m,train,21
Sitdown_p16_r02_v03_c04.mp4,p16,f,test,25
Drink.Fromcup_p02_r07_v04_c05.mp4,p02,f,test,9
Pour.Fromcan_p15_r00_v10_c01.mp4,p15,m,train,22
Getup_p03_r01_v02_c05.mp4,p03,m,train,14
Cook.Cut_p06_r03_v13_c07.mp4,p06,f,train,3
Readbook_p06_r00_v27_c01.mp4,p06,f,train,24
Drink.Fromcup_p15_r09_v09_c02.mp4,p15,m,train,9
Getup_p20_r00_v11_c01.mp4,p20,f,test,14
WatchTV_p09_r04_v07_c05.mp4,p09,m,train,31
Walk_p07_r05_v06_c05.mp4,p07,f,train,30
Enter_p25_r00_v01_c04.mp4,p25,f,train,13
Drink.Frombottle_p18_r08_v05_c05.mp4,p18,m,test,7
Walk_p15_r02_v11_c01.mp4,p15,m,train,30
Usetelephone_p25_r02_v05_c04.mp4,p25,f,train,29
Drink.Fromcup_p17_r02_v04_c05.mp4,p17,m,train,9
Drink.Fromcup_p25_r06_v14_c06.mp4,p25,f,train,9
Cook.Usestove_p09_r04_v13_c03.mp4,p09,m,train,5
Drink.Fromcup_p12_r07_v04_c05.mp4,p12,f,train,9
Drink.Fromcup_p17_r05_v14_c06.mp4,p17,m,train,9
Walk_p03_r13_v02_c05.mp4,p03,m,train,30
Walk_p15_r24_v14_c06.mp4,p15,m,train,30
Cook.Stir_p11_r09_v13_c07.mp4,p11,f,test,4
Walk_p19_r01_v13_c06.mp4,p19,f,train,30
Drink.Frombottle_p02_r08_v12_c02.mp4,p02,f,test,7
Readbook_p14_r01_v04_c04.mp4,p14,m,test,24
Walk_p02_r00_v07_c04.mp4,p02,f,test,30
Pour.Fromcan_p14_r00_v07_c04.mp4,p14,m,test,22
Drink.Frombottle_p02_r01_v12_c02.mp4,p02,f,test,7
Pour.Fromkettle_p09_r01_v15_c06.mp4,p09,m,train,23
Walk_p16_r02_v15_c03.mp4,p16,f,test,30
Drink.Fromcup_p25_r06_v12_c06.mp4,p25,f,train,9
Sitdown_p18_r05_v05_c05.mp4,p18,m,test,25
Drink.Fromcup_p17_r00_v05_c05.mp4,p17,m,train,9
Drink.Fromglass_p13_r00_v06_c04.mp4,p13,f,train,10
Cutbread_p04_r02_v08_c01.mp4,p04,f,train,6
Walk_p06_r07_v13_c06.mp4,p06,f,train,30
Walk_p15_r00_v05_c04.mp4,p15,m,train,30
Pour.Frombottle_p19_r00_v12_c03.mp4,p19,f,train,21
Cook.Cleanup_p17_r00_v13_c06.mp4,p17,m,train,2
Pour.Frombottle_p10_r06_v10_c01.mp4,p10,f,test,21
Drink.Fromcup_p16_r03_v01_c05.mp4,p16,f,test,9
Walk_p10_r00_v13_c03.mp4,p10,f,test,30
Drink.Fromcup_p19_r19_v07_c01.mp4,p19,f,train,9
Readbook_p25_r01_v10_c01.mp4,p25,f,train,24
Walk_p04_r01_v11_c02.mp4,p04,f,train,30
Drink.Fromcup_p20_r03_v09_c01.mp4,p20,f,test,9
Walk_p14_r04_v08_c04.mp4,p14,m,test,30
Cook.Cleandishes_p18_r00_v15_c03.mp4,p18,m,test,1
Enter_p06_r00_v03_c04.mp4,p06,f,train,13
Cook.Cut_p09_r01_v12_c03.mp4,p09,m,train,3
Walk_p11_r14_v13_c06.mp4,p11,f,test,30
WatchTV_p12_r12_v06_c05.mp4,p12,f,train,31
Walk_p19_r00_v03_c05.mp4,p19,f,train,30
Pour.Frombottle_p19_r00_v05_c04.mp4,p19,f,train,21
Cook.Cleandishes_p11_r00_v13_c03.mp4,p11,f,test,1
Readbook_p25_r00_v09_c01.mp4,p25,f,train,24
Walk_p02_r05_v14_c03.mp4,p02,f,test,30
Drink.Fromcup_p03_r08_v04_c05.mp4,p03,m,train,9
Leave_p09_r01_v07_c04.mp4,p09,m,train,16
Getup_p11_r00_v05_c04.mp4,p11,f,test,14
Drink.Fromcup_p07_r03_v08_c02.mp4,p07,f,train,9
Drink.Fromcup_p14_r02_v06_c05.mp4,p14,m,test,9
Sitdown_p04_r01_v05_c04.mp4,p04,f,train,25
Readbook_p04_r01_v07_c05.mp4,p04,f,train,24
Walk_p03_r23_v03_c04.mp4,p03,m,train,30
Getup_p25_r01_v11_c02.mp4,p25,f,train,14
Getup_p17_r04_v08_c01.mp4,p17,m,train,14
Enter_p25_r00_v16_c07.mp4,p25,f,train,13
Eat.Attable_p04_r07_v08_c01.mp4,p04,f,train,11
Walk_p03_r05_v19_c04.mp4,p03,m,train,30
Cook.Cut_p17_r01_v14_c03.mp4,p17,m,train,3
Drink.Frombottle_p07_r00_v01_c03.mp4,p07,f,train,7
Walk_p14_r15_v08_c04.mp4,p14,m,test,30
Eat.Attable_p09_r17_v08_c01.mp4,p09,m,train,11
Walk_p25_r15_v10_c02.mp4,p25,f,train,30
Drink.Fromcup_p20_r01_v06_c04.mp4,p20,f,test,9
Walk_p13_r08_v13_c02.mp4,p13,f,train,30
Drink.Fromcup_p10_r07_v02_c04.mp4,p10,f,test,9
Enter_p09_r00_v04_c04.mp4,p09,m,train,13
Walk_p19_r03_v01_c05.mp4,p19,f,train,30
Pour.Fromkettle_p11_r01_v12_c06.mp4,p11,f,test,23
Walk_p19_r04_v09_c02.mp4,p19,f,train,30
Walk_p18_r00_v14_c07.mp4,p18,m,test,30
Walk_p14_r03_v02_c05.mp4,p14,m,test,30
Sitdown_p14_r08_v06_c04.mp4,p14,m,test,25
Cook.Cut_p09_r00_v13_c06.mp4,p09,m,train,3
Readbook_p13_r02_v04_c04.mp4,p13,f,train,24
Cook.Stir_p20_r05_v16_c07.mp4,p20,f,test,4
Drink.Fromcup_p10_r03_v07_c04.mp4,p10,f,test,9
Drink.Fromcup_p16_r08_v12_c03.mp4,p16,f,test,9
WatchTV_p12_r04_v02_c05.mp4,p12,f,train,31
Walk_p15_r05_v08_c02.mp4,p15,m,train,30
Drink.Fromcup_p17_r01_v01_c05.mp4,p17,m,train,9
Drink.Fromcup_p04_r06_v16_c06.mp4,p04,f,train,9
Walk_p13_r01_v03_c04.mp4,p13,f,train,30
Readbook_p17_r03_v09_c01.mp4,p17,m,train,24
Getup_p15_r02_v10_c01.mp4,p15,m,train,14
Sitdown_p12_r07_v03_c05.mp4,p12,f,train,25
Pour.Frombottle_p14_r06_v05_c04.mp4,p14,m,test,21
Eat.Attable_p25_r05_v09_c02.mp4,p25,f,train,11
Walk_p17_r16_v05_c05.mp4,p17,m,train,30
Uselaptop_p20_r06_v05_c05.mp4,p20,f,test,27
Cook.Stir_p11_r10_v13_c07.mp4,p11,f,test,4
Walk_p11_r11_v13_c07.mp4,p11,f,test,30
Walk_p19_r05_v10_c02.mp4,p19,f,train,30
Walk_p16_r00_v07_c02.mp4,p16,f,test,30
Walk_p16_r01_v03_c05.mp4,p16,f,test,30
Sitdown_p11_r04_v05_c04.mp4,p11,f,test,25
Walk_p07_r00_v08_c01.mp4,p07,f,train,30
Cook.Stir_p20_r02_v15_c07.mp4,p20,f,test,4
Getup_p16_r01_v02_c04.mp4,p16,f,test,14
Walk_p25_r07_v12_c03.mp4,p25,f,train,30
Cook.Cut_p06_r01_v13_c07.mp4,p06,f,train,3
Pour.Frombottle_p02_r02_v14_c06.mp4,p02,f,test,21
Walk_p04_r03_v05_c05.mp4,p04,f,train,30
Drink.Fromcan_p25_r00_v10_c02.mp4,p25,f,train,8
Readbook_p25_r00_v06_c04.mp4,p25,f,train,24
Usetelephone_p25_r01_v03_c05.mp4,p25,f,train,29
Walk_p19_r02_v14_c03.mp4,p19,f,train,30
Cook.Cut_p12_r01_v12_c07.mp4,p12,f,train,3
Uselaptop_p15_r01_v09_c01.mp4,p15,m,train,27
Drink.Fromcup_p03_r01_v16_c06.mp4,p03,m,train,9
Eat.Snack_p15_r03_v14_c06.mp4,p15,m,train,12
Eat.Snack_p13_r02_v21_c03.mp4,p13,f,train,12
Eat.Snack_p03_r00_v16_c06.mp4,p03,m,train,12
Drink.Fromcan_p18_r03_v08_c04.mp4,p18,m,test,8
Enter_p07_r03_v04_c05.mp4,p07,f,train,13
Eat.Snack_p19_r06_v10_c02.mp4,p19,f,train,12
Walk_p15_r04_v04_c04.mp4,p15,m,train,30
Laydown_p25_r07_v03_c05.mp4,p25,f,train,15
Cook.Cleanup_p15_r02_v15_c06.mp4,p15,m,train,2
Walk_p12_r07_v13_c07.mp4,p12,f,train,30
Uselaptop_p12_r00_v06_c04.mp4,p12,f,train,27
Drink.Fromcup_p07_r00_v21_c06.mp4,p07,f,train,9
Eat.Attable_p11_r45_v08_c01.mp4,p11,f,test,11
Takepills_p15_r00_v16_c07.mp4,p15,m,train,26
Maketea.Insertteabag_p19_r00_v11_c03.mp4,p19,f,train,20
Walk_p11_r16_v04_c04.mp4,p11,f,test,30
Cook.Stir_p09_r06_v12_c07.mp4,p09,m,train,4
Drink.Frombottle_p17_r00_v15_c03.mp4,p17,m,train,7
Eat.Attable_p17_r01_v10_c01.mp4,p17,m,train,11
Drink.Fromcup_p12_r02_v06_c05.mp4,p12,f,train,9
Cook.Stir_p19_r02_v12_c03.mp4,p19,f,train,4
Drink.Frombottle_p20_r01_v06_c05.mp4,p20,f,test,7
Getup_p20_r03_v03_c04.mp4,p20,f,test,14
Sitdown_p14_r05_v03_c05.mp4,p14,m,test,25
Drink.Fromcup_p09_r07_v15_c03.mp4,p09,m,train,9
Usetelephone_p17_r00_v02_c04.mp4,p17,m,train,29
Walk_p18_r00_v05_c04.mp4,p18,m,test,30
Drink.Fromglass_p25_r00_v11_c01.mp4,p25,f,train,10
Drink.Frombottle_p14_r02_v06_c04.mp4,p14,m,test,7
Readbook_p17_r10_v08_c01.mp4,p17,m,train,24
Walk_p16_r00_v14_c07.mp4,p16,f,test,30
Usetelephone_p03_r00_v05_c04.mp4,p03,m,train,29
Drink.Frombottle_p04_r00_v07_c04.mp4,p04,f,train,7
Drink.Fromcup_p16_r03_v02_c04.mp4,p16,f,test,9
Enter_p10_r01_v13_c06.mp4,p10,f,test,13
Usetelephone_p10_r02_v10_c01.mp4,p10,f,test,29
Uselaptop_p10_r05_v10_c01.mp4,p10,f,test,27
WatchTV_p07_r04_v07_c04.mp4,p07,f,train,31
Readbook_p16_r12_v02_c05.mp4,p16,f,test,24
Cook.Stir_p04_r02_v17_c06.mp4,p04,f,train,4
Drink.Fromcup_p03_r07_v16_c03.mp4,p03,m,train,9
Drink.Fromcup_p12_r01_v05_c05.mp4,p12,f,train,9
Takepills_p04_r08_v04_c05.mp4,p04,f,train,26
WatchTV_p12_r04_v03_c05.mp4,p12,f,train,31
Eat.Snack_p16_r03_v04_c04.mp4,p16,f,test,12
Sitdown_p16_r00_v07_c01.mp4,p16,f,test,25
Pour.Fromkettle_p03_r01_v15_c03.mp4,p03,m,train,23
Drink.Fromcup_p16_r10_v12_c06.mp4,p16,f,test,9
Drink.Fromcup_p19_r00_v01_c05.mp4,p19,f,train,9
Sitdown_p06_r00_v27_c01.mp4,p06,f,train,25
Eat.Attable_p20_r19_v08_c01.mp4,p20,f,test,11
Drink.Fromcup_p14_r00_v01_c04.mp4,p14,m,test,9
Drink.Fromcup_p09_r10_v08_c01.mp4,p09,m,train,9
Enter_p06_r02_v12_c03.mp4,p06,f,train,13
Walk_p17_r15_v06_c05.mp4,p17,m,train,30
Walk_p10_r02_v11_c06.mp4,p10,f,test,30
Laydown_p19_r00_v05_c05.mp4,p19,f,train,15
Sitdown_p14_r02_v13_c01.mp4,p14,m,test,25
Drink.Fromcup_p10_r06_v10_c01.mp4,p10,f,test,9
Drink.Fromcup_p19_r00_v10_c01.mp4,p19,f,train,9
Readbook_p10_r00_v01_c05.mp4,p10,f,test,24
Sitdown_p19_r04_v08_c01.mp4,p19,f,train,25
Pour.Fromcan_p16_r00_v07_c02.mp4,p16,f,test,22
Walk_p17_r16_v12_c03.mp4,p17,m,train,30
Walk_p19_r17_v02_c05.mp4,p19,f,train,30
Cook.Cleandishes_p16_r01_v12_c07.mp4,p16,f,test,1
Walk_p03_r05_v19_c05.mp4,p03,m,train,30
Uselaptop_p15_r01_v11_c02.mp4,p15,m,train,27
Getup_p09_r01_v01_c04.mp4,p09,m,train,14
Sitdown_p12_r00_v05_c05.mp4,p12,f,train,25
Leave_p13_r00_v06_c04.mp4,p13,f,train,16
Walk_p15_r01_v10_c01.mp4,p15,m,train,30
Walk_p04_r02_v15_c07.mp4,p04,f,train,30
WatchTV_p07_r05_v05_c05.mp4,p07,f,train,31
Walk_p16_r14_v14_c06.mp4,p16,f,test,30
Getup_p09_r01_v06_c05.mp4,p09,m,train,14
Pour.Fromkettle_p19_r00_v11_c03.mp4,p19,f,train,23
Drink.Frombottle_p10_r00_v13_c03.mp4,p10,f,test,7
Walk_p16_r04_v14_c06.mp4,p16,f,test,30
Drink.Fromcup_p03_r13_v04_c05.mp4,p03,m,train,9
Walk_p04_r01_v17_c06.mp4,p04,f,train,30
Drink.Fromcup_p15_r02_v01_c05.mp4,p15,m,train,9
Usetelephone_p13_r04_v04_c04.mp4,p13,f,train,29
Uselaptop_p10_r01_v09_c01.mp4,p10,f,test,27
Getup_p11_r00_v08_c01.mp4,p11,f,test,14
Walk_p07_r00_v06_c06.mp4,p07,f,train,30
Walk_p20_r07_v14_c07.mp4,p20,f,test,30
Drink.Fromcup_p15_r04_v04_c04.mp4,p15,m,train,9
Walk_p25_r13_v10_c02.mp4,p25,f,train,30
Cook.Stir_p25_r04_v15_c06.mp4,p25,f,train,4
Leave_p25_r02_v06_c04.mp4,p25,f,train,16
Readbook_p16_r08_v02_c05.mp4,p16,f,test,24
Drink.Fromcup_p03_r02_v06_c04.mp4,p03,m,train,9
Drink.Fromcup_p12_r18_v01_c04.mp4,p12,f,train,9
Getup_p25_r00_v17_c01.mp4,p25,f,train,14
Eat.Attable_p02_r13_v11_c01.mp4,p02,f,test,11
Drink.Fromcup_p04_r03_v15_c03.mp4,p04,f,train,9
Cook.Usestove_p09_r09_v13_c06.mp4,p09,m,train,5
Walk_p10_r04_v06_c04.mp4,p10,f,test,30
Walk_p25_r09_v12_c03.mp4,p25,f,train,30
Drink.Fromcup_p04_r03_v12_c02.mp4,p04,f,train,9
Drink.Fromcup_p16_r01_v11_c02.mp4,p16,f,test,9
Drink.Fromcup_p16_r18_v12_c06.mp4,p16,f,test,9
Drink.Fromcup_p09_r17_v08_c01.mp4,p09,m,train,9
Walk_p16_r16_v14_c06.mp4,p16,f,test,30
Drink.Fromcup_p14_r06_v11_c02.mp4,p14,m,test,9
Drink.Fromcan_p12_r02_v07_c04.mp4,p12,f,train,8
WatchTV_p04_r10_v05_c04.mp4,p04,f,train,31
Walk_p25_r02_v04_c04.mp4,p25,f,train,30
Usetelephone_p04_r02_v04_c05.mp4,p04,f,train,29
Cook.Cleandishes_p13_r01_v23_c03.mp4,p13,f,train,1
Sitdown_p10_r04_v03_c05.mp4,p10,f,test,25
Drink.Fromcup_p09_r12_v05_c05.mp4,p09,m,train,9
Readbook_p16_r06_v02_c04.mp4,p16,f,test,24
Uselaptop_p10_r09_v10_c01.mp4,p10,f,test,27
Getup_p13_r01_v11_c01.mp4,p13,f,train,14
Walk_p17_r22_v15_c07.mp4,p17,m,train,30
Leave_p07_r00_v04_c07.mp4,p07,f,train,16
Walk_p14_r06_v04_c05.mp4,p14,m,test,30
Walk_p12_r16_v07_c04.mp4,p12,f,train,30
Drink.Fromglass_p03_r08_v18_c06.mp4,p03,m,train,10
Eat.Attable_p07_r40_v08_c01.mp4,p07,f,train,11
Drink.Fromcup_p12_r12_v01_c04.mp4,p12,f,train,9
Getup_p14_r08_v02_c04.mp4,p14,m,test,14
Walk_p10_r01_v13_c03.mp4,p10,f,test,30
Cutbread_p20_r03_v08_c01.mp4,p20,f,test,6
WatchTV_p25_r03_v06_c05.mp4,p25,f,train,31
Cook.Cut_p17_r00_v14_c03.mp4,p17,m,train,3
Pour.Frombottle_p10_r04_v10_c01.mp4,p10,f,test,21
Readbook_p16_r00_v02_c05.mp4,p16,f,test,24
Drink.Fromcup_p13_r02_v03_c04.mp4,p13,f,train,9
Walk_p25_r06_v05_c05.mp4,p25,f,train,30
Walk_p13_r11_v04_c04.mp4,p13,f,train,30
WatchTV_p09_r09_v05_c05.mp4,p09,m,train,31
WatchTV_p06_r08_v03_c05.mp4,p06,f,train,31
Readbook_p11_r01_v08_c01.mp4,p11,f,test,24
Walk_p14_r06_v11_c02.mp4,p14,m,test,30
Walk_p17_r00_v05_c04.mp4,p17,m,train,30
Walk_p12_r02_v04_c05.mp4,p12,f,train,30
Walk_p07_r07_v06_c06.mp4,p07,f,train,30
Walk_p07_r08_v21_c07.mp4,p07,f,train,30
Readbook_p06_r00_v09_c02.mp4,p06,f,train,24
Walk_p03_r00_v04_c04.mp4,p03,m,train,30
Walk_p19_r09_v10_c02.mp4,p19,f,train,30
Eat.Attable_p11_r12_v08_c01.mp4,p11,f,test,11
Eat.Attable_p02_r23_v11_c02.mp4,p02,f,test,11
Readbook_p02_r03_v05_c04.mp4,p02,f,test,24
Eat.Attable_p11_r13_v08_c01.mp4,p11,f,test,11
Cook.Cleandishes_p25_r07_v12_c03.mp4,p25,f,train,1
Laydown_p20_r01_v02_c05.mp4,p20,f,test,15
Walk_p15_r00_v05_c05.mp4,p15,m,train,30
Leave_p02_r00_v02_c07.mp4,p02,f,test,16
Walk_p20_r01_v13_c03.mp4,p20,f,test,30
Readbook_p25_r00_v09_c02.mp4,p25,f,train,24
Cook.Stir_p15_r02_v17_c03.mp4,p15,m,train,4
Walk_p17_r06_v12_c03.mp4,p17,m,train,30
Eat.Attable_p06_r06_v07_c02.mp4,p06,f,train,11
Leave_p10_r03_v06_c05.mp4,p10,f,test,16
Enter_p09_r00_v13_c07.mp4,p09,m,train,13
Getup_p10_r04_v03_c04.mp4,p10,f,test,14
Walk_p15_r17_v16_c06.mp4,p15,m,train,30
Walk_p16_r02_v02_c05.mp4,p16,f,test,30
WatchTV_p04_r02_v06_c05.mp4,p04,f,train,31
Getup_p10_r04_v03_c05.mp4,p10,f,test,14
WatchTV_p16_r15_v02_c05.mp4,p16,f,test,31
Drink.Fromcup_p15_r01_v13_c03.mp4,p15,m,train,9
Eat.Attable_p16_r21_v06_c02.mp4,p16,f,test,11
Takepills_p12_r00_v12_c06.mp4,p12,f,train,26
Cook.Stir_p15_r08_v16_c06.mp4,p15,m,train,4
Cook.Cut_p09_r01_v13_c06.mp4,p09,m,train,3
Walk_p13_r13_v25_c04.mp4,p13,f,train,30
Drink.Fromcup_p10_r01_v06_c05.mp4,p10,f,test,9
Drink.Fromcup_p07_r07_v20_c07.mp4,p07,f,train,9
Drink.Fromcup_p19_r06_v08_c01.mp4,p19,f,train,9
Sitdown_p16_r01_v01_c04.mp4,p16,f,test,25
Walk_p03_r02_v08_c05.mp4,p03,m,train,30
Cook.Cleanup_p04_r00_v17_c03.mp4,p04,f,train,2
Drink.Fromcup_p18_r00_v12_c01.mp4,p18,m,test,9
Cook.Stir_p09_r16_v12_c07.mp4,p09,m,train,4
Drink.Fromcup_p03_r02_v12_c01.mp4,p03,m,train,9
Cook.Cleanup_p25_r00_v12_c03.mp4,p25,f,train,2
Walk_p12_r08_v04_c05.mp4,p12,f,train,30
Uselaptop_p20_r01_v05_c05.mp4,p20,f,test,27
Sitdown_p25_r04_v11_c02.mp4,p25,f,train,25
Drink.Frombottle_p09_r00_v07_c05.mp4,p09,m,train,7
Laydown_p25_r05_v05_c05.mp4,p25,f,train,15
Cook.Cut_p07_r02_v21_c07.mp4,p07,f,train,3
Readbook_p25_r01_v02_c05.mp4,p25,f,train,24
Walk_p25_r00_v11_c02.mp4,p25,f,train,30
Cook.Usestove_p07_r01_v21_c07.mp4,p07,f,train,5
Walk_p15_r02_v17_c03.mp4,p15,m,train,30
Cook.Cut_p15_r04_v15_c06.mp4,p15,m,train,3
Walk_p15_r15_v09_c02.mp4,p15,m,train,30
Cook.Cleandishes_p04_r03_v18_c03.mp4,p04,f,train,1
Walk_p07_r06_v06_c06.mp4,p07,f,train,30
WatchTV_p17_r01_v02_c05.mp4,p17,m,train,31
Walk_p17_r11_v14_c06.mp4,p17,m,train,30
Drink.Fromcup_p12_r02_v06_c04.mp4,p12,f,train,9
Drink.Fromcan_p18_r09_v08_c04.mp4,p18,m,test,8
Drink.Fromcup_p09_r01_v05_c05.mp4,p09,m,train,9
Walk_p17_r02_v15_c06.mp4,p17,m,train,30
Sitdown_p16_r00_v04_c05.mp4,p16,f,test,25
Eat.Snack_p15_r04_v14_c03.mp4,p15,m,train,12
Walk_p25_r23_v15_c06.mp4,p25,f,train,30
Leave_p19_r00_v12_c03.mp4,p19,f,train,16
Drink.Fromcan_p25_r01_v10_c02.mp4,p25,f,train,8
Drink.Fromcup_p10_r00_v02_c04.mp4,p10,f,test,9
Usetelephone_p14_r00_v06_c04.mp4,p14,m,test,29
Cook.Stir_p10_r05_v12_c06.mp4,p10,f,test,4
Eat.Attable_p11_r35_v08_c01.mp4,p11,f,test,11
Eat.Attable_p09_r06_v08_c01.mp4,p09,m,train,11
Drink.Fromcup_p12_r03_v12_c06.mp4,p12,f,train,9
Drink.Fromglass_p03_r03_v19_c05.mp4,p03,m,train,10
Getup_p03_r00_v13_c01.mp4,p03,m,train,14
Drink.Fromcup_p14_r04_v14_c06.mp4,p14,m,test,9
Walk_p14_r04_v15_c07.mp4,p14,m,test,30
Sitdown_p06_r00_v15_c01.mp4,p06,f,train,25
Cook.Cleanup_p16_r01_v12_c06.mp4,p16,f,test,2
Walk_p09_r05_v06_c05.mp4,p09,m,train,30
Drink.Frombottle_p17_r00_v09_c02.mp4,p17,m,train,7
Getup_p04_r01_v08_c01.mp4,p04,f,train,14
WatchTV_p19_r04_v01_c05.mp4,p19,f,train,31
Drink.Fromcup_p14_r00_v05_c05.mp4,p14,m,test,9
Takepills_p17_r00_v05_c05.mp4,p17,m,train,26
Drink.Fromcup_p20_r10_v02_c05.mp4,p20,f,test,9
Cook.Stir_p09_r08_v12_c06.mp4,p09,m,train,4
Usetelephone_p25_r01_v10_c02.mp4,p25,f,train,29
Enter_p17_r00_v13_c03.mp4,p17,m,train,13
Sitdown_p15_r02_v01_c04.mp4,p15,m,train,25
Cook.Cut_p20_r13_v15_c07.mp4,p20,f,test,3
Walk_p12_r33_v04_c05.mp4,p12,f,train,30
Walk_p07_r01_v12_c01.mp4,p07,f,train,30
Getup_p15_r00_v06_c05.mp4,p15,m,train,14
Walk_p09_r00_v16_c06.mp4,p09,m,train,30
Eat.Attable_p14_r16_v09_c02.mp4,p14,m,test,11
Drink.Fromcup_p03_r04_v15_c03.mp4,p03,m,train,9
Eat.Attable_p04_r09_v08_c02.mp4,p04,f,train,11
Walk_p20_r02_v05_c05.mp4,p20,f,test,30
Drink.Fromcup_p03_r00_v16_c07.mp4,p03,m,train,9
Takepills_p19_r00_v02_c05.mp4,p19,f,train,26
Cook.Cut_p17_r04_v15_c07.mp4,p17,m,train,3
Getup_p03_r10_v08_c05.mp4,p03,m,train,14
Getup_p07_r00_v10_c02.mp4,p07,f,train,14
Readbook_p19_r00_v09_c02.mp4,p19,f,train,24
Cook.Cleanup_p14_r01_v14_c06.mp4,p14,m,test,2
Getup_p14_r04_v04_c04.mp4,p14,m,test,14
Walk_p12_r23_v12_c06.mp4,p12,f,train,30
Walk_p15_r15_v02_c04.mp4,p15,m,train,30
Drink.Fromcup_p09_r18_v08_c01.mp4,p09,m,train,9
Eat.Snack_p09_r00_v15_c06.mp4,p09,m,train,12
Uselaptop_p12_r00_v12_c07.mp4,p12,f,train,27
Cook.Cleanup_p10_r00_v12_c06.mp4,p10,f,test,2
Walk_p15_r47_v16_c06.mp4,p15,m,train,30
Cook.Cleanup_p07_r09_v06_c06.mp4,p07,f,train,2
Eat.Attable_p06_r04_v07_c02.mp4,p06,f,train,11
Drink.Frombottle_p13_r00_v03_c04.mp4,p13,f,train,7
Walk_p03_r05_v07_c04.mp4,p03,m,train,30
Cook.Stir_p16_r03_v15_c07.mp4,p16,f,test,4
Walk_p15_r01_v14_c06.mp4,p15,m,train,30
Walk_p13_r05_v12_c02.mp4,p13,f,train,30
Drink.Fromcup_p04_r05_v05_c05.mp4,p04,f,train,9
Getup_p09_r02_v10_c01.mp4,p09,m,train,14
Leave_p10_r00_v14_c03.mp4,p10,f,test,16
Walk_p09_r06_v05_c05.mp4,p09,m,train,30
Drink.Fromcup_p16_r03_v13_c03.mp4,p16,f,test,9
Uselaptop_p15_r01_v10_c01.mp4,p15,m,train,27
Walk_p14_r14_v10_c02.mp4,p14,m,test,30
Walk_p06_r00_v05_c04.mp4,p06,f,train,30
Walk_p25_r10_v12_c07.mp4,p25,f,train,30
Getup_p14_r00_v06_c04.mp4,p14,m,test,14
Readbook_p25_r01_v07_c05.mp4,p25,f,train,24
Leave_p07_r00_v07_c05.mp4,p07,f,train,16
Pour.Frombottle_p17_r02_v03_c05.mp4,p17,m,train,21
Walk_p09_r03_v02_c05.mp4,p09,m,train,30
Drink.Frombottle_p09_r00_v11_c01.mp4,p09,m,train,7
Takepills_p03_r00_v19_c04.mp4,p03,m,train,26
Walk_p25_r08_v06_c05.mp4,p25,f,train,30
Walk_p14_r25_v07_c04.mp4,p14,m,test,30
Uselaptop_p15_r04_v04_c05.mp4,p15,m,train,27
Cook.Cleanup_p15_r01_v17_c06.mp4,p15,m,train,2
Drink.Fromcup_p19_r08_v05_c04.mp4,p19,f,train,9
Getup_p06_r01_v11_c02.mp4,p06,f,train,14
Maketea.Boilwater_p16_r01_v13_c03.mp4,p16,f,test,19
Sitdown_p06_r03_v15_c02.mp4,p06,f,train,25
Pour.Frombottle_p04_r00_v06_c04.mp4,p04,f,train,21
WatchTV_p10_r00_v03_c04.mp4,p10,f,test,31
Cook.Cleandishes_p07_r00_v06_c03.mp4,p07,f,train,1
Drink.Fromcup_p18_r07_v09_c02.mp4,p18,m,test,9
Cook.Cleanup_p04_r00_v15_c07.mp4,p04,f,train,2
Walk_p15_r16_v16_c06.mp4,p15,m,train,30
Walk_p11_r00_v10_c01.mp4,p11,f,test,30
Cook.Cleanup_p07_r08_v20_c06.mp4,p07,f,train,2
Walk_p03_r16_v04_c04.mp4,p03,m,train,30
Walk_p15_r06_v16_c03.mp4,p15,m,train,30
Pour.Frombottle_p02_r01_v17_c05.mp4,p02,f,test,21
Walk_p02_r02_v07_c04.mp4,p02,f,test,30
Walk_p12_r27_v06_c04.mp4,p12,f,train,30
Walk_p19_r10_v09_c02.mp4,p19,f,train,30
Walk_p04_r01_v17_c03.mp4,p04,f,train,30
Leave_p06_r03_v12_c06.mp4,p06,f,train,16
Sitdown_p14_r07_v04_c05.mp4,p14,m,test,25
WatchTV_p06_r02_v02_c05.mp4,p06,f,train,31
Walk_p17_r01_v08_c02.mp4,p17,m,train,30
Drink.Fromcan_p03_r01_v02_c04.mp4,p03,m,train,8
Walk_p12_r30_v04_c05.mp4,p12,f,train,30
Leave_p10_r01_v11_c07.mp4,p10,f,test,16
Drink.Frombottle_p03_r12_v03_c05.mp4,p03,m,train,7
Cook.Cleanup_p10_r06_v14_c06.mp4,p10,f,test,2
Pour.Frombottle_p02_r01_v18_c05.mp4,p02,f,test,21
Cook.Cleanup_p15_r01_v17_c03.mp4,p15,m,train,2
Walk_p12_r03_v03_c04.mp4,p12,f,train,30
WatchTV_p07_r05_v04_c05.mp4,p07,f,train,31
Walk_p20_r10_v13_c07.mp4,p20,f,test,30
Walk_p07_r02_v09_c02.mp4,p07,f,train,30
Drink.Frombottle_p04_r00_v07_c05.mp4,p04,f,train,7
Pour.Fromkettle_p10_r01_v11_c06.mp4,p10,f,test,23
Sitdown_p06_r05_v10_c01.mp4,p06,f,train,25
Getup_p19_r05_v03_c04.mp4,p19,f,train,14
Getup_p12_r01_v03_c05.mp4,p12,f,train,14
Uselaptop_p09_r01_v05_c05.mp4,p09,m,train,27
Drink.Fromcup_p25_r04_v09_c02.mp4,p25,f,train,9
Leave_p03_r02_v19_c04.mp4,p03,m,train,16
Drink.Fromcup_p25_r05_v01_c05.mp4,p25,f,train,9
Laydown_p14_r03_v02_c04.mp4,p14,m,test,15
Cook.Stir_p25_r08_v15_c07.mp4,p25,f,train,4
Drink.Fromcan_p06_r02_v04_c05.mp4,p06,f,train,8
Walk_p15_r12_v09_c02.mp4,p15,m,train,30
Cook.Cleanup_p11_r01_v11_c03.mp4,p11,f,test,2
Getup_p04_r00_v10_c02.mp4,p04,f,train,14
Drink.Fromcup_p04_r07_v05_c04.mp4,p04,f,train,9
Enter_p02_r00_v08_c04.mp4,p02,f,test,13
Walk_p06_r02_v12_c06.mp4,p06,f,train,30
Drink.Fromcup_p06_r01_v10_c02.mp4,p06,f,train,9
WatchTV_p04_r11_v05_c05.mp4,p04,f,train,31
Walk_p25_r06_v14_c06.mp4,p25,f,train,30
Walk_p06_r00_v12_c07.mp4,p06,f,train,30
Sitdown_p14_r03_v10_c01.mp4,p14,m,test,25
Uselaptop_p11_r03_v09_c01.mp4,p11,f,test,27
Takepills_p10_r02_v07_c05.mp4,p10,f,test,26
Takepills_p17_r02_v05_c05.mp4,p17,m,train,26
Sitdown_p20_r01_v06_c05.mp4,p20,f,test,25
Enter_p25_r01_v15_c07.mp4,p25,f,train,13
Walk_p03_r12_v19_c05.mp4,p03,m,train,30
Readbook_p15_r02_v04_c05.mp4,p15,m,train,24
Sitdown_p14_r07_v02_c04.mp4,p14,m,test,25
Walk_p14_r03_v12_c02.mp4,p14,m,test,30
Drink.Frombottle_p18_r06_v05_c04.mp4,p18,m,test,7
Enter_p09_r01_v14_c03.mp4,p09,m,train,13
Getup_p13_r01_v13_c02.mp4,p13,f,train,14
Cook.Cleandishes_p03_r03_v16_c03.mp4,p03,m,train,1
Readbook_p17_r01_v03_c05.mp4,p17,m,train,24
Drink.Fromcup_p16_r01_v03_c05.mp4,p16,f,test,9
Walk_p25_r05_v15_c07.mp4,p25,f,train,30
Walk_p25_r19_v14_c06.mp4,p25,f,train,30
Eat.Attable_p11_r42_v08_c01.mp4,p11,f,test,11
Pour.Frombottle_p10_r00_v06_c04.mp4,p10,f,test,21
Drink.Frombottle_p17_r00_v15_c06.mp4,p17,m,train,7
Walk_p02_r02_v08_c04.mp4,p02,f,test,30
Walk_p25_r02_v05_c05.mp4,p25,f,train,30
Readbook_p03_r02_v03_c05.mp4,p03,m,train,24
Eat.Attable_p13_r01_v08_c02.mp4,p13,f,train,11
Drink.Fromcan_p25_r06_v15_c06.mp4,p25,f,train,8
Drink.Fromcup_p19_r01_v11_c03.mp4,p19,f,train,9
Walk_p17_r01_v15_c07.mp4,p17,m,train,30
Drink.Fromcup_p19_r02_v12_c06.mp4,p19,f,train,9
Usetelephone_p03_r01_v11_c02.mp4,p03,m,train,29
Sitdown_p13_r00_v13_c01.mp4,p13,f,train,25
Cook.Cleandishes_p06_r04_v13_c03.mp4,p06,f,train,1
Walk_p07_r04_v06_c05.mp4,p07,f,train,30
Cook.Cut_p15_r02_v15_c07.mp4,p15,m,train,3
Getup_p17_r01_v08_c01.mp4,p17,m,train,14
Walk_p19_r16_v12_c06.mp4,p19,f,train,30
Cook.Stir_p09_r03_v13_c07.mp4,p09,m,train,4
Takepills_p12_r02_v04_c05.mp4,p12,f,train,26
Drink.Fromcan_p09_r00_v04_c04.mp4,p09,m,train,8
Getup_p04_r01_v13_c01.mp4,p04,f,train,14
Usetelephone_p03_r07_v02_c05.mp4,p03,m,train,29
Drink.Fromcup_p14_r04_v14_c07.mp4,p14,m,test,9
Uselaptop_p11_r05_v09_c01.mp4,p11,f,test,27
Pour.Fromkettle_p03_r00_v15_c03.mp4,p03,m,train,23
Getup_p20_r00_v05_c04.mp4,p20,f,test,14
Walk_p15_r01_v05_c04.mp4,p15,m,train,30
Usetelephone_p03_r00_v02_c05.mp4,p03,m,train,29
Uselaptop_p03_r05_v03_c04.mp4,p03,m,train,27
Walk_p13_r12_v25_c04.mp4,p13,f,train,30
Enter_p13_r00_v23_c07.mp4,p13,f,train,13
Enter_p13_r00_v24_c04.mp4,p13,f,train,13
Sitdown_p18_r01_v03_c04.mp4,p18,m,test,25
Eat.Snack_p16_r01_v04_c05.mp4,p16,f,test,12
Walk_p07_r02_v21_c07.mp4,p07,f,train,30
Eat.Snack_p19_r03_v10_c02.mp4,p19,f,train,12
Walk_p17_r10_v15_c07.mp4,p17,m,train,30
Walk_p17_r20_v03_c05.mp4,p17,m,train,30
Cook.Cleandishes_p11_r04_v11_c03.mp4,p11,f,test,1
Drink.Fromcup_p17_r13_v01_c05.mp4,p17,m,train,9
Takepills_p06_r00_v06_c05.mp4,p06,f,train,26
Walk_p25_r03_v12_c03.mp4,p25,f,train,30
Walk_p19_r09_v05_c05.mp4,p19,f,train,30
Drink.Fromcup_p04_r07_v15_c03.mp4,p04,f,train,9
Uselaptop_p25_r01_v10_c02.mp4,p25,f,train,27
Walk_p19_r08_v03_c05.mp4,p19,f,train,30
Sitdown_p02_r06_v09_c05.mp4,p02,f,test,25
Sitdown_p13_r00_v19_c01.mp4,p13,f,train,25
Uselaptop_p10_r01_v02_c04.mp4,p10,f,test,27
Sitdown_p09_r05_v03_c04.mp4,p09,m,train,25
Cook.Cleanup_p03_r04_v16_c03.mp4,p03,m,train,2
Drink.Fromcup_p09_r16_v08_c01.mp4,p09,m,train,9
Sitdown_p10_r09_v01_c04.mp4,p10,f,test,25
Readbook_p04_r03_v05_c05.mp4,p04,f,train,24
Enter_p06_r01_v05_c05.mp4,p06,f,train,13
Getup_p04_r00_v03_c05.mp4,p04,f,train,14
Drink.Fromcup_p14_r02_v13_c02.mp4,p14,m,test,9
Walk_p19_r13_v10_c02.mp4,p19,f,train,30
Walk_p11_r10_v03_c04.mp4,p11,f,test,30
Walk_p12_r20_v12_c06.mp4,p12,f,train,30
Cook.Cut_p17_r01_v15_c03.mp4,p17,m,train,3
Walk_p14_r01_v08_c04.mp4,p14,m,test,30
Drink.Frombottle_p06_r03_v10_c02.mp4,p06,f,train,7
Getup_p04_r04_v04_c05.mp4,p04,f,train,14
Drink.Fromcup_p04_r04_v09_c01.mp4,p04,f,train,9
Sitdown_p06_r02_v15_c01.mp4,p06,f,train,25
Readbook_p14_r06_v01_c05.mp4,p14,m,test,24
Usetelephone_p17_r00_v02_c05.mp4,p17,m,train,29
Getup_p10_r05_v01_c05.mp4,p10,f,test,14
Drink.Fromcup_p10_r04_v03_c04.mp4,p10,f,test,9
Cook.Stir_p18_r03_v15_c03.mp4,p18,m,test,4
Uselaptop_p14_r00_v06_c04.mp4,p14,m,test,27
Cook.Stir_p18_r04_v15_c03.mp4,p18,m,test,4
Drink.Fromcup_p04_r08_v15_c06.mp4,p04,f,train,9
Cook.Cleanup_p10_r04_v12_c03.mp4,p10,f,test,2
Enter_p07_r00_v03_c05.mp4,p07,f,train,13
Drink.Fromcan_p04_r03_v03_c04.mp4,p04,f,train,8
Drink.Fromcup_p10_r06_v09_c01.mp4,p10,f,test,9
Drink.Fromcup_p04_r01_v16_c03.mp4,p04,f,train,9
Cook.Cleandishes_p16_r04_v12_c07.mp4,p16,f,test,1
Eat.Attable_p07_r29_v08_c01.mp4,p07,f,train,11
Walk_p13_r05_v06_c04.mp4,p13,f,train,30
Getup_p14_r08_v01_c04.mp4,p14,m,test,14
Usetelephone_p09_r00_v12_c06.mp4,p09,m,train,29
Walk_p03_r27_v02_c05.mp4,p03,m,train,30
Uselaptop_p25_r01_v10_c01.mp4,p25,f,train,27
Drink.Fromcup_p14_r12_v05_c05.mp4,p14,m,test,9
WatchTV_p03_r03_v07_c05.mp4,p03,m,train,31
Drink.Fromcup_p19_r07_v07_c01.mp4,p19,f,train,9
Readbook_p02_r03_v05_c05.mp4,p02,f,test,24
Usetelephone_p20_r00_v06_c04.mp4,p20,f,test,29
Drink.Frombottle_p15_r00_v05_c05.mp4,p15,m,train,7
Drink.Fromcup_p12_r01_v01_c04.mp4,p12,f,train,9
Walk_p04_r02_v17_c06.mp4,p04,f,train,30
Drink.Fromcup_p04_r01_v05_c05.mp4,p04,f,train,9
Usetelephone_p16_r01_v08_c02.mp4,p16,f,test,29
WatchTV_p02_r09_v04_c04.mp4,p02,f,test,31
Drink.Fromcup_p19_r04_v05_c05.mp4,p19,f,train,9
Getup_p25_r00_v11_c02.mp4,p25,f,train,14
Cook.Stir_p09_r19_v12_c03.mp4,p09,m,train,4
Walk_p20_r11_v05_c05.mp4,p20,f,test,30
Eat.Snack_p03_r02_v16_c06.mp4,p03,m,train,12
Walk_p15_r01_v13_c03.mp4,p15,m,train,30
Cutbread_p18_r02_v09_c02.mp4,p18,m,test,6
Sitdown_p19_r06_v08_c01.mp4,p19,f,train,25
Walk_p03_r00_v15_c07.mp4,p03,m,train,30
WatchTV_p20_r01_v02_c05.mp4,p20,f,test,31
Getup_p06_r02_v14_c01.mp4,p06,f,train,14
Leave_p07_r01_v04_c07.mp4,p07,f,train,16
Getup_p19_r00_v10_c02.mp4,p19,f,train,14
Drink.Fromcup_p13_r03_v25_c05.mp4,p13,f,train,9
Cook.Cleandishes_p11_r02_v11_c03.mp4,p11,f,test,1
Cook.Cleandishes_p15_r01_v13_c03.mp4,p15,m,train,1
Readbook_p11_r01_v09_c01.mp4,p11,f,test,24
Walk_p04_r23_v05_c05.mp4,p04,f,train,30
Sitdown_p14_r07_v01_c05.mp4,p14,m,test,25
WatchTV_p25_r04_v01_c05.mp4,p25,f,train,31
Cook.Cleanup_p04_r01_v14_c03.mp4,p04,f,train,2
Enter_p11_r02_v13_c07.mp4,p11,f,test,13
Sitdown_p10_r06_v03_c04.mp4,p10,f,test,25
Enter_p04_r01_v14_c03.mp4,p04,f,train,13
Sitdown_p17_r08_v09_c01.mp4,p17,m,train,25
Walk_p12_r06_v07_c04.mp4,p12,f,train,30
Getup_p25_r00_v09_c01.mp4,p25,f,train,14
Readbook_p13_r01_v24_c04.mp4,p13,f,train,24
Walk_p17_r06_v13_c06.mp4,p17,m,train,30
Drink.Fromcup_p10_r01_v03_c05.mp4,p10,f,test,9
WatchTV_p02_r03_v17_c05.mp4,p02,f,test,31
Drink.Fromcup_p14_r07_v04_c04.mp4,p14,m,test,9
Readbook_p04_r02_v05_c05.mp4,p04,f,train,24
Enter_p17_r00_v03_c04.mp4,p17,m,train,13
Cook.Stir_p17_r06_v15_c07.mp4,p17,m,train,4
Cook.Stir_p25_r08_v15_c03.mp4,p25,f,train,4
Usetelephone_p10_r00_v07_c05.mp4,p10,f,test,29
Eat.Attable_p13_r21_v08_c02.mp4,p13,f,train,11
Drink.Fromcup_p20_r09_v13_c07.mp4,p20,f,test,9
Walk_p02_r29_v09_c05.mp4,p02,f,test,30
Cook.Stir_p19_r05_v12_c03.mp4,p19,f,train,4
Usetelephone_p10_r00_v01_c04.mp4,p10,f,test,29
Leave_p20_r00_v04_c05.mp4,p20,f,test,16
Cook.Stir_p10_r06_v12_c06.mp4,p10,f,test,4
Leave_p18_r00_v14_c03.mp4,p18,m,test,16
Laydown_p12_r00_v03_c05.mp4,p12,f,train,15
Getup_p14_r09_v10_c02.mp4,p14,m,test,14
Enter_p07_r03_v07_c04.mp4,p07,f,train,13
Walk_p25_r02_v15_c03.mp4,p25,f,train,30
Walk_p10_r13_v12_c03.mp4,p10,f,test,30
Uselaptop_p14_r00_v04_c04.mp4,p14,m,test,27
Drink.Fromcup_p02_r00_v14_c03.mp4,p02,f,test,9
Walk_p11_r11_v05_c04.mp4,p11,f,test,30
Walk_p12_r09_v13_c07.mp4,p12,f,train,30
Walk_p16_r02_v03_c05.mp4,p16,f,test,30
Uselaptop_p03_r07_v03_c04.mp4,p03,m,train,27
Usetelephone_p19_r00_v10_c02.mp4,p19,f,train,29
Readbook_p13_r02_v24_c05.mp4,p13,f,train,24
Walk_p19_r01_v10_c02.mp4,p19,f,train,30
Sitdown_p09_r02_v02_c04.mp4,p09,m,train,25
Walk_p15_r05_v14_c03.mp4,p15,m,train,30
Drink.Fromcup_p07_r01_v20_c03.mp4,p07,f,train,9
Pour.Fromcan_p12_r00_v03_c05.mp4,p12,f,train,22
Walk_p04_r04_v16_c06.mp4,p04,f,train,30
Cook.Stir_p18_r01_v15_c07.mp4,p18,m,test,4
Readbook_p06_r09_v07_c01.mp4,p06,f,train,24
Walk_p20_r04_v07_c05.mp4,p20,f,test,30
Sitdown_p09_r01_v02_c04.mp4,p09,m,train,25
Getup_p14_r04_v11_c02.mp4,p14,m,test,14
Drink.Fromcup_p02_r03_v04_c04.mp4,p02,f,test,9
Drink.Fromcup_p16_r02_v11_c01.mp4,p16,f,test,9
Getup_p14_r14_v05_c05.mp4,p14,m,test,14
Leave_p07_r01_v04_c05.mp4,p07,f,train,16
Pour.Frombottle_p09_r00_v06_c04.mp4,p09,m,train,21
Leave_p09_r01_v11_c01.mp4,p09,m,train,16
Readbook_p03_r01_v06_c04.mp4,p03,m,train,24
Makecoffee.Pourgrains_p10_r01_v11_c03.mp4,p10,f,test,17
Cook.Stir_p16_r05_v15_c06.mp4,p16,f,test,4
Readbook_p12_r03_v06_c04.mp4,p12,f,train,24
Walk_p12_r20_v07_c05.mp4,p12,f,train,30
Uselaptop_p17_r01_v08_c02.mp4,p17,m,train,27
Drink.Fromcup_p14_r01_v08_c04.mp4,p14,m,test,9
Drink.Fromcan_p15_r00_v11_c02.mp4,p15,m,train,8
Sitdown_p17_r05_v05_c05.mp4,p17,m,train,25
Cook.Cut_p17_r02_v14_c03.mp4,p17,m,train,3
Drink.Fromcup_p20_r07_v02_c05.mp4,p20,f,test,9
Walk_p17_r02_v15_c03.mp4,p17,m,train,30
Drink.Fromcup_p20_r00_v13_c07.mp4,p20,f,test,9
Walk_p07_r00_v04_c07.mp4,p07,f,train,30
Sitdown_p10_r05_v01_c05.mp4,p10,f,test,25
Usetelephone_p13_r03_v13_c01.mp4,p13,f,train,29
Usetelephone_p14_r00_v05_c04.mp4,p14,m,test,29
Pour.Fromkettle_p14_r00_v14_c06.mp4,p14,m,test,23
Drink.Fromcup_p17_r00_v04_c04.mp4,p17,m,train,9
Eat.Attable_p20_r22_v08_c01.mp4,p20,f,test,11
Laydown_p20_r01_v05_c05.mp4,p20,f,test,15
Leave_p19_r00_v05_c05.mp4,p19,f,train,16
Sitdown_p25_r01_v02_c04.mp4,p25,f,train,25
Getup_p07_r02_v06_c05.mp4,p07,f,train,14
Walk_p19_r06_v05_c05.mp4,p19,f,train,30
Drink.Fromcup_p19_r03_v11_c03.mp4,p19,f,train,9
Drink.Fromcup_p15_r02_v01_c04.mp4,p15,m,train,9
Drink.Fromcup_p15_r00_v12_c02.mp4,p15,m,train,9
Drink.Fromcup_p19_r06_v10_c02.mp4,p19,f,train,9
Readbook_p14_r00_v06_c05.mp4,p14,m,test,24
Drink.Fromcan_p06_r05_v11_c01.mp4,p06,f,train,8
Cook.Cleandishes_p06_r05_v12_c03.mp4,p06,f,train,1
Cook.Cleandishes_p07_r01_v21_c06.mp4,p07,f,train,1
Sitdown_p10_r02_v05_c04.mp4,p10,f,test,25
Readbook_p06_r00_v03_c04.mp4,p06,f,train,24
Walk_p09_r00_v13_c06.mp4,p09,m,train,30
Cook.Stir_p04_r03_v17_c03.mp4,p04,f,train,4
Cook.Stir_p09_r06_v13_c03.mp4,p09,m,train,4
Eat.Attable_p20_r11_v08_c01.mp4,p20,f,test,11
Getup_p10_r04_v05_c04.mp4,p10,f,test,14
Cook.Cut_p02_r04_v14_c03.mp4,p02,f,test,3
Walk_p12_r05_v07_c05.mp4,p12,f,train,30
Walk_p19_r24_v12_c06.mp4,p19,f,train,30
Readbook_p25_r07_v07_c04.mp4,p25,f,train,24
Walk_p17_r12_v06_c05.mp4,p17,m,train,30
Walk_p14_r09_v12_c02.mp4,p14,m,test,30
Sitdown_p02_r02_v07_c05.mp4,p02,f,test,25
Drink.Fromcup_p10_r09_v02_c04.mp4,p10,f,test,9
Takepills_p06_r01_v06_c05.mp4,p06,f,train,26
WatchTV_p09_r04_v07_c04.mp4,p09,m,train,31
Walk_p03_r03_v05_c04.mp4,p03,m,train,30
Drink.Fromcup_p19_r01_v10_c01.mp4,p19,f,train,9
Walk_p17_r03_v09_c01.mp4,p17,m,train,30
Getup_p06_r01_v15_c01.mp4,p06,f,train,14
Walk_p04_r06_v16_c06.mp4,p04,f,train,30
Drink.Fromcup_p09_r01_v16_c03.mp4,p09,m,train,9
Takepills_p15_r01_v10_c01.mp4,p15,m,train,26
Walk_p25_r10_v09_c02.mp4,p25,f,train,30
Eat.Snack_p06_r10_v06_c05.mp4,p06,f,train,12
Cook.Cleanup_p07_r03_v22_c06.mp4,p07,f,train,2
Leave_p10_r00_v02_c05.mp4,p10,f,test,16
Walk_p25_r01_v03_c04.mp4,p25,f,train,30
Walk_p03_r02_v15_c03.mp4,p03,m,train,30
Readbook_p10_r00_v01_c04.mp4,p10,f,test,24
Drink.Fromcup_p12_r02_v03_c05.mp4,p12,f,train,9
Sitdown_p13_r07_v10_c01.mp4,p13,f,train,25
Uselaptop_p04_r00_v03_c04.mp4,p04,f,train,27
Walk_p12_r24_v06_c05.mp4,p12,f,train,30
Cook.Stir_p11_r08_v13_c06.mp4,p11,f,test,4
Walk_p13_r15_v25_c04.mp4,p13,f,train,30
Leave_p09_r02_v14_c06.mp4,p09,m,train,16
Drink.Fromcup_p14_r03_v09_c02.mp4,p14,m,test,9
Pour.Fromkettle_p15_r00_v16_c07.mp4,p15,m,train,23
Drink.Fromcup_p20_r04_v14_c07.mp4,p20,f,test,9
Usetelephone_p03_r01_v07_c05.mp4,p03,m,train,29
Readbook_p04_r10_v08_c01.mp4,p04,f,train,24
Takepills_p14_r02_v03_c05.mp4,p14,m,test,26
Drink.Fromcup_p12_r11_v01_c04.mp4,p12,f,train,9
Getup_p10_r02_v06_c05.mp4,p10,f,test,14
Drink.Fromcan_p25_r05_v15_c06.mp4,p25,f,train,8
Walk_p04_r19_v05_c05.mp4,p04,f,train,30
Walk_p25_r03_v12_c06.mp4,p25,f,train,30
Sitdown_p03_r01_v06_c04.mp4,p03,m,train,25
Walk_p13_r00_v03_c04.mp4,p13,f,train,30
WatchTV_p10_r00_v06_c05.mp4,p10,f,test,31
Takepills_p16_r00_v04_c05.mp4,p16,f,test,26
Cook.Stir_p15_r10_v16_c07.mp4,p15,m,train,4
Walk_p20_r08_v15_c07.mp4,p20,f,test,30
Pour.Fromcan_p14_r01_v07_c04.mp4,p14,m,test,22
WatchTV_p14_r01_v06_c05.mp4,p14,m,test,31
Drink.Fromcup_p17_r00_v01_c05.mp4,p17,m,train,9
Walk_p15_r00_v04_c04.mp4,p15,m,train,30
Walk_p12_r06_v13_c07.mp4,p12,f,train,30
Eat.Attable_p13_r03_v09_c01.mp4,p13,f,train,11
Makecoffee.Pourgrains_p16_r01_v12_c06.mp4,p16,f,test,17
Takepills_p03_r03_v04_c05.mp4,p03,m,train,26
Walk_p11_r11_v04_c04.mp4,p11,f,test,30
Eat.Attable_p09_r22_v08_c01.mp4,p09,m,train,11
Drink.Fromcup_p09_r13_v05_c05.mp4,p09,m,train,9
Readbook_p04_r04_v05_c05.mp4,p04,f,train,24
Drink.Fromcup_p13_r06_v20_c03.mp4,p13,f,train,9
Enter_p04_r00_v14_c06.mp4,p04,f,train,13
Pour.Frombottle_p12_r00_v02_c05.mp4,p12,f,train,21
Readbook_p25_r04_v07_c04.mp4,p25,f,train,24
Readbook_p02_r10_v12_c02.mp4,p02,f,test,24
Sitdown_p19_r02_v07_c01.mp4,p19,f,train,25
Drink.Fromcup_p20_r00_v10_c01.mp4,p20,f,test,9
Getup_p14_r07_v06_c05.mp4,p14,m,test,14
Usetelephone_p15_r00_v05_c04.mp4,p15,m,train,29
Usetelephone_p13_r04_v24_c04.mp4,p13,f,train,29
Walk_p11_r01_v11_c07.mp4,p11,f,test,30
Cook.Usestove_p09_r10_v13_c03.mp4,p09,m,train,5
WatchTV_p25_r13_v01_c05.mp4,p25,f,train,31
Sitdown_p09_r00_v06_c05.mp4,p09,m,train,25
Walk_p04_r10_v05_c05.mp4,p04,f,train,30
Walk_p16_r33_v12_c06.mp4,p16,f,test,30
Drink.Fromcup_p02_r01_v04_c05.mp4,p02,f,test,9
Cook.Cut_p04_r00_v17_c07.mp4,p04,f,train,3
Sitdown_p10_r09_v05_c05.mp4,p10,f,test,25
Walk_p17_r00_v07_c02.mp4,p17,m,train,30
Drink.Fromcup_p25_r06_v09_c02.mp4,p25,f,train,9
Pour.Frombottle_p03_r00_v06_c05.mp4,p03,m,train,21
Eat.Snack_p09_r06_v13_c03.mp4,p09,m,train,12
Drink.Fromcan_p16_r01_v07_c02.mp4,p16,f,test,8
Walk_p04_r03_v16_c06.mp4,p04,f,train,30
Enter_p10_r00_v12_c07.mp4,p10,f,test,13
Cook.Stir_p07_r04_v21_c06.mp4,p07,f,train,4
Getup_p14_r04_v10_c02.mp4,p14,m,test,14
Readbook_p17_r00_v06_c05.mp4,p17,m,train,24
Uselaptop_p14_r05_v05_c05.mp4,p14,m,test,27
Uselaptop_p11_r04_v09_c01.mp4,p11,f,test,27
WatchTV_p07_r04_v06_c05.mp4,p07,f,train,31
Getup_p06_r02_v14_c02.mp4,p06,f,train,14
Sitdown_p12_r02_v03_c04.mp4,p12,f,train,25
Sitdown_p07_r00_v10_c01.mp4,p07,f,train,25
Eat.Attable_p04_r01_v12_c01.mp4,p04,f,train,11
Makecoffee.Pourwater_p03_r00_v16_c03.mp4,p03,m,train,18
Sitdown_p19_r04_v08_c02.mp4,p19,f,train,25
Drink.Fromcup_p09_r01_v01_c04.mp4,p09,m,train,9
Sitdown_p14_r09_v02_c04.mp4,p14,m,test,25
Walk_p16_r03_v13_c03.mp4,p16,f,test,30
Walk_p10_r00_v05_c04.mp4,p10,f,test,30
Cook.Usestove_p04_r01_v17_c03.mp4,p04,f,train,5
Drink.Fromcup_p19_r26_v07_c01.mp4,p19,f,train,9
Drink.Fromcan_p15_r01_v09_c02.mp4,p15,m,train,8
Walk_p14_r09_v04_c05.mp4,p14,m,test,30
Drink.Fromcup_p06_r01_v13_c06.mp4,p06,f,train,9
Drink.Fromcup_p12_r13_v01_c04.mp4,p12,f,train,9
Walk_p25_r00_v14_c07.mp4,p25,f,train,30
Pour.Fromkettle_p19_r01_v11_c06.mp4,p19,f,train,23
Drink.Fromcup_p06_r02_v26_c01.mp4,p06,f,train,9
Readbook_p16_r02_v11_c02.mp4,p16,f,test,24
Drink.Fromcup_p15_r02_v08_c02.mp4,p15,m,train,9
Getup_p02_r01_v11_c02.mp4,p02,f,test,14
Readbook_p25_r05_v10_c01.mp4,p25,f,train,24
Leave_p15_r00_v16_c07.mp4,p15,m,train,16
Laydown_p12_r02_v03_c05.mp4,p12,f,train,15
WatchTV_p12_r10_v02_c05.mp4,p12,f,train,31
Drink.Fromcup_p02_r05_v02_c03.mp4,p02,f,test,9
Walk_p18_r03_v13_c03.mp4,p18,m,test,30
Drink.Fromcan_p03_r02_v08_c04.mp4,p03,m,train,8
Pour.Fromkettle_p06_r01_v12_c03.mp4,p06,f,train,23
Eat.Attable_p16_r21_v06_c01.mp4,p16,f,test,11
Enter_p14_r00_v06_c04.mp4,p14,m,test,13
Drink.Fromcup_p15_r03_v08_c02.mp4,p15,m,train,9
WatchTV_p09_r04_v03_c04.mp4,p09,m,train,31
Pour.Fromkettle_p15_r00_v17_c03.mp4,p15,m,train,23
Walk_p16_r07_v12_c06.mp4,p16,f,test,30
Drink.Fromcan_p03_r06_v07_c04.mp4,p03,m,train,8
Drink.Fromglass_p03_r02_v18_c06.mp4,p03,m,train,10
WatchTV_p04_r04_v03_c05.mp4,p04,f,train,31
Walk_p25_r20_v05_c05.mp4,p25,f,train,30
Walk_p13_r05_v07_c04.mp4,p13,f,train,30
Getup_p14_r05_v04_c04.mp4,p14,m,test,14
Readbook_p13_r02_v25_c05.mp4,p13,f,train,24
WatchTV_p19_r03_v02_c05.mp4,p19,f,train,31
Cook.Cleandishes_p03_r00_v15_c03.mp4,p03,m,train,1
Leave_p03_r02_v18_c07.mp4,p03,m,train,16
Pour.Frombottle_p02_r01_v06_c05.mp4,p02,f,test,21
Eat.Snack_p04_r00_v17_c07.mp4,p04,f,train,12
Drink.Fromcup_p02_r00_v02_c03.mp4,p02,f,test,9
Drink.Fromcup_p15_r00_v04_c04.mp4,p15,m,train,9
Drink.Fromcup_p02_r05_v17_c05.mp4,p02,f,test,9
Laydown_p09_r00_v02_c05.mp4,p09,m,train,15
Pour.Frombottle_p25_r00_v10_c01.mp4,p25,f,train,21
Walk_p25_r07_v12_c07.mp4,p25,f,train,30
Getup_p10_r14_v03_c04.mp4,p10,f,test,14
Readbook_p19_r10_v08_c02.mp4,p19,f,train,24
Usetelephone_p10_r01_v07_c05.mp4,p10,f,test,29
Drink.Frombottle_p13_r01_v03_c04.mp4,p13,f,train,7
Sitdown_p14_r01_v01_c04.mp4,p14,m,test,25
Usetelephone_p03_r02_v11_c01.mp4,p03,m,train,29
Walk_p17_r21_v12_c03.mp4,p17,m,train,30
Eat.Attable_p19_r17_v07_c01.mp4,p19,f,train,11
Walk_p17_r05_v14_c06.mp4,p17,m,train,30
Cook.Stir_p02_r02_v15_c06.mp4,p02,f,test,4
Leave_p09_r00_v13_c03.mp4,p09,m,train,16
Drink.Fromcup_p06_r05_v26_c01.mp4,p06,f,train,9
Drink.Fromcup_p18_r05_v09_c01.mp4,p18,m,test,9
Leave_p04_r00_v15_c07.mp4,p04,f,train,16
Sitdown_p12_r07_v05_c05.mp4,p12,f,train,25
Drink.Fromcup_p10_r04_v06_c04.mp4,p10,f,test,9
Drink.Fromcup_p04_r10_v05_c05.mp4,p04,f,train,9
Eat.Attable_p14_r00_v09_c01.mp4,p14,m,test,11
Drink.Fromcup_p18_r03_v09_c01.mp4,p18,m,test,9
Cook.Stir_p15_r06_v16_c06.mp4,p15,m,train,4
Drink.Fromcup_p17_r00_v10_c01.mp4,p17,m,train,9
Walk_p25_r24_v04_c05.mp4,p25,f,train,30
Pour.Frombottle_p19_r00_v08_c01.mp4,p19,f,train,21
Walk_p03_r14_v02_c05.mp4,p03,m,train,30
Drink.Fromcup_p04_r02_v12_c02.mp4,p04,f,train,9
Takepills_p04_r05_v04_c05.mp4,p04,f,train,26
Drink.Fromcup_p12_r00_v03_c04.mp4,p12,f,train,9
Drink.Frombottle_p20_r01_v06_c04.mp4,p20,f,test,7
Laydown_p25_r03_v03_c04.mp4,p25,f,train,15
Walk_p15_r19_v14_c06.mp4,p15,m,train,30
Cook.Cleanup_p07_r12_v06_c03.mp4,p07,f,train,2
Walk_p16_r10_v05_c05.mp4,p16,f,test,30
Walk_p06_r02_v13_c03.mp4,p06,f,train,30
Drink.Fromcup_p02_r01_v11_c01.mp4,p02,f,test,9
WatchTV_p19_r02_v02_c05.mp4,p19,f,train,31
Leave_p15_r00_v14_c03.mp4,p15,m,train,16
Walk_p04_r09_v15_c07.mp4,p04,f,train,30
Enter_p04_r01_v05_c04.mp4,p04,f,train,13
Readbook_p25_r02_v10_c01.mp4,p25,f,train,24
Drink.Fromcup_p03_r04_v16_c03.mp4,p03,m,train,9
Walk_p17_r17_v06_c05.mp4,p17,m,train,30
Sitdown_p19_r00_v08_c01.mp4,p19,f,train,25
Getup_p09_r07_v05_c04.mp4,p09,m,train,14
Usetelephone_p17_r01_v02_c05.mp4,p17,m,train,29
Getup_p14_r05_v13_c01.mp4,p14,m,test,14
Readbook_p12_r01_v03_c04.mp4,p12,f,train,24
Walk_p25_r08_v03_c05.mp4,p25,f,train,30
Cook.Usestove_p07_r08_v21_c06.mp4,p07,f,train,5
Usetelephone_p02_r00_v06_c05.mp4,p02,f,test,29
Walk_p15_r04_v07_c04.mp4,p15,m,train,30
Walk_p03_r08_v15_c03.mp4,p03,m,train,30
Usetelephone_p03_r01_v05_c04.mp4,p03,m,train,29
Walk_p15_r04_v02_c04.mp4,p15,m,train,30
Cook.Cut_p12_r00_v12_c07.mp4,p12,f,train,3
Readbook_p14_r02_v11_c01.mp4,p14,m,test,24
Drink.Fromcup_p20_r02_v01_c05.mp4,p20,f,test,9
Walk_p11_r03_v07_c04.mp4,p11,f,test,30
WatchTV_p07_r03_v01_c05.mp4,p07,f,train,31
Drink.Fromcup_p04_r02_v01_c05.mp4,p04,f,train,9
Cook.Stir_p15_r05_v16_c03.mp4,p15,m,train,4
Walk_p15_r15_v17_c06.mp4,p15,m,train,30
WatchTV_p03_r00_v06_c04.mp4,p03,m,train,31
Eat.Attable_p13_r13_v09_c01.mp4,p13,f,train,11
Drink.Fromcup_p18_r07_v12_c01.mp4,p18,m,test,9
Cook.Cleanup_p04_r00_v15_c03.mp4,p04,f,train,2
WatchTV_p10_r07_v03_c05.mp4,p10,f,test,31
Walk_p03_r10_v04_c04.mp4,p03,m,train,30
Walk_p04_r05_v15_c03.mp4,p04,f,train,30
Drink.Frombottle_p03_r13_v03_c05.mp4,p03,m,train,7
Walk_p15_r09_v17_c06.mp4,p15,m,train,30
Walk_p20_r09_v14_c07.mp4,p20,f,test,30
Pour.Fromkettle_p15_r00_v16_c03.mp4,p15,m,train,23
Walk_p19_r04_v04_c05.mp4,p19,f,train,30
Cook.Cleandishes_p17_r00_v13_c03.mp4,p17,m,train,1
Readbook_p16_r00_v06_c02.mp4,p16,f,test,24
Takepills_p02_r00_v12_c02.mp4,p02,f,test,26
Readbook_p07_r02_v05_c05.mp4,p07,f,train,24
Walk_p12_r03_v07_c04.mp4,p12,f,train,30
Drink.Fromcan_p11_r02_v10_c01.mp4,p11,f,test,8
Pour.Frombottle_p03_r00_v11_c01.mp4,p03,m,train,21
Drink.Fromcan_p12_r00_v14_c05.mp4,p12,f,train,8
Eat.Attable_p02_r25_v11_c02.mp4,p02,f,test,11
Cook.Stir_p17_r02_v14_c07.mp4,p17,m,train,4
Pour.Fromcan_p13_r00_v11_c02.mp4,p13,f,train,22
Readbook_p14_r05_v04_c04.mp4,p14,m,test,24
Drink.Fromcup_p25_r06_v14_c03.mp4,p25,f,train,9
Getup_p04_r07_v04_c04.mp4,p04,f,train,14
Walk_p12_r04_v03_c04.mp4,p12,f,train,30
Drink.Fromcup_p16_r11_v12_c03.mp4,p16,f,test,9
Eat.Attable_p06_r05_v07_c01.mp4,p06,f,train,11
Readbook_p17_r00_v03_c04.mp4,p17,m,train,24
Sitdown_p20_r00_v05_c04.mp4,p20,f,test,25
Sitdown_p20_r00_v08_c01.mp4,p20,f,test,25
Sitdown_p10_r13_v10_c01.mp4,p10,f,test,25
Drink.Fromcup_p17_r03_v02_c05.mp4,p17,m,train,9
Readbook_p18_r01_v10_c02.mp4,p18,m,test,24
Getup_p09_r03_v03_c04.mp4,p09,m,train,14
Walk_p11_r09_v05_c04.mp4,p11,f,test,30
Walk_p03_r10_v19_c05.mp4,p03,m,train,30
Uselaptop_p14_r04_v05_c05.mp4,p14,m,test,27
WatchTV_p14_r00_v06_c05.mp4,p14,m,test,31
Drink.Fromcup_p14_r09_v05_c05.mp4,p14,m,test,9
Readbook_p03_r09_v02_c05.mp4,p03,m,train,24
Walk_p07_r06_v05_c05.mp4,p07,f,train,30
Usetelephone_p17_r04_v08_c02.mp4,p17,m,train,29
Walk_p25_r13_v05_c05.mp4,p25,f,train,30
Walk_p03_r11_v02_c04.mp4,p03,m,train,30
Drink.Fromcup_p10_r02_v02_c04.mp4,p10,f,test,9
Drink.Fromcup_p19_r00_v02_c05.mp4,p19,f,train,9
Walk_p12_r34_v04_c05.mp4,p12,f,train,30
Drink.Fromcup_p14_r03_v11_c01.mp4,p14,m,test,9
Sitdown_p14_r00_v01_c05.mp4,p14,m,test,25
Walk_p14_r19_v05_c05.mp4,p14,m,test,30
Uselaptop_p14_r03_v06_c04.mp4,p14,m,test,27
Getup_p20_r04_v03_c04.mp4,p20,f,test,14
Cook.Stir_p10_r00_v12_c07.mp4,p10,f,test,4
Uselaptop_p14_r06_v02_c04.mp4,p14,m,test,27
Readbook_p04_r02_v04_c04.mp4,p04,f,train,24
WatchTV_p10_r05_v02_c05.mp4,p10,f,test,31
Cook.Cleanup_p04_r02_v14_c07.mp4,p04,f,train,2
Sitdown_p20_r02_v05_c05.mp4,p20,f,test,25
Drink.Fromcup_p14_r11_v05_c05.mp4,p14,m,test,9
Walk_p15_r11_v17_c07.mp4,p15,m,train,30
Readbook_p02_r01_v07_c05.mp4,p02,f,test,24
Drink.Frombottle_p03_r03_v03_c04.mp4,p03,m,train,7
Drink.Fromcup_p25_r01_v09_c02.mp4,p25,f,train,9
Walk_p10_r04_v13_c03.mp4,p10,f,test,30
Sitdown_p18_r02_v08_c05.mp4,p18,m,test,25
Drink.Fromcup_p19_r03_v03_c04.mp4,p19,f,train,9
Pour.Frombottle_p03_r02_v11_c01.mp4,p03,m,train,21
Readbook_p11_r00_v04_c04.mp4,p11,f,test,24
Laydown_p12_r00_v03_c04.mp4,p12,f,train,15
Drink.Fromcup_p16_r04_v06_c01.mp4,p16,f,test,9
Drink.Fromcup_p16_r03_v01_c04.mp4,p16,f,test,9
Walk_p16_r00_v03_c04.mp4,p16,f,test,30
Drink.Fromcup_p12_r02_v05_c04.mp4,p12,f,train,9
Cook.Stir_p10_r04_v12_c07.mp4,p10,f,test,4
Drink.Frombottle_p15_r02_v10_c02.mp4,p15,m,train,7
Readbook_p04_r00_v01_c04.mp4,p04,f,train,24
Drink.Fromcup_p04_r03_v12_c01.mp4,p04,f,train,9
Walk_p03_r10_v13_c01.mp4,p03,m,train,30
Drink.Frombottle_p03_r00_v06_c05.mp4,p03,m,train,7
Readbook_p16_r00_v01_c05.mp4,p16,f,test,24
Walk_p20_r13_v03_c05.mp4,p20,f,test,30
Readbook_p12_r01_v14_c05.mp4,p12,f,train,24
Usetelephone_p06_r00_v09_c01.mp4,p06,f,train,29
Drink.Fromcup_p06_r01_v08_c02.mp4,p06,f,train,9
Cook.Usestove_p09_r00_v15_c03.mp4,p09,m,train,5
Drink.Fromcan_p15_r01_v11_c01.mp4,p15,m,train,8
Readbook_p19_r03_v05_c05.mp4,p19,f,train,24
Drink.Fromcup_p07_r03_v20_c06.mp4,p07,f,train,9
Walk_p17_r00_v14_c07.mp4,p17,m,train,30
Walk_p17_r15_v12_c06.mp4,p17,m,train,30
Leave_p07_r00_v20_c07.mp4,p07,f,train,16
Enter_p07_r00_v02_c05.mp4,p07,f,train,13
Walk_p11_r06_v13_c03.mp4,p11,f,test,30
Pour.Fromcan_p14_r00_v05_c05.mp4,p14,m,test,22
Drink.Frombottle_p02_r04_v06_c05.mp4,p02,f,test,7
Walk_p18_r06_v05_c05.mp4,p18,m,test,30
Walk_p15_r01_v17_c03.mp4,p15,m,train,30
Walk_p13_r06_v11_c02.mp4,p13,f,train,30
Drink.Fromcup_p12_r00_v05_c05.mp4,p12,f,train,9
Drink.Fromcup_p04_r00_v13_c02.mp4,p04,f,train,9
Cook.Stir_p13_r10_v23_c07.mp4,p13,f,train,4
Cook.Stir_p11_r02_v13_c07.mp4,p11,f,test,4
Cook.Cleanup_p10_r01_v12_c06.mp4,p10,f,test,2
Walk_p25_r34_v14_c06.mp4,p25,f,train,30
Walk_p03_r04_v08_c05.mp4,p03,m,train,30
Pour.Fromcan_p16_r01_v08_c02.mp4,p16,f,test,22
Readbook_p17_r05_v02_c04.mp4,p17,m,train,24
Walk_p07_r09_v21_c06.mp4,p07,f,train,30
Walk_p02_r08_v02_c07.mp4,p02,f,test,30
Pour.Frombottle_p14_r00_v06_c04.mp4,p14,m,test,21
Walk_p03_r01_v13_c02.mp4,p03,m,train,30
WatchTV_p16_r11_v02_c05.mp4,p16,f,test,31
Walk_p10_r03_v01_c05.mp4,p10,f,test,30
Sitdown_p10_r02_v01_c04.mp4,p10,f,test,25
Walk_p12_r16_v06_c05.mp4,p12,f,train,30
Readbook_p14_r01_v12_c02.mp4,p14,m,test,24
Walk_p17_r10_v11_c07.mp4,p17,m,train,30
Walk_p20_r10_v14_c07.mp4,p20,f,test,30
Cook.Stir_p11_r08_v13_c03.mp4,p11,f,test,4
Walk_p15_r07_v03_c04.mp4,p15,m,train,30
Walk_p11_r04_v05_c04.mp4,p11,f,test,30
Laydown_p02_r00_v07_c05.mp4,p02,f,test,15
Drink.Fromcup_p13_r08_v21_c07.mp4,p13,f,train,9
Maketea.Insertteabag_p09_r00_v15_c03.mp4,p09,m,train,20
Maketea.Boilwater_p09_r00_v14_c06.mp4,p09,m,train,19
Drink.Fromcup_p19_r04_v01_c05.mp4,p19,f,train,9
Getup_p17_r10_v09_c01.mp4,p17,m,train,14
Walk_p14_r24_v02_c05.mp4,p14,m,test,30
Walk_p12_r09_v05_c05.mp4,p12,f,train,30
Walk_p14_r13_v07_c04.mp4,p14,m,test,30
Drink.Fromcup_p10_r10_v07_c04.mp4,p10,f,test,9
Drink.Fromcup_p12_r02_v12_c06.mp4,p12,f,train,9
Laydown_p20_r00_v02_c04.mp4,p20,f,test,15
Walk_p17_r01_v09_c01.mp4,p17,m,train,30
Takepills_p14_r00_v05_c04.mp4,p14,m,test,26
Walk_p15_r09_v14_c06.mp4,p15,m,train,30
Readbook_p12_r02_v05_c04.mp4,p12,f,train,24
Walk_p03_r02_v18_c03.mp4,p03,m,train,30
Cook.Stir_p18_r09_v15_c03.mp4,p18,m,test,4
Sitdown_p15_r02_v12_c01.mp4,p15,m,train,25
Walk_p17_r27_v04_c05.mp4,p17,m,train,30
Walk_p17_r00_v15_c06.mp4,p17,m,train,30
Sitdown_p07_r00_v08_c01.mp4,p07,f,train,25
Walk_p09_r03_v05_c05.mp4,p09,m,train,30
Drink.Fromcup_p12_r06_v04_c05.mp4,p12,f,train,9
Cook.Cleandishes_p03_r06_v18_c06.mp4,p03,m,train,1
Walk_p04_r00_v13_c01.mp4,p04,f,train,30
WatchTV_p04_r03_v05_c04.mp4,p04,f,train,31
Walk_p04_r04_v17_c06.mp4,p04,f,train,30
Getup_p19_r00_v01_c04.mp4,p19,f,train,14
Cook.Cleanup_p03_r09_v18_c07.mp4,p03,m,train,2
Makecoffee.Pourgrains_p11_r01_v12_c06.mp4,p11,f,test,17
Sitdown_p12_r08_v07_c04.mp4,p12,f,train,25
Makecoffee.Pourwater_p04_r00_v14_c03.mp4,p04,f,train,18
Drink.Fromcan_p02_r00_v07_c04.mp4,p02,f,test,8
Drink.Fromcup_p13_r05_v21_c03.mp4,p13,f,train,9
Drink.Fromcup_p15_r01_v14_c06.mp4,p15,m,train,9
Drink.Fromcup_p20_r03_v03_c04.mp4,p20,f,test,9
Getup_p11_r03_v05_c04.mp4,p11,f,test,14
Enter_p07_r00_v04_c07.mp4,p07,f,train,13
Drink.Fromcup_p13_r09_v11_c02.mp4,p13,f,train,9
Usetelephone_p09_r01_v01_c04.mp4,p09,m,train,29
Maketea.Boilwater_p03_r01_v15_c03.mp4,p03,m,train,19
Walk_p03_r12_v13_c02.mp4,p03,m,train,30
Sitdown_p19_r05_v01_c05.mp4,p19,f,train,25
Drink.Fromcup_p25_r06_v05_c05.mp4,p25,f,train,9
Sitdown_p14_r00_v03_c05.mp4,p14,m,test,25
Uselaptop_p03_r01_v06_c05.mp4,p03,m,train,27
WatchTV_p03_r04_v08_c04.mp4,p03,m,train,31
Getup_p10_r10_v03_c05.mp4,p10,f,test,14
Walk_p13_r00_v25_c05.mp4,p13,f,train,30
Drink.Fromcup_p19_r11_v04_c04.mp4,p19,f,train,9
Readbook_p16_r04_v05_c05.mp4,p16,f,test,24
Walk_p03_r24_v02_c05.mp4,p03,m,train,30
Sitdown_p13_r02_v25_c04.mp4,p13,f,train,25
Sitdown_p09_r02_v02_c05.mp4,p09,m,train,25
Leave_p04_r00_v15_c06.mp4,p04,f,train,16
Getup_p14_r01_v11_c02.mp4,p14,m,test,14
Readbook_p14_r05_v07_c04.mp4,p14,m,test,24
Pour.Frombottle_p02_r02_v17_c05.mp4,p02,f,test,21
Readbook_p02_r04_v06_c05.mp4,p02,f,test,24
Cutbread_p04_r01_v08_c01.mp4,p04,f,train,6
Getup_p09_r03_v10_c01.mp4,p09,m,train,14
Drink.Fromcup_p18_r03_v12_c01.mp4,p18,m,test,9
Leave_p06_r03_v15_c01.mp4,p06,f,train,16
Drink.Fromcup_p19_r13_v07_c01.mp4,p19,f,train,9
Walk_p04_r01_v14_c06.mp4,p04,f,train,30
Usetablet_p03_r01_v19_c04.mp4,p03,m,train,28
Walk_p11_r08_v04_c04.mp4,p11,f,test,30
Walk_p03_r04_v06_c05.mp4,p03,m,train,30
Uselaptop_p12_r00_v02_c04.mp4,p12,f,train,27
Readbook_p06_r04_v06_c05.mp4,p06,f,train,24
Cook.Usestove_p09_r03_v13_c06.mp4,p09,m,train,5
Readbook_p04_r14_v08_c01.mp4,p04,f,train,24
Eat.Snack_p06_r03_v11_c02.mp4,p06,f,train,12
Drink.Fromcup_p13_r03_v21_c03.mp4,p13,f,train,9
Getup_p02_r00_v11_c01.mp4,p02,f,test,14
Sitdown_p04_r05_v04_c04.mp4,p04,f,train,25
Sitdown_p17_r01_v02_c05.mp4,p17,m,train,25
Walk_p15_r37_v16_c06.mp4,p15,m,train,30
Drink.Fromcup_p18_r05_v11_c02.mp4,p18,m,test,9
Walk_p11_r05_v07_c04.mp4,p11,f,test,30
Drink.Fromcup_p03_r02_v16_c03.mp4,p03,m,train,9
Readbook_p06_r00_v14_c02.mp4,p06,f,train,24
Cook.Cleandishes_p07_r11_v20_c03.mp4,p07,f,train,1
Drink.Fromcup_p18_r02_v01_c04.mp4,p18,m,test,9
Usetablet_p06_r00_v04_c04.mp4,p06,f,train,28
WatchTV_p12_r02_v07_c05.mp4,p12,f,train,31
Walk_p25_r06_v08_c03.mp4,p25,f,train,30
Drink.Fromglass_p13_r01_v06_c04.mp4,p13,f,train,10
Drink.Fromcup_p17_r03_v01_c04.mp4,p17,m,train,9
Drink.Frombottle_p14_r00_v08_c04.mp4,p14,m,test,7
Readbook_p15_r01_v04_c05.mp4,p15,m,train,24
Drink.Frombottle_p13_r00_v11_c02.mp4,p13,f,train,7
Drink.Frombottle_p04_r06_v04_c05.mp4,p04,f,train,7
Pour.Frombottle_p17_r02_v09_c01.mp4,p17,m,train,21
Walk_p25_r13_v12_c06.mp4,p25,f,train,30
Walk_p14_r05_v10_c02.mp4,p14,m,test,30
Cook.Stir_p20_r00_v16_c03.mp4,p20,f,test,4
Eat.Attable_p09_r29_v08_c01.mp4,p09,m,train,11
Walk_p03_r24_v04_c04.mp4,p03,m,train,30
Walk_p09_r07_v12_c03.mp4,p09,m,train,30
Walk_p16_r05_v13_c06.mp4,p16,f,test,30
Getup_p20_r01_v10_c01.mp4,p20,f,test,14
Usetelephone_p17_r02_v02_c04.mp4,p17,m,train,29
Cook.Cleandishes_p06_r04_v13_c06.mp4,p06,f,train,1
Eat.Attable_p16_r26_v06_c01.mp4,p16,f,test,11
Drink.Fromcup_p19_r01_v14_c06.mp4,p19,f,train,9
Readbook_p02_r00_v11_c02.mp4,p02,f,test,24
Getup_p03_r08_v05_c05.mp4,p03,m,train,14
Cook.Cleandishes_p10_r09_v11_c03.mp4,p10,f,test,1
Pour.Fromcan_p14_r00_v11_c02.mp4,p14,m,test,22
Walk_p02_r25_v14_c06.mp4,p02,f,test,30
Readbook_p13_r00_v09_c01.mp4,p13,f,train,24
Walk_p16_r03_v10_c02.mp4,p16,f,test,30
Drink.Fromcup_p15_r03_v12_c01.mp4,p15,m,train,9
Walk_p17_r02_v07_c02.mp4,p17,m,train,30
Cook.Stir_p02_r00_v14_c03.mp4,p02,f,test,4
Drink.Fromcup_p04_r02_v16_c07.mp4,p04,f,train,9
Walk_p17_r00_v06_c05.mp4,p17,m,train,30
Drink.Fromcup_p25_r12_v12_c06.mp4,p25,f,train,9
Drink.Fromcup_p04_r07_v15_c06.mp4,p04,f,train,9
Enter_p12_r01_v06_c04.mp4,p12,f,train,13
Drink.Fromcup_p19_r15_v01_c04.mp4,p19,f,train,9
Drink.Fromcup_p07_r02_v20_c07.mp4,p07,f,train,9
Eat.Snack_p11_r07_v13_c03.mp4,p11,f,test,12
Walk_p02_r05_v02_c07.mp4,p02,f,test,30
Walk_p09_r08_v05_c05.mp4,p09,m,train,30
Sitdown_p06_r00_v08_c02.mp4,p06,f,train,25
Cook.Stir_p20_r03_v16_c03.mp4,p20,f,test,4
Walk_p25_r08_v14_c07.mp4,p25,f,train,30
Drink.Fromcup_p16_r00_v11_c01.mp4,p16,f,test,9
Enter_p11_r01_v11_c07.mp4,p11,f,test,13
Cook.Cleanup_p04_r00_v17_c06.mp4,p04,f,train,2
Drink.Fromcup_p17_r04_v01_c05.mp4,p17,m,train,9
Walk_p25_r09_v14_c03.mp4,p25,f,train,30
Laydown_p18_r00_v06_c04.mp4,p18,m,test,15
Walk_p17_r07_v15_c06.mp4,p17,m,train,30
Walk_p02_r01_v01_c06.mp4,p02,f,test,30
Readbook_p13_r00_v05_c04.mp4,p13,f,train,24
Walk_p25_r10_v04_c05.mp4,p25,f,train,30
Usetelephone_p03_r00_v07_c05.mp4,p03,m,train,29
Maketea.Boilwater_p10_r00_v11_c03.mp4,p10,f,test,19
Eat.Attable_p20_r23_v08_c01.mp4,p20,f,test,11
Makecoffee.Pourwater_p19_r00_v14_c06.mp4,p19,f,train,18
Drink.Frombottle_p20_r00_v05_c05.mp4,p20,f,test,7
Cook.Stir_p25_r01_v16_c03.mp4,p25,f,train,4
Sitdown_p20_r02_v10_c01.mp4,p20,f,test,25
Takepills_p20_r00_v09_c01.mp4,p20,f,test,26
Drink.Fromcup_p13_r03_v19_c01.mp4,p13,f,train,9
Enter_p07_r01_v07_c05.mp4,p07,f,train,13
Cook.Stir_p02_r09_v14_c03.mp4,p02,f,test,4
Walk_p15_r04_v01_c04.mp4,p15,m,train,30
Enter_p07_r04_v07_c05.mp4,p07,f,train,13
Readbook_p13_r06_v06_c04.mp4,p13,f,train,24
Usetelephone_p10_r00_v14_c03.mp4,p10,f,test,29
Drink.Fromcup_p13_r08_v20_c03.mp4,p13,f,train,9
Walk_p09_r00_v04_c04.mp4,p09,m,train,30
Leave_p09_r01_v05_c04.mp4,p09,m,train,16
Walk_p16_r03_v12_c03.mp4,p16,f,test,30
Pour.Frombottle_p06_r00_v09_c02.mp4,p06,f,train,21
Walk_p20_r10_v13_c03.mp4,p20,f,test,30
Readbook_p20_r02_v01_c05.mp4,p20,f,test,24
Eat.Snack_p06_r01_v06_c04.mp4,p06,f,train,12
Drink.Fromcup_p17_r01_v03_c04.mp4,p17,m,train,9
Eat.Snack_p19_r00_v12_c03.mp4,p19,f,train,12
Getup_p12_r01_v07_c05.mp4,p12,f,train,14
Uselaptop_p14_r05_v02_c04.mp4,p14,m,test,27
Sitdown_p03_r04_v11_c01.mp4,p03,m,train,25
Maketea.Insertteabag_p11_r00_v12_c03.mp4,p11,f,test,20
Cook.Cleandishes_p07_r12_v20_c06.mp4,p07,f,train,1
Eat.Attable_p16_r01_v06_c02.mp4,p16,f,test,11
Leave_p04_r02_v05_c05.mp4,p04,f,train,16
Cook.Cut_p02_r03_v15_c06.mp4,p02,f,test,3
Getup_p10_r09_v02_c05.mp4,p10,f,test,14
Leave_p06_r02_v12_c03.mp4,p06,f,train,16
Cook.Cleanup_p10_r07_v11_c06.mp4,p10,f,test,2
Cook.Cleandishes_p09_r02_v13_c06.mp4,p09,m,train,1
Eat.Attable_p13_r02_v09_c01.mp4,p13,f,train,11
Readbook_p16_r25_v06_c02.mp4,p16,f,test,24
Cook.Stir_p09_r02_v12_c07.mp4,p09,m,train,4
Walk_p14_r47_v05_c05.mp4,p14,m,test,30
Walk_p25_r00_v17_c01.mp4,p25,f,train,30
Laydown_p03_r02_v02_c05.mp4,p03,m,train,15
Sitdown_p13_r05_v10_c02.mp4,p13,f,train,25
Walk_p12_r19_v07_c05.mp4,p12,f,train,30
Drink.Fromcup_p02_r03_v11_c01.mp4,p02,f,test,9
Usetelephone_p15_r00_v02_c04.mp4,p15,m,train,29
WatchTV_p04_r06_v03_c04.mp4,p04,f,train,31
Uselaptop_p14_r00_v10_c02.mp4,p14,m,test,27
Walk_p17_r03_v11_c03.mp4,p17,m,train,30
Eat.Snack_p06_r00_v14_c02.mp4,p06,f,train,12
Drink.Fromcup_p16_r00_v03_c04.mp4,p16,f,test,9
Drink.Fromcup_p13_r00_v10_c01.mp4,p13,f,train,9
Pour.Frombottle_p18_r02_v12_c02.mp4,p18,m,test,21
Cook.Cut_p20_r04_v15_c07.mp4,p20,f,test,3
Uselaptop_p14_r01_v11_c01.mp4,p14,m,test,27
Walk_p14_r05_v08_c04.mp4,p14,m,test,30
Uselaptop_p07_r00_v07_c05.mp4,p07,f,train,27
Walk_p19_r03_v08_c02.mp4,p19,f,train,30
Drink.Fromcan_p11_r04_v09_c01.mp4,p11,f,test,8
Eat.Attable_p07_r18_v08_c01.mp4,p07,f,train,11
Drink.Fromcan_p11_r03_v09_c01.mp4,p11,f,test,8
Walk_p17_r00_v10_c02.mp4,p17,m,train,30
Sitdown_p19_r02_v01_c04.mp4,p19,f,train,25
Getup_p19_r01_v02_c04.mp4,p19,f,train,14
Drink.Fromcup_p19_r06_v02_c04.mp4,p19,f,train,9
Walk_p12_r07_v04_c05.mp4,p12,f,train,30
Sitdown_p04_r00_v03_c05.mp4,p04,f,train,25
Walk_p15_r07_v11_c02.mp4,p15,m,train,30
Usetelephone_p10_r01_v01_c04.mp4,p10,f,test,29
WatchTV_p10_r04_v03_c05.mp4,p10,f,test,31
Cook.Stir_p02_r02_v14_c06.mp4,p02,f,test,4
Sitdown_p06_r04_v09_c02.mp4,p06,f,train,25
Drink.Fromcup_p17_r17_v01_c05.mp4,p17,m,train,9
Cook.Stir_p04_r00_v17_c03.mp4,p04,f,train,4
Readbook_p06_r02_v11_c01.mp4,p06,f,train,24
Sitdown_p06_r00_v04_c04.mp4,p06,f,train,25
Walk_p04_r07_v17_c03.mp4,p04,f,train,30
Walk_p11_r10_v06_c04.mp4,p11,f,test,30
Drink.Fromcup_p16_r13_v12_c03.mp4,p16,f,test,9
Walk_p20_r16_v03_c05.mp4,p20,f,test,30
Drink.Fromcan_p14_r00_v11_c02.mp4,p14,m,test,8
Readbook_p04_r03_v04_c04.mp4,p04,f,train,24
Drink.Fromcup_p25_r07_v14_c03.mp4,p25,f,train,9
Drink.Fromglass_p03_r04_v18_c03.mp4,p03,m,train,10
Drink.Fromcup_p03_r04_v06_c05.mp4,p03,m,train,9
Maketea.Boilwater_p14_r00_v14_c06.mp4,p14,m,test,19
Readbook_p16_r27_v06_c02.mp4,p16,f,test,24
Eat.Attable_p14_r07_v09_c01.mp4,p14,m,test,11
Drink.Fromcup_p10_r05_v07_c04.mp4,p10,f,test,9
Getup_p20_r05_v01_c05.mp4,p20,f,test,14
Usetelephone_p15_r01_v01_c04.mp4,p15,m,train,29
Takepills_p03_r01_v19_c04.mp4,p03,m,train,26
WatchTV_p06_r03_v03_c04.mp4,p06,f,train,31
Walk_p15_r01_v13_c07.mp4,p15,m,train,30
Takepills_p25_r00_v03_c04.mp4,p25,f,train,26
Getup_p03_r04_v13_c01.mp4,p03,m,train,14
Readbook_p15_r00_v01_c04.mp4,p15,m,train,24
Walk_p16_r02_v13_c06.mp4,p16,f,test,30
Drink.Frombottle_p18_r01_v05_c05.mp4,p18,m,test,7
Sitdown_p06_r02_v15_c02.mp4,p06,f,train,25
Walk_p12_r26_v06_c05.mp4,p12,f,train,30
Drink.Frombottle_p14_r00_v07_c05.mp4,p14,m,test,7
Pour.Fromcan_p14_r00_v05_c04.mp4,p14,m,test,22
WatchTV_p20_r08_v05_c05.mp4,p20,f,test,31
Walk_p09_r01_v16_c06.mp4,p09,m,train,30
Getup_p06_r00_v08_c01.mp4,p06,f,train,14
Walk_p11_r03_v13_c03.mp4,p11,f,test,30
Walk_p17_r02_v05_c04.mp4,p17,m,train,30
Walk_p07_r00_v03_c03.mp4,p07,f,train,30
Pour.Frombottle_p10_r02_v10_c01.mp4,p10,f,test,21
Walk_p17_r02_v03_c04.mp4,p17,m,train,30
Walk_p09_r10_v13_c03.mp4,p09,m,train,30
Makecoffee.Pourgrains_p12_r00_v11_c06.mp4,p12,f,train,17
Readbook_p04_r06_v05_c05.mp4,p04,f,train,24
Leave_p10_r02_v12_c06.mp4,p10,f,test,16
Uselaptop_p02_r10_v12_c02.mp4,p02,f,test,27
Sitdown_p14_r03_v12_c02.mp4,p14,m,test,25
Sitdown_p14_r13_v02_c05.mp4,p14,m,test,25
Walk_p09_r05_v15_c06.mp4,p09,m,train,30
Cook.Stir_p09_r06_v13_c07.mp4,p09,m,train,4
Cook.Stir_p10_r02_v12_c07.mp4,p10,f,test,4
Sitdown_p17_r03_v10_c02.mp4,p17,m,train,25
Makecoffee.Pourwater_p19_r00_v11_c03.mp4,p19,f,train,18
Walk_p25_r09_v05_c05.mp4,p25,f,train,30
Eat.Snack_p06_r01_v06_c05.mp4,p06,f,train,12
Drink.Fromcup_p15_r00_v09_c01.mp4,p15,m,train,9
Drink.Fromcup_p02_r08_v11_c01.mp4,p02,f,test,9
WatchTV_p14_r02_v06_c05.mp4,p14,m,test,31
Getup_p16_r02_v03_c04.mp4,p16,f,test,14
Uselaptop_p12_r01_v02_c05.mp4,p12,f,train,27
Walk_p03_r02_v11_c02.mp4,p03,m,train,30
Enter_p09_r00_v05_c04.mp4,p09,m,train,13
Cook.Cleandishes_p03_r11_v18_c06.mp4,p03,m,train,1
Walk_p17_r00_v06_c04.mp4,p17,m,train,30
Enter_p03_r00_v16_c06.mp4,p03,m,train,13
Sitdown_p04_r00_v10_c02.mp4,p04,f,train,25
Uselaptop_p04_r00_v06_c05.mp4,p04,f,train,27
Walk_p25_r10_v14_c07.mp4,p25,f,train,30
Eat.Attable_p04_r03_v08_c01.mp4,p04,f,train,11
Walk_p03_r29_v04_c05.mp4,p03,m,train,30
WatchTV_p07_r02_v02_c05.mp4,p07,f,train,31
Walk_p09_r07_v15_c03.mp4,p09,m,train,30
Getup_p19_r05_v10_c01.mp4,p19,f,train,14
Walk_p10_r01_v01_c05.mp4,p10,f,test,30
Drink.Frombottle_p16_r00_v15_c03.mp4,p16,f,test,7
Pour.Fromkettle_p13_r01_v20_c03.mp4,p13,f,train,23
Drink.Fromcup_p04_r00_v17_c03.mp4,p04,f,train,9
Walk_p02_r16_v08_c05.mp4,p02,f,test,30
Pour.Fromkettle_p09_r00_v15_c03.mp4,p09,m,train,23
Walk_p25_r04_v04_c05.mp4,p25,f,train,30
Walk_p13_r00_v21_c07.mp4,p13,f,train,30
Sitdown_p13_r04_v11_c01.mp4,p13,f,train,25
Leave_p11_r01_v07_c04.mp4,p11,f,test,16
Walk_p16_r00_v07_c01.mp4,p16,f,test,30
Walk_p20_r02_v13_c03.mp4,p20,f,test,30
Drink.Fromcan_p06_r01_v11_c02.mp4,p06,f,train,8
Walk_p09_r05_v15_c03.mp4,p09,m,train,30
Cook.Usestove_p09_r09_v13_c03.mp4,p09,m,train,5
Drink.Fromcup_p10_r05_v06_c05.mp4,p10,f,test,9
WatchTV_p20_r04_v07_c05.mp4,p20,f,test,31
Usetelephone_p03_r01_v13_c01.mp4,p03,m,train,29
Drink.Fromcup_p19_r01_v11_c06.mp4,p19,f,train,9
Walk_p17_r10_v11_c06.mp4,p17,m,train,30
WatchTV_p12_r01_v02_c05.mp4,p12,f,train,31
Drink.Fromcup_p17_r00_v09_c02.mp4,p17,m,train,9
Usetelephone_p04_r02_v04_c04.mp4,p04,f,train,29
Sitdown_p10_r05_v06_c04.mp4,p10,f,test,25
Walk_p06_r05_v12_c07.mp4,p06,f,train,30
Eat.Attable_p16_r14_v06_c01.mp4,p16,f,test,11
Cook.Cut_p15_r01_v15_c07.mp4,p15,m,train,3
Usetelephone_p02_r05_v09_c05.mp4,p02,f,test,29
Uselaptop_p02_r02_v12_c02.mp4,p02,f,test,27
Sitdown_p09_r00_v05_c04.mp4,p09,m,train,25
Getup_p14_r08_v06_c04.mp4,p14,m,test,14
Drink.Fromcup_p14_r07_v05_c05.mp4,p14,m,test,9
Drink.Fromglass_p25_r02_v10_c01.mp4,p25,f,train,10
Walk_p19_r01_v14_c06.mp4,p19,f,train,30
Leave_p09_r01_v09_c01.mp4,p09,m,train,16
Drink.Fromcan_p11_r07_v09_c01.mp4,p11,f,test,8
Getup_p13_r01_v10_c02.mp4,p13,f,train,14
Usetelephone_p03_r04_v02_c05.mp4,p03,m,train,29
WatchTV_p25_r08_v01_c04.mp4,p25,f,train,31
Drink.Fromcup_p02_r01_v02_c03.mp4,p02,f,test,9
Readbook_p14_r02_v01_c05.mp4,p14,m,test,24
Walk_p12_r03_v01_c04.mp4,p12,f,train,30
Cook.Stir_p09_r00_v13_c06.mp4,p09,m,train,4
Cook.Cleandishes_p07_r07_v20_c03.mp4,p07,f,train,1
Walk_p13_r06_v04_c04.mp4,p13,f,train,30
Drink.Fromcup_p20_r13_v02_c05.mp4,p20,f,test,9
Walk_p06_r07_v12_c03.mp4,p06,f,train,30
Takepills_p11_r01_v09_c01.mp4,p11,f,test,26
Drink.Fromcup_p25_r04_v03_c04.mp4,p25,f,train,9
Makecoffee.Pourgrains_p20_r01_v13_c03.mp4,p20,f,test,17
Cook.Cleandishes_p11_r00_v12_c06.mp4,p11,f,test,1
Walk_p18_r02_v01_c05.mp4,p18,m,test,30
Usetelephone_p09_r00_v04_c05.mp4,p09,m,train,29
Usetelephone_p15_r06_v02_c04.mp4,p15,m,train,29
Enter_p25_r02_v06_c04.mp4,p25,f,train,13
Drink.Fromcup_p07_r03_v20_c07.mp4,p07,f,train,9
Getup_p12_r12_v05_c05.mp4,p12,f,train,14
Maketea.Insertteabag_p16_r00_v14_c03.mp4,p16,f,test,20
Cook.Cleandishes_p10_r02_v14_c03.mp4,p10,f,test,1
Getup_p14_r00_v10_c02.mp4,p14,m,test,14
Sitdown_p18_r05_v12_c02.mp4,p18,m,test,25
Readbook_p17_r01_v03_c04.mp4,p17,m,train,24
Drink.Fromcup_p04_r01_v06_c05.mp4,p04,f,train,9
Cook.Usestove_p10_r00_v13_c06.mp4,p10,f,test,5
Pour.Fromcan_p25_r00_v09_c02.mp4,p25,f,train,22
Walk_p15_r07_v15_c06.mp4,p15,m,train,30
Walk_p15_r07_v16_c07.mp4,p15,m,train,30
Eat.Attable_p18_r03_v09_c02.mp4,p18,m,test,11
Eat.Attable_p18_r06_v12_c02.mp4,p18,m,test,11
Drink.Fromcup_p16_r01_v14_c03.mp4,p16,f,test,9
Walk_p15_r14_v02_c04.mp4,p15,m,train,30
Sitdown_p15_r00_v11_c01.mp4,p15,m,train,25
Takepills_p14_r02_v06_c05.mp4,p14,m,test,26
Walk_p03_r01_v08_c04.mp4,p03,m,train,30
WatchTV_p03_r03_v19_c05.mp4,p03,m,train,31
Drink.Fromcup_p02_r00_v14_c06.mp4,p02,f,test,9
Sitdown_p16_r03_v02_c05.mp4,p16,f,test,25
Cook.Stir_p16_r02_v15_c03.mp4,p16,f,test,4
Walk_p17_r15_v11_c06.mp4,p17,m,train,30
Drink.Fromcup_p10_r15_v02_c04.mp4,p10,f,test,9
Drink.Fromglass_p03_r10_v18_c06.mp4,p03,m,train,10
Cook.Cleandishes_p17_r01_v12_c03.mp4,p17,m,train,1
Drink.Fromcan_p13_r01_v23_c03.mp4,p13,f,train,8
Readbook_p19_r13_v08_c02.mp4,p19,f,train,24
Drink.Fromcup_p19_r06_v10_c01.mp4,p19,f,train,9
Makecoffee.Pourgrains_p04_r00_v14_c06.mp4,p04,f,train,17
Walk_p02_r21_v09_c05.mp4,p02,f,test,30
Getup_p03_r02_v11_c01.mp4,p03,m,train,14
Drink.Fromcan_p18_r10_v08_c04.mp4,p18,m,test,8
Drink.Fromcup_p19_r08_v01_c04.mp4,p19,f,train,9
Drink.Fromcup_p13_r03_v03_c04.mp4,p13,f,train,9
WatchTV_p04_r03_v06_c05.mp4,p04,f,train,31
Drink.Fromcan_p04_r03_v03_c05.mp4,p04,f,train,8
Getup_p25_r03_v05_c05.mp4,p25,f,train,14
Walk_p09_r02_v10_c01.mp4,p09,m,train,30
WatchTV_p19_r12_v01_c05.mp4,p19,f,train,31
Sitdown_p17_r04_v03_c05.mp4,p17,m,train,25
Walk_p02_r06_v14_c03.mp4,p02,f,test,30
Uselaptop_p25_r02_v04_c05.mp4,p25,f,train,27
Uselaptop_p14_r00_v06_c05.mp4,p14,m,test,27
Drink.Fromcup_p16_r10_v12_c03.mp4,p16,f,test,9
Makecoffee.Pourwater_p12_r03_v11_c06.mp4,p12,f,train,18
Cook.Cleanup_p06_r01_v12_c03.mp4,p06,f,train,2
Drink.Fromcup_p03_r00_v06_c04.mp4,p03,m,train,9
Usetelephone_p09_r00_v05_c04.mp4,p09,m,train,29
Cook.Stir_p11_r07_v13_c06.mp4,p11,f,test,4
Takepills_p17_r02_v03_c05.mp4,p17,m,train,26
Usetelephone_p18_r00_v10_c01.mp4,p18,m,test,29
Walk_p25_r14_v04_c05.mp4,p25,f,train,30
Drink.Fromcan_p14_r00_v05_c05.mp4,p14,m,test,8
Drink.Fromcup_p25_r03_v10_c02.mp4,p25,f,train,9
Pour.Frombottle_p14_r05_v03_c04.mp4,p14,m,test,21
Getup_p15_r01_v12_c01.mp4,p15,m,train,14
Getup_p15_r02_v02_c05.mp4,p15,m,train,14
Getup_p19_r04_v01_c05.mp4,p19,f,train,14
Drink.Fromcup_p06_r02_v12_c03.mp4,p06,f,train,9
Eat.Attable_p02_r03_v11_c02.mp4,p02,f,test,11
Usetelephone_p03_r00_v11_c02.mp4,p03,m,train,29
WatchTV_p10_r03_v06_c05.mp4,p10,f,test,31
Drink.Fromcup_p15_r01_v09_c02.mp4,p15,m,train,9
Walk_p02_r10_v18_c05.mp4,p02,f,test,30
Sitdown_p14_r01_v10_c01.mp4,p14,m,test,25
Walk_p20_r07_v13_c07.mp4,p20,f,test,30
Sitdown_p12_r07_v06_c05.mp4,p12,f,train,25
Getup_p12_r00_v02_c05.mp4,p12,f,train,14
Pour.Frombottle_p02_r03_v14_c06.mp4,p02,f,test,21
Walk_p25_r00_v16_c03.mp4,p25,f,train,30
Walk_p02_r08_v18_c05.mp4,p02,f,test,30
Cook.Stir_p17_r03_v14_c07.mp4,p17,m,train,4
Drink.Fromcup_p19_r06_v03_c05.mp4,p19,f,train,9
Uselaptop_p14_r01_v04_c04.mp4,p14,m,test,27
Drink.Frombottle_p04_r02_v06_c04.mp4,p04,f,train,7
Cook.Cleanup_p15_r01_v13_c03.mp4,p15,m,train,2
Cook.Stir_p09_r20_v12_c03.mp4,p09,m,train,4
Walk_p25_r04_v14_c07.mp4,p25,f,train,30
Drink.Fromcup_p02_r04_v11_c01.mp4,p02,f,test,9
Walk_p03_r06_v12_c01.mp4,p03,m,train,30
Usetelephone_p14_r04_v01_c05.mp4,p14,m,test,29
Drink.Frombottle_p12_r04_v04_c05.mp4,p12,f,train,7
Uselaptop_p13_r00_v04_c04.mp4,p13,f,train,27
Walk_p13_r01_v25_c05.mp4,p13,f,train,30
Walk_p25_r10_v17_c02.mp4,p25,f,train,30
Leave_p25_r00_v15_c03.mp4,p25,f,train,16
Eat.Attable_p07_r06_v08_c01.mp4,p07,f,train,11
Walk_p11_r13_v07_c04.mp4,p11,f,test,30
Walk_p04_r20_v05_c05.mp4,p04,f,train,30
Readbook_p07_r00_v02_c05.mp4,p07,f,train,24
Drink.Fromcan_p14_r01_v07_c05.mp4,p14,m,test,8
Cook.Cleanup_p18_r01_v13_c03.mp4,p18,m,test,2
Walk_p04_r11_v16_c03.mp4,p04,f,train,30
Drink.Fromcup_p06_r04_v12_c03.mp4,p06,f,train,9
Leave_p03_r03_v19_c04.mp4,p03,m,train,16
Readbook_p18_r03_v12_c02.mp4,p18,m,test,24
Walk_p15_r00_v12_c02.mp4,p15,m,train,30
Walk_p16_r02_v04_c05.mp4,p16,f,test,30
Walk_p17_r17_v11_c06.mp4,p17,m,train,30
Sitdown_p06_r01_v07_c01.mp4,p06,f,train,25
Usetelephone_p10_r00_v13_c03.mp4,p10,f,test,29
Enter_p06_r01_v26_c01.mp4,p06,f,train,13
Cook.Cleanup_p03_r00_v15_c03.mp4,p03,m,train,2
Walk_p02_r38_v14_c06.mp4,p02,f,test,30
Drink.Fromcup_p25_r00_v05_c04.mp4,p25,f,train,9
Cook.Stir_p09_r09_v13_c07.mp4,p09,m,train,4
Cook.Cut_p06_r02_v13_c03.mp4,p06,f,train,3
WatchTV_p03_r06_v07_c04.mp4,p03,m,train,31
Walk_p14_r09_v07_c04.mp4,p14,m,test,30
Walk_p25_r05_v05_c05.mp4,p25,f,train,30
Walk_p06_r03_v13_c06.mp4,p06,f,train,30
Pour.Frombottle_p03_r00_v08_c04.mp4,p03,m,train,21
Leave_p09_r00_v05_c05.mp4,p09,m,train,16
Enter_p04_r00_v05_c05.mp4,p04,f,train,13
Cook.Cleandishes_p04_r03_v17_c03.mp4,p04,f,train,1
Drink.Fromcup_p07_r03_v04_c05.mp4,p07,f,train,9
Walk_p06_r00_v13_c07.mp4,p06,f,train,30
Usetelephone_p11_r00_v06_c04.mp4,p11,f,test,29
Walk_p16_r07_v14_c06.mp4,p16,f,test,30
Pour.Fromcan_p19_r00_v09_c01.mp4,p19,f,train,22
Eat.Attable_p19_r10_v07_c01.mp4,p19,f,train,11
Sitdown_p14_r05_v05_c04.mp4,p14,m,test,25
Walk_p17_r15_v09_c02.mp4,p17,m,train,30
Drink.Fromcup_p14_r09_v04_c05.mp4,p14,m,test,9
Drink.Fromcup_p02_r07_v02_c03.mp4,p02,f,test,9
Walk_p11_r09_v13_c06.mp4,p11,f,test,30
Sitdown_p19_r06_v01_c04.mp4,p19,f,train,25
Walk_p04_r06_v17_c07.mp4,p04,f,train,30
Getup_p06_r03_v05_c05.mp4,p06,f,train,14
Drink.Fromcup_p06_r03_v03_c05.mp4,p06,f,train,9
Sitdown_p04_r00_v08_c01.mp4,p04,f,train,25
Walk_p15_r02_v05_c04.mp4,p15,m,train,30
Drink.Fromcup_p06_r00_v12_c06.mp4,p06,f,train,9
Eat.Snack_p13_r00_v21_c06.mp4,p13,f,train,12
Enter_p20_r00_v16_c07.mp4,p20,f,test,13
Uselaptop_p09_r00_v05_c04.mp4,p09,m,train,27
WatchTV_p25_r04_v06_c05.mp4,p25,f,train,31
Readbook_p06_r08_v07_c01.mp4,p06,f,train,24
Drink.Fromcup_p10_r07_v07_c05.mp4,p10,f,test,9
Drink.Fromcup_p02_r01_v18_c05.mp4,p02,f,test,9
Readbook_p13_r04_v07_c04.mp4,p13,f,train,24
Drink.Frombottle_p16_r00_v15_c06.mp4,p16,f,test,7
Enter_p07_r00_v01_c05.mp4,p07,f,train,13
Walk_p17_r23_v04_c05.mp4,p17,m,train,30
Sitdown_p06_r03_v03_c04.mp4,p06,f,train,25
Readbook_p14_r00_v06_c04.mp4,p14,m,test,24
Readbook_p12_r00_v05_c05.mp4,p12,f,train,24
Drink.Fromglass_p03_r07_v18_c03.mp4,p03,m,train,10
Eat.Attable_p07_r12_v08_c01.mp4,p07,f,train,11
Walk_p09_r09_v15_c06.mp4,p09,m,train,30
Walk_p25_r04_v10_c02.mp4,p25,f,train,30
Pour.Frombottle_p13_r03_v24_c04.mp4,p13,f,train,21
Drink.Fromcup_p17_r00_v15_c03.mp4,p17,m,train,9
Cook.Stir_p09_r12_v12_c03.mp4,p09,m,train,4
Cook.Stir_p25_r02_v15_c06.mp4,p25,f,train,4
Drink.Fromcup_p14_r00_v08_c05.mp4,p14,m,test,9
Eat.Attable_p04_r05_v08_c01.mp4,p04,f,train,11
Readbook_p16_r21_v06_c02.mp4,p16,f,test,24
Walk_p10_r16_v13_c07.mp4,p10,f,test,30
Drink.Fromcup_p18_r01_v12_c01.mp4,p18,m,test,9
Uselaptop_p12_r02_v02_c04.mp4,p12,f,train,27
Enter_p17_r00_v12_c07.mp4,p17,m,train,13
Pour.Frombottle_p10_r00_v13_c03.mp4,p10,f,test,21
Cook.Cleandishes_p07_r05_v20_c03.mp4,p07,f,train,1
Walk_p11_r05_v04_c04.mp4,p11,f,test,30
Cook.Stir_p15_r01_v15_c06.mp4,p15,m,train,4
Cook.Cleanup_p03_r02_v18_c06.mp4,p03,m,train,2
Walk_p03_r12_v15_c03.mp4,p03,m,train,30
Walk_p16_r08_v12_c06.mp4,p16,f,test,30
Sitdown_p15_r00_v08_c02.mp4,p15,m,train,25
Makecoffee.Pourgrains_p17_r00_v12_c06.mp4,p17,m,train,17
Sitdown_p06_r03_v14_c02.mp4,p06,f,train,25
Walk_p16_r06_v12_c06.mp4,p16,f,test,30
Enter_p15_r00_v15_c07.mp4,p15,m,train,13
Walk_p17_r10_v04_c05.mp4,p17,m,train,30
Drink.Fromcup_p15_r04_v08_c01.mp4,p15,m,train,9
Eat.Attable_p07_r44_v08_c02.mp4,p07,f,train,11
Readbook_p16_r00_v11_c01.mp4,p16,f,test,24
Laydown_p10_r02_v03_c05.mp4,p10,f,test,15
Getup_p12_r03_v05_c05.mp4,p12,f,train,14
Walk_p02_r15_v01_c06.mp4,p02,f,test,30
Walk_p11_r10_v13_c07.mp4,p11,f,test,30
WatchTV_p10_r00_v03_c05.mp4,p10,f,test,31
Walk_p25_r06_v04_c05.mp4,p25,f,train,30
WatchTV_p03_r03_v07_c04.mp4,p03,m,train,31
Readbook_p18_r06_v07_c05.mp4,p18,m,test,24
Eat.Attable_p09_r10_v08_c01.mp4,p09,m,train,11
Maketea.Insertteabag_p03_r00_v15_c03.mp4,p03,m,train,20
Readbook_p14_r00_v08_c04.mp4,p14,m,test,24
Readbook_p17_r01_v08_c01.mp4,p17,m,train,24
Readbook_p02_r04_v05_c04.mp4,p02,f,test,24
Cook.Cleandishes_p17_r00_v15_c03.mp4,p17,m,train,1
Maketea.Boilwater_p17_r00_v13_c03.mp4,p17,m,train,19
Cook.Stir_p09_r21_v12_c03.mp4,p09,m,train,4
Cook.Stir_p04_r04_v17_c07.mp4,p04,f,train,4
Eat.Attable_p04_r03_v12_c02.mp4,p04,f,train,11
Cook.Cleandishes_p10_r02_v12_c03.mp4,p10,f,test,1
Walk_p17_r01_v05_c04.mp4,p17,m,train,30
Readbook_p03_r02_v01_c05.mp4,p03,m,train,24
Leave_p10_r03_v06_c04.mp4,p10,f,test,16
Cook.Cut_p10_r00_v12_c03.mp4,p10,f,test,3
Eat.Snack_p10_r03_v13_c06.mp4,p10,f,test,12
Eat.Attable_p13_r20_v19_c01.mp4,p13,f,train,11
Walk_p07_r09_v21_c07.mp4,p07,f,train,30
Cook.Stir_p07_r00_v21_c07.mp4,p07,f,train,4
Sitdown_p09_r02_v06_c05.mp4,p09,m,train,25
Walk_p20_r04_v14_c07.mp4,p20,f,test,30
Walk_p13_r01_v25_c04.mp4,p13,f,train,30
Uselaptop_p14_r00_v08_c05.mp4,p14,m,test,27
Cook.Stir_p07_r17_v21_c07.mp4,p07,f,train,4
Walk_p04_r00_v16_c06.mp4,p04,f,train,30
Eat.Attable_p14_r13_v09_c02.mp4,p14,m,test,11
Cook.Cleandishes_p03_r12_v18_c06.mp4,p03,m,train,1
Readbook_p09_r00_v06_c05.mp4,p09,m,train,24
Cook.Cleanup_p03_r05_v18_c07.mp4,p03,m,train,2
Drink.Fromcup_p10_r13_v02_c04.mp4,p10,f,test,9
Drink.Fromcup_p14_r07_v11_c01.mp4,p14,m,test,9
Cook.Cleanup_p25_r00_v16_c03.mp4,p25,f,train,2
Pour.Fromkettle_p12_r00_v11_c06.mp4,p12,f,train,23
Walk_p02_r03_v02_c03.mp4,p02,f,test,30
Walk_p11_r07_v12_c06.mp4,p11,f,test,30
Sitdown_p15_r01_v11_c02.mp4,p15,m,train,25
Sitdown_p14_r08_v01_c05.mp4,p14,m,test,25
Drink.Fromcup_p09_r01_v15_c03.mp4,p09,m,train,9
Drink.Fromcup_p13_r06_v03_c04.mp4,p13,f,train,9
Walk_p13_r04_v21_c03.mp4,p13,f,train,30
Getup_p14_r05_v13_c02.mp4,p14,m,test,14
Walk_p07_r00_v06_c05.mp4,p07,f,train,30
Walk_p10_r10_v12_c06.mp4,p10,f,test,30
Drink.Frombottle_p13_r00_v05_c04.mp4,p13,f,train,7
WatchTV_p07_r02_v06_c05.mp4,p07,f,train,31
Walk_p14_r21_v07_c04.mp4,p14,m,test,30
Drink.Fromcup_p04_r04_v05_c04.mp4,p04,f,train,9
Walk_p14_r09_v13_c02.mp4,p14,m,test,30
Drink.Fromcan_p02_r02_v07_c04.mp4,p02,f,test,8
Walk_p25_r14_v05_c05.mp4,p25,f,train,30
Walk_p03_r40_v04_c04.mp4,p03,m,train,30
Sitdown_p14_r12_v05_c05.mp4,p14,m,test,25
Drink.Fromcup_p16_r08_v14_c06.mp4,p16,f,test,9
Pour.Frombottle_p10_r00_v07_c04.mp4,p10,f,test,21
Walk_p13_r07_v20_c06.mp4,p13,f,train,30
Pour.Fromkettle_p04_r00_v14_c03.mp4,p04,f,train,23
Usetelephone_p15_r04_v02_c04.mp4,p15,m,train,29
Drink.Frombottle_p20_r01_v05_c05.mp4,p20,f,test,7
Eat.Attable_p14_r22_v09_c02.mp4,p14,m,test,11
Cook.Usestove_p06_r01_v13_c07.mp4,p06,f,train,5
Walk_p13_r03_v21_c06.mp4,p13,f,train,30
Getup_p09_r03_v05_c04.mp4,p09,m,train,14
Walk_p10_r05_v06_c05.mp4,p10,f,test,30
Getup_p04_r01_v05_c04.mp4,p04,f,train,14
Sitdown_p04_r00_v13_c01.mp4,p04,f,train,25
Drink.Fromcup_p15_r02_v10_c01.mp4,p15,m,train,9
Cook.Usestove_p09_r02_v13_c06.mp4,p09,m,train,5
Walk_p20_r01_v05_c05.mp4,p20,f,test,30
Drink.Fromcup_p19_r13_v01_c05.mp4,p19,f,train,9
Readbook_p25_r07_v14_c07.mp4,p25,f,train,24
Eat.Snack_p11_r02_v07_c04.mp4,p11,f,test,12
Walk_p11_r04_v04_c04.mp4,p11,f,test,30
Takepills_p09_r00_v10_c01.mp4,p09,m,train,26
Walk_p11_r01_v13_c03.mp4,p11,f,test,30
Walk_p02_r12_v08_c05.mp4,p02,f,test,30
Drink.Fromcup_p06_r02_v12_c06.mp4,p06,f,train,9
Cook.Stir_p09_r08_v12_c03.mp4,p09,m,train,4
Drink.Fromcan_p03_r00_v02_c04.mp4,p03,m,train,8
Eat.Attable_p16_r26_v06_c02.mp4,p16,f,test,11
Readbook_p12_r04_v14_c05.mp4,p12,f,train,24
Walk_p10_r02_v14_c03.mp4,p10,f,test,30
Drink.Fromcup_p02_r00_v16_c06.mp4,p02,f,test,9
Usetelephone_p07_r01_v02_c05.mp4,p07,f,train,29
Eat.Attable_p03_r05_v10_c01.mp4,p03,m,train,11
Usetelephone_p19_r02_v03_c05.mp4,p19,f,train,29
Sitdown_p17_r07_v04_c05.mp4,p17,m,train,25
Enter_p07_r02_v04_c05.mp4,p07,f,train,13
Drink.Fromcup_p12_r01_v07_c05.mp4,p12,f,train,9
Drink.Fromcup_p18_r01_v11_c01.mp4,p18,m,test,9
Getup_p06_r01_v06_c05.mp4,p06,f,train,14
Walk_p17_r02_v11_c03.mp4,p17,m,train,30
Walk_p04_r11_v05_c05.mp4,p04,f,train,30
Usetelephone_p16_r00_v08_c02.mp4,p16,f,test,29
Walk_p03_r02_v13_c02.mp4,p03,m,train,30
Walk_p04_r13_v05_c05.mp4,p04,f,train,30
Readbook_p02_r11_v05_c04.mp4,p02,f,test,24
Walk_p15_r11_v13_c06.mp4,p15,m,train,30
Leave_p09_r03_v05_c04.mp4,p09,m,train,16
Walk_p25_r14_v09_c02.mp4,p25,f,train,30
Cook.Cleandishes_p03_r02_v16_c06.mp4,p03,m,train,1
Cook.Cleanup_p15_r00_v16_c03.mp4,p15,m,train,2
Cook.Cleanup_p10_r01_v13_c03.mp4,p10,f,test,2
Walk_p13_r00_v11_c02.mp4,p13,f,train,30
Sitdown_p17_r04_v09_c02.mp4,p17,m,train,25
Getup_p17_r01_v10_c02.mp4,p17,m,train,14
Cutbread_p17_r00_v10_c01.mp4,p17,m,train,6
Walk_p15_r05_v04_c04.mp4,p15,m,train,30
Cook.Cut_p10_r00_v13_c06.mp4,p10,f,test,3
Walk_p06_r08_v12_c03.mp4,p06,f,train,30
Walk_p18_r01_v09_c02.mp4,p18,m,test,30
Takepills_p10_r04_v07_c04.mp4,p10,f,test,26
Sitdown_p20_r01_v10_c01.mp4,p20,f,test,25
Drink.Fromcup_p02_r00_v04_c05.mp4,p02,f,test,9
Walk_p12_r02_v14_c05.mp4,p12,f,train,30
Sitdown_p14_r03_v07_c05.mp4,p14,m,test,25
Readbook_p13_r03_v25_c04.mp4,p13,f,train,24
Walk_p16_r14_v08_c02.mp4,p16,f,test,30
Drink.Fromcup_p14_r03_v13_c02.mp4,p14,m,test,9
Drink.Fromcan_p13_r04_v23_c06.mp4,p13,f,train,8
Uselaptop_p03_r03_v03_c05.mp4,p03,m,train,27
Enter_p10_r01_v14_c03.mp4,p10,f,test,13
Walk_p25_r01_v08_c03.mp4,p25,f,train,30
Drink.Fromcup_p19_r13_v04_c04.mp4,p19,f,train,9
Readbook_p12_r05_v02_c05.mp4,p12,f,train,24
Drink.Fromcup_p19_r13_v08_c01.mp4,p19,f,train,9
Walk_p15_r08_v14_c07.mp4,p15,m,train,30
Drink.Fromcup_p03_r01_v06_c04.mp4,p03,m,train,9
Walk_p17_r24_v05_c05.mp4,p17,m,train,30
Walk_p25_r04_v15_c07.mp4,p25,f,train,30
Walk_p06_r00_v11_c02.mp4,p06,f,train,30
Readbook_p06_r06_v06_c05.mp4,p06,f,train,24
Drink.Fromcup_p19_r04_v03_c04.mp4,p19,f,train,9
Drink.Frombottle_p04_r09_v04_c05.mp4,p04,f,train,7
Readbook_p13_r04_v25_c04.mp4,p13,f,train,24
WatchTV_p16_r00_v03_c05.mp4,p16,f,test,31
Drink.Fromcup_p17_r01_v02_c04.mp4,p17,m,train,9
WatchTV_p12_r00_v06_c05.mp4,p12,f,train,31
Eat.Attable_p04_r07_v12_c01.mp4,p04,f,train,11
Walk_p03_r22_v04_c05.mp4,p03,m,train,30
Sitdown_p19_r03_v03_c04.mp4,p19,f,train,25
Drink.Frombottle_p03_r07_v03_c05.mp4,p03,m,train,7
Drink.Fromcup_p12_r00_v04_c05.mp4,p12,f,train,9
Cook.Stir_p09_r10_v13_c07.mp4,p09,m,train,4
Drink.Fromcan_p04_r11_v03_c04.mp4,p04,f,train,8
Eat.Attable_p11_r16_v08_c01.mp4,p11,f,test,11
Walk_p03_r07_v08_c05.mp4,p03,m,train,30
Eat.Attable_p04_r15_v08_c01.mp4,p04,f,train,11
Leave_p17_r02_v04_c05.mp4,p17,m,train,16
Drink.Fromcup_p17_r01_v14_c03.mp4,p17,m,train,9
Walk_p02_r20_v09_c05.mp4,p02,f,test,30
WatchTV_p10_r01_v03_c04.mp4,p10,f,test,31
Cook.Cleanup_p18_r00_v13_c03.mp4,p18,m,test,2
Walk_p04_r05_v07_c05.mp4,p04,f,train,30
Eat.Attable_p04_r14_v08_c01.mp4,p04,f,train,11
Getup_p18_r00_v11_c01.mp4,p18,m,test,14
WatchTV_p17_r05_v01_c05.mp4,p17,m,train,31
Readbook_p14_r01_v13_c01.mp4,p14,m,test,24
Eat.Attable_p16_r09_v06_c01.mp4,p16,f,test,11
Walk_p02_r21_v14_c03.mp4,p02,f,test,30
Cook.Cut_p17_r09_v14_c06.mp4,p17,m,train,3
Getup_p09_r04_v09_c01.mp4,p09,m,train,14
WatchTV_p16_r05_v02_c05.mp4,p16,f,test,31
WatchTV_p16_r02_v03_c05.mp4,p16,f,test,31
Walk_p07_r01_v22_c03.mp4,p07,f,train,30
Cook.Cleandishes_p09_r05_v13_c06.mp4,p09,m,train,1
Uselaptop_p15_r00_v05_c05.mp4,p15,m,train,27
Cook.Cleandishes_p20_r02_v16_c03.mp4,p20,f,test,1
Walk_p12_r01_v07_c04.mp4,p12,f,train,30
Walk_p03_r05_v18_c07.mp4,p03,m,train,30
Getup_p09_r00_v02_c05.mp4,p09,m,train,14
Sitdown_p14_r00_v13_c02.mp4,p14,m,test,25
Drink.Fromcup_p13_r00_v20_c03.mp4,p13,f,train,9
Drink.Fromcup_p15_r06_v17_c06.mp4,p15,m,train,9
Makecoffee.Pourgrains_p04_r00_v15_c03.mp4,p04,f,train,17
Walk_p04_r06_v16_c03.mp4,p04,f,train,30
Walk_p15_r21_v16_c06.mp4,p15,m,train,30
Maketea.Insertteabag_p06_r00_v12_c06.mp4,p06,f,train,20
Walk_p16_r03_v07_c02.mp4,p16,f,test,30
Pour.Frombottle_p03_r01_v04_c04.mp4,p03,m,train,21
Readbook_p13_r01_v03_c04.mp4,p13,f,train,24
Drink.Fromcup_p25_r08_v14_c06.mp4,p25,f,train,9
Takepills_p25_r01_v03_c04.mp4,p25,f,train,26
Walk_p02_r04_v01_c06.mp4,p02,f,test,30
Drink.Fromcup_p10_r03_v10_c01.mp4,p10,f,test,9
Cook.Cleanup_p07_r05_v06_c03.mp4,p07,f,train,2
Walk_p15_r05_v17_c07.mp4,p15,m,train,30
Eat.Attable_p20_r04_v08_c01.mp4,p20,f,test,11
Getup_p02_r01_v11_c01.mp4,p02,f,test,14
Drink.Fromcan_p12_r01_v03_c05.mp4,p12,f,train,8
Walk_p13_r02_v25_c05.mp4,p13,f,train,30
Walk_p10_r00_v12_c06.mp4,p10,f,test,30
Readbook_p03_r01_v11_c02.mp4,p03,m,train,24
WatchTV_p04_r00_v04_c04.mp4,p04,f,train,31
Drink.Fromcup_p04_r00_v06_c04.mp4,p04,f,train,9
Drink.Fromcup_p13_r03_v21_c07.mp4,p13,f,train,9
Drink.Frombottle_p14_r00_v10_c01.mp4,p14,m,test,7
Walk_p25_r00_v10_c02.mp4,p25,f,train,30
Sitdown_p10_r00_v10_c01.mp4,p10,f,test,25
WatchTV_p19_r01_v03_c05.mp4,p19,f,train,31
Drink.Fromcan_p14_r01_v07_c04.mp4,p14,m,test,8
Walk_p12_r07_v07_c04.mp4,p12,f,train,30
Eat.Attable_p18_r04_v09_c02.mp4,p18,m,test,11
Walk_p15_r03_v17_c03.mp4,p15,m,train,30
Makecoffee.Pourgrains_p09_r00_v15_c06.mp4,p09,m,train,17
Sitdown_p12_r05_v05_c04.mp4,p12,f,train,25
Usetelephone_p19_r01_v02_c04.mp4,p19,f,train,29
Drink.Fromcan_p18_r06_v08_c05.mp4,p18,m,test,8
Drink.Fromcup_p10_r09_v02_c05.mp4,p10,f,test,9
Eat.Attable_p16_r07_v06_c02.mp4,p16,f,test,11
Walk_p12_r04_v04_c05.mp4,p12,f,train,30
Eat.Snack_p04_r00_v17_c06.mp4,p04,f,train,12
Walk_p03_r43_v04_c04.mp4,p03,m,train,30
Sitdown_p03_r03_v12_c01.mp4,p03,m,train,25
Drink.Fromcup_p25_r08_v12_c03.mp4,p25,f,train,9
Walk_p03_r00_v07_c05.mp4,p03,m,train,30
Cook.Stir_p09_r07_v13_c07.mp4,p09,m,train,4
WatchTV_p09_r02_v07_c05.mp4,p09,m,train,31
Sitdown_p19_r06_v05_c05.mp4,p19,f,train,25
Laydown_p03_r01_v07_c04.mp4,p03,m,train,15
Drink.Fromcup_p16_r03_v07_c02.mp4,p16,f,test,9
Sitdown_p03_r02_v13_c01.mp4,p03,m,train,25
Drink.Fromcup_p14_r03_v12_c02.mp4,p14,m,test,9
Cook.Cleanup_p11_r04_v11_c03.mp4,p11,f,test,2
Cook.Cleanup_p07_r08_v06_c03.mp4,p07,f,train,2
Drink.Fromcup_p19_r01_v01_c04.mp4,p19,f,train,9
Leave_p17_r00_v15_c03.mp4,p17,m,train,16
Drink.Fromcan_p18_r02_v08_c04.mp4,p18,m,test,8
Enter_p09_r00_v12_c06.mp4,p09,m,train,13
Readbook_p11_r04_v01_c04.mp4,p11,f,test,24
Drink.Fromcup_p15_r00_v03_c05.mp4,p15,m,train,9
Eat.Attable_p16_r10_v06_c02.mp4,p16,f,test,11
Walk_p03_r07_v04_c04.mp4,p03,m,train,30
Eat.Attable_p02_r21_v11_c01.mp4,p02,f,test,11
Uselaptop_p09_r01_v03_c04.mp4,p09,m,train,27
Cook.Cut_p19_r04_v12_c06.mp4,p19,f,train,3
Eat.Attable_p16_r15_v06_c01.mp4,p16,f,test,11
Readbook_p02_r00_v07_c04.mp4,p02,f,test,24
Walk_p17_r21_v15_c07.mp4,p17,m,train,30
Uselaptop_p25_r02_v04_c04.mp4,p25,f,train,27
Cook.Stir_p15_r02_v16_c03.mp4,p15,m,train,4
Cook.Cleanup_p03_r04_v18_c03.mp4,p03,m,train,2
Sitdown_p14_r06_v05_c05.mp4,p14,m,test,25
Getup_p14_r12_v02_c04.mp4,p14,m,test,14
Walk_p16_r15_v12_c06.mp4,p16,f,test,30
Sitdown_p10_r05_v02_c04.mp4,p10,f,test,25
Walk_p18_r05_v05_c05.mp4,p18,m,test,30
Getup_p04_r00_v10_c01.mp4,p04,f,train,14
Walk_p16_r05_v15_c07.mp4,p16,f,test,30
Enter_p07_r01_v01_c05.mp4,p07,f,train,13
Cook.Cleanup_p10_r02_v12_c06.mp4,p10,f,test,2
Usetelephone_p14_r01_v01_c04.mp4,p14,m,test,29
Eat.Snack_p03_r00_v18_c06.mp4,p03,m,train,12
Walk_p03_r05_v11_c02.mp4,p03,m,train,30
Walk_p12_r02_v05_c04.mp4,p12,f,train,30
Getup_p14_r09_v07_c05.mp4,p14,m,test,14
Leave_p18_r00_v15_c03.mp4,p18,m,test,16
Readbook_p03_r00_v03_c04.mp4,p03,m,train,24
Sitdown_p14_r01_v11_c01.mp4,p14,m,test,25
Walk_p15_r15_v16_c03.mp4,p15,m,train,30
Walk_p15_r19_v02_c05.mp4,p15,m,train,30
Walk_p15_r19_v16_c06.mp4,p15,m,train,30
Getup_p14_r05_v03_c05.mp4,p14,m,test,14
Sitdown_p06_r00_v05_c05.mp4,p06,f,train,25
Uselaptop_p15_r01_v04_c04.mp4,p15,m,train,27
Usetelephone_p10_r01_v10_c01.mp4,p10,f,test,29
Uselaptop_p13_r01_v24_c05.mp4,p13,f,train,27
Sitdown_p14_r00_v11_c01.mp4,p14,m,test,25
Sitdown_p10_r10_v03_c04.mp4,p10,f,test,25
Drink.Fromcup_p19_r08_v03_c05.mp4,p19,f,train,9
Walk_p18_r02_v14_c07.mp4,p18,m,test,30
Walk_p03_r38_v02_c04.mp4,p03,m,train,30
Enter_p09_r01_v12_c03.mp4,p09,m,train,13
Pour.Fromkettle_p15_r00_v13_c06.mp4,p15,m,train,23
Walk_p25_r22_v04_c04.mp4,p25,f,train,30
Getup_p13_r08_v10_c01.mp4,p13,f,train,14
Drink.Fromcup_p17_r09_v01_c05.mp4,p17,m,train,9
Usetablet_p06_r00_v04_c05.mp4,p06,f,train,28
Eat.Attable_p04_r07_v12_c02.mp4,p04,f,train,11
Readbook_p16_r11_v02_c05.mp4,p16,f,test,24
Leave_p06_r01_v12_c07.mp4,p06,f,train,16
Sitdown_p07_r02_v10_c02.mp4,p07,f,train,25
Drink.Fromcup_p10_r08_v06_c04.mp4,p10,f,test,9
Eat.Snack_p06_r08_v06_c04.mp4,p06,f,train,12
WatchTV_p06_r01_v05_c04.mp4,p06,f,train,31
Sitdown_p07_r01_v07_c04.mp4,p07,f,train,25
Laydown_p14_r00_v02_c04.mp4,p14,m,test,15
WatchTV_p02_r04_v05_c04.mp4,p02,f,test,31
Getup_p19_r01_v08_c01.mp4,p19,f,train,14
Pour.Fromcan_p13_r03_v11_c02.mp4,p13,f,train,22
Drink.Frombottle_p03_r02_v03_c04.mp4,p03,m,train,7
Readbook_p03_r04_v05_c05.mp4,p03,m,train,24
Drink.Fromglass_p25_r02_v10_c02.mp4,p25,f,train,10
Leave_p06_r02_v27_c01.mp4,p06,f,train,16
Walk_p02_r10_v08_c05.mp4,p02,f,test,30
Getup_p14_r02_v10_c02.mp4,p14,m,test,14
Sitdown_p03_r09_v05_c05.mp4,p03,m,train,25
Sitdown_p09_r03_v04_c04.mp4,p09,m,train,25
Sitdown_p18_r00_v08_c04.mp4,p18,m,test,25
Walk_p06_r00_v08_c02.mp4,p06,f,train,30
Enter_p12_r02_v06_c04.mp4,p12,f,train,13
Readbook_p06_r00_v07_c01.mp4,p06,f,train,24
Walk_p15_r09_v03_c04.mp4,p15,m,train,30
Sitdown_p14_r11_v06_c04.mp4,p14,m,test,25
WatchTV_p18_r06_v08_c05.mp4,p18,m,test,31
WatchTV_p19_r11_v01_c05.mp4,p19,f,train,31
WatchTV_p19_r00_v04_c05.mp4,p19,f,train,31
Eat.Snack_p03_r02_v15_c06.mp4,p03,m,train,12
Sitdown_p10_r04_v10_c01.mp4,p10,f,test,25
Walk_p03_r05_v15_c07.mp4,p03,m,train,30
Readbook_p13_r04_v24_c05.mp4,p13,f,train,24
Walk_p15_r16_v10_c02.mp4,p15,m,train,30
Walk_p13_r22_v25_c04.mp4,p13,f,train,30
Walk_p14_r11_v04_c05.mp4,p14,m,test,30
Drink.Fromcup_p10_r14_v02_c04.mp4,p10,f,test,9
Readbook_p02_r02_v05_c04.mp4,p02,f,test,24
Walk_p20_r01_v13_c07.mp4,p20,f,test,30
Getup_p06_r01_v15_c02.mp4,p06,f,train,14
Walk_p15_r02_v12_c02.mp4,p15,m,train,30
Pour.Frombottle_p13_r00_v24_c05.mp4,p13,f,train,21
Drink.Fromcup_p16_r02_v14_c06.mp4,p16,f,test,9
Readbook_p13_r01_v12_c02.mp4,p13,f,train,24
Cook.Cut_p02_r02_v14_c06.mp4,p02,f,test,3
WatchTV_p19_r06_v01_c05.mp4,p19,f,train,31
Leave_p10_r03_v13_c07.mp4,p10,f,test,16
Getup_p06_r03_v03_c04.mp4,p06,f,train,14
Sitdown_p14_r07_v02_c05.mp4,p14,m,test,25
Pour.Frombottle_p19_r02_v04_c04.mp4,p19,f,train,21
Readbook_p16_r03_v05_c05.mp4,p16,f,test,24
Walk_p04_r09_v16_c06.mp4,p04,f,train,30
Walk_p12_r01_v02_c04.mp4,p12,f,train,30
Leave_p07_r00_v06_c06.mp4,p07,f,train,16
WatchTV_p15_r13_v03_c05.mp4,p15,m,train,31
Cutbread_p14_r01_v09_c01.mp4,p14,m,test,6
Cook.Cleandishes_p04_r01_v16_c03.mp4,p04,f,train,1
WatchTV_p10_r04_v06_c05.mp4,p10,f,test,31
Sitdown_p14_r14_v07_c04.mp4,p14,m,test,25
Cook.Usestove_p09_r06_v12_c06.mp4,p09,m,train,5
Walk_p18_r00_v11_c02.mp4,p18,m,test,30
Readbook_p12_r00_v05_c04.mp4,p12,f,train,24
Uselaptop_p10_r00_v05_c05.mp4,p10,f,test,27
Eat.Attable_p09_r03_v09_c01.mp4,p09,m,train,11
Makecoffee.Pourwater_p17_r00_v12_c03.mp4,p17,m,train,18
Walk_p12_r03_v12_c06.mp4,p12,f,train,30
Leave_p02_r01_v02_c07.mp4,p02,f,test,16
Uselaptop_p13_r00_v12_c01.mp4,p13,f,train,27
Getup_p06_r04_v10_c01.mp4,p06,f,train,14
Walk_p13_r11_v20_c06.mp4,p13,f,train,30
Walk_p15_r05_v07_c04.mp4,p15,m,train,30
Eat.Attable_p16_r30_v06_c02.mp4,p16,f,test,11
Drink.Fromcup_p14_r06_v04_c04.mp4,p14,m,test,9
Readbook_p17_r00_v09_c02.mp4,p17,m,train,24
Eat.Attable_p13_r15_v08_c02.mp4,p13,f,train,11
Drink.Fromcup_p07_r06_v08_c02.mp4,p07,f,train,9
Drink.Fromcup_p25_r04_v01_c04.mp4,p25,f,train,9
Readbook_p17_r06_v08_c02.mp4,p17,m,train,24
Enter_p09_r03_v13_c06.mp4,p09,m,train,13
Cook.Cut_p17_r03_v14_c06.mp4,p17,m,train,3
Walk_p12_r02_v03_c05.mp4,p12,f,train,30
Walk_p10_r03_v13_c07.mp4,p10,f,test,30
Walk_p25_r00_v04_c05.mp4,p25,f,train,30
Drink.Fromcan_p11_r00_v10_c01.mp4,p11,f,test,8
Eat.Snack_p09_r13_v13_c06.mp4,p09,m,train,12
Drink.Fromcup_p04_r03_v01_c05.mp4,p04,f,train,9
Usetelephone_p13_r00_v12_c02.mp4,p13,f,train,29
Walk_p25_r07_v17_c02.mp4,p25,f,train,30
Drink.Fromcan_p16_r01_v07_c01.mp4,p16,f,test,8
Drink.Fromcup_p19_r11_v01_c05.mp4,p19,f,train,9
Readbook_p14_r01_v07_c05.mp4,p14,m,test,24
Walk_p13_r10_v25_c05.mp4,p13,f,train,30
Uselaptop_p16_r00_v04_c04.mp4,p16,f,test,27
Readbook_p03_r07_v02_c05.mp4,p03,m,train,24
Drink.Fromcan_p25_r00_v11_c02.mp4,p25,f,train,8
Makecoffee.Pourgrains_p25_r01_v12_c06.mp4,p25,f,train,17
Walk_p07_r00_v09_c02.mp4,p07,f,train,30
Getup_p16_r02_v03_c05.mp4,p16,f,test,14
Getup_p25_r01_v02_c05.mp4,p25,f,train,14
Walk_p02_r07_v13_c06.mp4,p02,f,test,30
Cook.Cleanup_p09_r01_v12_c06.mp4,p09,m,train,2
Walk_p11_r03_v06_c04.mp4,p11,f,test,30
Drink.Fromcup_p13_r03_v24_c04.mp4,p13,f,train,9
Drink.Fromcup_p06_r04_v01_c04.mp4,p06,f,train,9
Getup_p12_r13_v05_c05.mp4,p12,f,train,14
Drink.Fromcup_p14_r04_v11_c01.mp4,p14,m,test,9
WatchTV_p12_r13_v14_c05.mp4,p12,f,train,31
Drink.Fromcup_p16_r04_v14_c06.mp4,p16,f,test,9
Sitdown_p17_r01_v08_c01.mp4,p17,m,train,25
Makecoffee.Pourwater_p02_r00_v01_c06.mp4,p02,f,test,18
Cutbread_p18_r00_v09_c02.mp4,p18,m,test,6
Getup_p06_r02_v15_c01.mp4,p06,f,train,14
Walk_p14_r03_v05_c05.mp4,p14,m,test,30
Walk_p17_r05_v13_c07.mp4,p17,m,train,30
Pour.Frombottle_p15_r00_v11_c02.mp4,p15,m,train,21
Getup_p25_r00_v10_c02.mp4,p25,f,train,14
Walk_p25_r08_v14_c03.mp4,p25,f,train,30
Takepills_p14_r01_v05_c05.mp4,p14,m,test,26
Readbook_p02_r08_v04_c04.mp4,p02,f,test,24
Drink.Fromcup_p13_r02_v13_c02.mp4,p13,f,train,9
Readbook_p19_r03_v02_c05.mp4,p19,f,train,24
Takepills_p14_r02_v03_c04.mp4,p14,m,test,26
Cook.Cleandishes_p25_r00_v12_c03.mp4,p25,f,train,1
Eat.Attable_p09_r20_v08_c01.mp4,p09,m,train,11
Enter_p09_r03_v05_c05.mp4,p09,m,train,13
Pour.Fromkettle_p18_r01_v13_c03.mp4,p18,m,test,23
Sitdown_p06_r03_v10_c02.mp4,p06,f,train,25
Usetelephone_p17_r04_v02_c05.mp4,p17,m,train,29
Sitdown_p17_r11_v09_c01.mp4,p17,m,train,25
WatchTV_p25_r02_v01_c05.mp4,p25,f,train,31
Readbook_p04_r00_v05_c05.mp4,p04,f,train,24
Leave_p10_r00_v01_c05.mp4,p10,f,test,16
Drink.Fromcup_p19_r10_v01_c04.mp4,p19,f,train,9
Cook.Stir_p06_r01_v13_c07.mp4,p06,f,train,4
Cook.Cleanup_p16_r03_v12_c03.mp4,p16,f,test,2
Readbook_p09_r00_v01_c04.mp4,p09,m,train,24
Cook.Stir_p18_r04_v15_c07.mp4,p18,m,test,4
Drink.Fromcup_p09_r02_v05_c04.mp4,p09,m,train,9
Eat.Attable_p25_r04_v09_c02.mp4,p25,f,train,11
Walk_p13_r00_v04_c04.mp4,p13,f,train,30
Drink.Fromcup_p04_r03_v15_c06.mp4,p04,f,train,9
Eat.Snack_p09_r03_v13_c06.mp4,p09,m,train,12
Drink.Fromcup_p04_r02_v05_c04.mp4,p04,f,train,9
Drink.Frombottle_p14_r00_v06_c04.mp4,p14,m,test,7
Pour.Fromkettle_p04_r00_v14_c06.mp4,p04,f,train,23
Walk_p19_r00_v01_c05.mp4,p19,f,train,30
Drink.Fromcup_p16_r02_v12_c03.mp4,p16,f,test,9
Cook.Stir_p09_r11_v12_c06.mp4,p09,m,train,4
Maketea.Insertteabag_p04_r01_v16_c03.mp4,p04,f,train,20
Sitdown_p09_r01_v04_c05.mp4,p09,m,train,25
WatchTV_p14_r10_v03_c05.mp4,p14,m,test,31
Walk_p18_r01_v08_c05.mp4,p18,m,test,30
Cook.Cleandishes_p06_r00_v12_c03.mp4,p06,f,train,1
Eat.Snack_p12_r02_v12_c06.mp4,p12,f,train,12
Drink.Fromcup_p10_r03_v03_c05.mp4,p10,f,test,9
WatchTV_p07_r01_v03_c05.mp4,p07,f,train,31
Enter_p18_r00_v05_c05.mp4,p18,m,test,13
Readbook_p20_r00_v01_c05.mp4,p20,f,test,24
Eat.Attable_p02_r11_v11_c01.mp4,p02,f,test,11
Drink.Fromcup_p07_r03_v20_c03.mp4,p07,f,train,9
Sitdown_p10_r07_v09_c01.mp4,p10,f,test,25
Getup_p19_r00_v07_c01.mp4,p19,f,train,14
Takepills_p07_r00_v10_c02.mp4,p07,f,train,26
Drink.Fromcup_p03_r03_v11_c01.mp4,p03,m,train,9
Drink.Fromcup_p19_r14_v10_c02.mp4,p19,f,train,9
Usetelephone_p19_r01_v01_c04.mp4,p19,f,train,29
Drink.Fromcan_p25_r08_v15_c06.mp4,p25,f,train,8
Uselaptop_p02_r01_v08_c05.mp4,p02,f,test,27
Readbook_p25_r04_v02_c05.mp4,p25,f,train,24
Drink.Fromcup_p17_r00_v14_c03.mp4,p17,m,train,9
Readbook_p17_r03_v03_c04.mp4,p17,m,train,24
Uselaptop_p14_r00_v07_c05.mp4,p14,m,test,27
Getup_p03_r05_v11_c02.mp4,p03,m,train,14
Sitdown_p18_r01_v10_c01.mp4,p18,m,test,25
Drink.Fromcup_p18_r01_v13_c03.mp4,p18,m,test,9
Uselaptop_p13_r00_v11_c02.mp4,p13,f,train,27
Walk_p15_r21_v15_c06.mp4,p15,m,train,30
Walk_p03_r06_v06_c05.mp4,p03,m,train,30
Enter_p16_r00_v05_c05.mp4,p16,f,test,13
Walk_p02_r42_v15_c06.mp4,p02,f,test,30
Walk_p25_r03_v04_c04.mp4,p25,f,train,30
Walk_p16_r05_v12_c03.mp4,p16,f,test,30
Laydown_p18_r02_v03_c05.mp4,p18,m,test,15
Takepills_p13_r00_v03_c04.mp4,p13,f,train,26
Takepills_p13_r01_v11_c02.mp4,p13,f,train,26
Laydown_p03_r00_v07_c05.mp4,p03,m,train,15
Enter_p06_r02_v05_c05.mp4,p06,f,train,13
Drink.Fromcup_p09_r05_v09_c01.mp4,p09,m,train,9
Drink.Fromcup_p03_r07_v06_c04.mp4,p03,m,train,9
Walk_p12_r06_v06_c05.mp4,p12,f,train,30
Walk_p10_r08_v12_c07.mp4,p10,f,test,30
Drink.Fromcup_p14_r03_v04_c04.mp4,p14,m,test,9
Enter_p06_r00_v02_c04.mp4,p06,f,train,13
WatchTV_p19_r02_v04_c05.mp4,p19,f,train,31
Walk_p17_r09_v08_c02.mp4,p17,m,train,30
Walk_p04_r15_v05_c05.mp4,p04,f,train,30
Walk_p18_r04_v13_c03.mp4,p18,m,test,30
Walk_p19_r17_v05_c05.mp4,p19,f,train,30
Eat.Snack_p06_r06_v06_c04.mp4,p06,f,train,12
Sitdown_p13_r00_v11_c02.mp4,p13,f,train,25
Cook.Cleandishes_p04_r01_v14_c03.mp4,p04,f,train,1
Sitdown_p25_r00_v11_c01.mp4,p25,f,train,25
Drink.Fromcup_p07_r01_v04_c05.mp4,p07,f,train,9
Walk_p13_r03_v25_c05.mp4,p13,f,train,30
Cook.Stir_p02_r08_v14_c03.mp4,p02,f,test,4
Walk_p15_r11_v17_c03.mp4,p15,m,train,30
Drink.Fromcup_p20_r01_v09_c01.mp4,p20,f,test,9
Eat.Attable_p06_r09_v07_c01.mp4,p06,f,train,11
WatchTV_p07_r06_v05_c05.mp4,p07,f,train,31
Walk_p16_r01_v14_c03.mp4,p16,f,test,30
Usetelephone_p03_r03_v05_c05.mp4,p03,m,train,29
Walk_p02_r15_v14_c06.mp4,p02,f,test,30
Drink.Fromcup_p25_r03_v05_c04.mp4,p25,f,train,9
Uselaptop_p13_r02_v11_c02.mp4,p13,f,train,27
Cook.Usestove_p06_r01_v13_c06.mp4,p06,f,train,5
Cook.Cleanup_p07_r01_v22_c06.mp4,p07,f,train,2
Maketea.Insertteabag_p16_r00_v13_c03.mp4,p16,f,test,20
Drink.Frombottle_p06_r04_v06_c05.mp4,p06,f,train,7
Cook.Cleandishes_p06_r00_v13_c03.mp4,p06,f,train,1
Drink.Fromcup_p16_r01_v04_c05.mp4,p16,f,test,9
Walk_p14_r10_v11_c02.mp4,p14,m,test,30
Eat.Attable_p07_r00_v08_c02.mp4,p07,f,train,11
Walk_p03_r01_v02_c05.mp4,p03,m,train,30
Drink.Fromcup_p02_r05_v04_c05.mp4,p02,f,test,9
Eat.Attable_p18_r06_v09_c02.mp4,p18,m,test,11
Cook.Usestove_p09_r03_v12_c06.mp4,p09,m,train,5
Walk_p02_r02_v01_c07.mp4,p02,f,test,30
Laydown_p03_r01_v19_c05.mp4,p03,m,train,15
Drink.Fromcup_p25_r01_v01_c05.mp4,p25,f,train,9
Eat.Snack_p11_r00_v13_c06.mp4,p11,f,test,12
Usetelephone_p10_r03_v07_c05.mp4,p10,f,test,29
Walk_p13_r17_v25_c04.mp4,p13,f,train,30
Drink.Fromcan_p03_r02_v02_c04.mp4,p03,m,train,8
Walk_p18_r02_v10_c02.mp4,p18,m,test,30
Cook.Cut_p15_r02_v15_c03.mp4,p15,m,train,3
Enter_p04_r00_v06_c05.mp4,p04,f,train,13
Walk_p03_r12_v02_c04.mp4,p03,m,train,30
Takepills_p18_r02_v15_c03.mp4,p18,m,test,26
Takepills_p10_r00_v06_c04.mp4,p10,f,test,26
Walk_p25_r12_v14_c03.mp4,p25,f,train,30
Cook.Cleandishes_p07_r10_v20_c03.mp4,p07,f,train,1
Cook.Stir_p07_r14_v21_c07.mp4,p07,f,train,4
Sitdown_p04_r02_v04_c04.mp4,p04,f,train,25
Eat.Attable_p14_r01_v09_c02.mp4,p14,m,test,11
Walk_p06_r04_v05_c05.mp4,p06,f,train,30
Maketea.Insertteabag_p04_r01_v16_c06.mp4,p04,f,train,20
Walk_p09_r00_v15_c03.mp4,p09,m,train,30
Walk_p25_r00_v15_c07.mp4,p25,f,train,30
Walk_p10_r03_v12_c07.mp4,p10,f,test,30
Getup_p10_r10_v05_c04.mp4,p10,f,test,14
Drink.Fromcup_p07_r02_v20_c06.mp4,p07,f,train,9
Walk_p02_r20_v14_c06.mp4,p02,f,test,30
WatchTV_p16_r02_v02_c05.mp4,p16,f,test,31
Walk_p12_r02_v02_c04.mp4,p12,f,train,30
Cook.Stir_p15_r03_v16_c06.mp4,p15,m,train,4
Pour.Frombottle_p17_r02_v04_c04.mp4,p17,m,train,21
Pour.Fromkettle_p13_r01_v21_c03.mp4,p13,f,train,23
Walk_p04_r00_v09_c02.mp4,p04,f,train,30
Walk_p09_r02_v07_c05.mp4,p09,m,train,30
Enter_p15_r03_v03_c04.mp4,p15,m,train,13
Walk_p17_r20_v09_c02.mp4,p17,m,train,30
Cook.Stir_p07_r15_v21_c06.mp4,p07,f,train,4
Walk_p11_r04_v07_c04.mp4,p11,f,test,30
Walk_p06_r15_v13_c07.mp4,p06,f,train,30
Walk_p16_r01_v08_c02.mp4,p16,f,test,30
Drink.Fromcup_p13_r08_v10_c02.mp4,p13,f,train,9
Drink.Fromcup_p19_r12_v07_c01.mp4,p19,f,train,9
Walk_p03_r11_v04_c04.mp4,p03,m,train,30
Readbook_p14_r04_v07_c04.mp4,p14,m,test,24
Drink.Fromcup_p25_r05_v12_c06.mp4,p25,f,train,9
Drink.Fromcup_p07_r03_v08_c01.mp4,p07,f,train,9
Readbook_p18_r04_v12_c01.mp4,p18,m,test,24
Walk_p25_r02_v03_c05.mp4,p25,f,train,30
Walk_p14_r51_v05_c05.mp4,p14,m,test,30
Cook.Stir_p11_r06_v13_c06.mp4,p11,f,test,4
Cook.Cleandishes_p07_r03_v20_c06.mp4,p07,f,train,1
Takepills_p15_r00_v05_c04.mp4,p15,m,train,26
Getup_p06_r06_v06_c05.mp4,p06,f,train,14
WatchTV_p25_r00_v06_c05.mp4,p25,f,train,31
Walk_p09_r01_v14_c03.mp4,p09,m,train,30
Walk_p25_r06_v14_c07.mp4,p25,f,train,30
Cook.Cut_p20_r02_v16_c07.mp4,p20,f,test,3
Enter_p10_r01_v13_c03.mp4,p10,f,test,13
Readbook_p03_r00_v08_c04.mp4,p03,m,train,24
Takepills_p04_r00_v07_c05.mp4,p04,f,train,26
Walk_p09_r00_v14_c03.mp4,p09,m,train,30
Drink.Fromcup_p14_r11_v03_c05.mp4,p14,m,test,9
Walk_p11_r02_v07_c04.mp4,p11,f,test,30
Drink.Fromcan_p03_r01_v18_c03.mp4,p03,m,train,8
Walk_p14_r18_v02_c05.mp4,p14,m,test,30
Usetelephone_p09_r00_v09_c01.mp4,p09,m,train,29
WatchTV_p12_r10_v14_c05.mp4,p12,f,train,31
Walk_p12_r09_v07_c04.mp4,p12,f,train,30
WatchTV_p07_r18_v04_c05.mp4,p07,f,train,31
Pour.Frombottle_p16_r00_v09_c02.mp4,p16,f,test,21
Cook.Cut_p18_r03_v15_c07.mp4,p18,m,test,3
Pour.Frombottle_p14_r00_v11_c02.mp4,p14,m,test,21
WatchTV_p16_r21_v02_c05.mp4,p16,f,test,31
Getup_p07_r03_v06_c05.mp4,p07,f,train,14
Eat.Snack_p06_r04_v06_c05.mp4,p06,f,train,12
Eat.Attable_p19_r18_v07_c01.mp4,p19,f,train,11
Walk_p17_r23_v05_c05.mp4,p17,m,train,30
Takepills_p12_r00_v04_c05.mp4,p12,f,train,26
Walk_p03_r00_v15_c06.mp4,p03,m,train,30
Walk_p15_r10_v07_c05.mp4,p15,m,train,30
Cook.Stir_p16_r01_v14_c07.mp4,p16,f,test,4
Drink.Fromcup_p10_r00_v05_c05.mp4,p10,f,test,9
Readbook_p14_r03_v13_c02.mp4,p14,m,test,24
Getup_p20_r04_v06_c04.mp4,p20,f,test,14
Drink.Fromcan_p18_r00_v08_c04.mp4,p18,m,test,8
Walk_p19_r21_v12_c06.mp4,p19,f,train,30
Eat.Attable_p16_r11_v06_c02.mp4,p16,f,test,11
Drink.Fromcup_p06_r08_v03_c05.mp4,p06,f,train,9
Drink.Frombottle_p12_r02_v02_c04.mp4,p12,f,train,7
Enter_p06_r01_v11_c01.mp4,p06,f,train,13
WatchTV_p09_r10_v05_c04.mp4,p09,m,train,31
Drink.Fromcup_p03_r00_v08_c04.mp4,p03,m,train,9
Walk_p13_r05_v25_c04.mp4,p13,f,train,30
Drink.Fromcup_p15_r10_v08_c02.mp4,p15,m,train,9
Readbook_p13_r01_v23_c07.mp4,p13,f,train,24
Sitdown_p20_r00_v10_c01.mp4,p20,f,test,25
Maketea.Insertteabag_p25_r00_v14_c07.mp4,p25,f,train,20
Drink.Fromglass_p02_r03_v06_c05.mp4,p02,f,test,10
Maketea.Insertteabag_p25_r01_v14_c07.mp4,p25,f,train,20
Walk_p15_r06_v04_c04.mp4,p15,m,train,30
Eat.Attable_p09_r04_v08_c01.mp4,p09,m,train,11
Cook.Cleandishes_p10_r01_v13_c03.mp4,p10,f,test,1
Readbook_p02_r03_v12_c02.mp4,p02,f,test,24
Drink.Fromcup_p04_r02_v06_c04.mp4,p04,f,train,9
Eat.Attable_p06_r03_v07_c01.mp4,p06,f,train,11
Getup_p09_r00_v07_c04.mp4,p09,m,train,14
Cook.Cleanup_p06_r03_v12_c06.mp4,p06,f,train,2
WatchTV_p12_r07_v14_c05.mp4,p12,f,train,31
Sitdown_p10_r07_v07_c04.mp4,p10,f,test,25
Walk_p03_r07_v03_c05.mp4,p03,m,train,30
Drink.Fromcup_p15_r04_v17_c03.mp4,p15,m,train,9
Makecoffee.Pourgrains_p03_r01_v16_c03.mp4,p03,m,train,17
Cook.Usestove_p06_r01_v12_c03.mp4,p06,f,train,5
Sitdown_p04_r04_v03_c05.mp4,p04,f,train,25
Drink.Fromcan_p25_r02_v10_c02.mp4,p25,f,train,8
Readbook_p16_r03_v02_c04.mp4,p16,f,test,24
Usetelephone_p02_r00_v09_c05.mp4,p02,f,test,29
WatchTV_p03_r05_v07_c05.mp4,p03,m,train,31
Takepills_p04_r06_v04_c05.mp4,p04,f,train,26
Readbook_p17_r05_v09_c02.mp4,p17,m,train,24
Getup_p12_r10_v05_c05.mp4,p12,f,train,14
Uselaptop_p19_r04_v10_c02.mp4,p19,f,train,27
Makecoffee.Pourwater_p10_r01_v11_c03.mp4,p10,f,test,18
Drink.Fromcup_p03_r06_v04_c04.mp4,p03,m,train,9
Cook.Cleanup_p18_r04_v13_c03.mp4,p18,m,test,2
Walk_p25_r02_v06_c05.mp4,p25,f,train,30
Walk_p07_r02_v01_c05.mp4,p07,f,train,30
Eat.Snack_p16_r00_v15_c03.mp4,p16,f,test,12
Walk_p25_r31_v05_c05.mp4,p25,f,train,30
Leave_p07_r02_v03_c05.mp4,p07,f,train,16
Walk_p17_r06_v09_c02.mp4,p17,m,train,30
Drink.Fromcan_p06_r02_v04_c04.mp4,p06,f,train,8
Drink.Fromcan_p14_r00_v07_c05.mp4,p14,m,test,8
Eat.Attable_p04_r04_v08_c01.mp4,p04,f,train,11
Walk_p15_r39_v16_c06.mp4,p15,m,train,30
Getup_p06_r02_v09_c01.mp4,p06,f,train,14
Sitdown_p09_r01_v06_c05.mp4,p09,m,train,25
Cutbread_p20_r00_v08_c01.mp4,p20,f,test,6
Cook.Cleanup_p07_r07_v06_c06.mp4,p07,f,train,2
Laydown_p19_r00_v02_c04.mp4,p19,f,train,15
Walk_p17_r05_v05_c05.mp4,p17,m,train,30
Drink.Fromcup_p25_r07_v01_c04.mp4,p25,f,train,9
Drink.Fromcup_p04_r05_v15_c03.mp4,p04,f,train,9
Drink.Fromcup_p19_r03_v07_c01.mp4,p19,f,train,9
Sitdown_p13_r00_v09_c01.mp4,p13,f,train,25
Walk_p15_r18_v14_c06.mp4,p15,m,train,30
Walk_p12_r28_v06_c04.mp4,p12,f,train,30
Eat.Attable_p16_r16_v06_c01.mp4,p16,f,test,11
Cook.Cut_p02_r07_v15_c06.mp4,p02,f,test,3
Drink.Fromcup_p07_r05_v20_c07.mp4,p07,f,train,9
Cutbread_p03_r00_v10_c02.mp4,p03,m,train,6
Walk_p06_r05_v05_c05.mp4,p06,f,train,30
Uselaptop_p14_r03_v02_c04.mp4,p14,m,test,27
Drink.Frombottle_p15_r00_v07_c05.mp4,p15,m,train,7
Drink.Fromcup_p13_r03_v21_c06.mp4,p13,f,train,9
Sitdown_p12_r06_v05_c04.mp4,p12,f,train,25
Eat.Attable_p14_r23_v09_c02.mp4,p14,m,test,11
Getup_p09_r02_v02_c05.mp4,p09,m,train,14
Drink.Fromcup_p04_r03_v16_c03.mp4,p04,f,train,9
Walk_p02_r03_v08_c04.mp4,p02,f,test,30
Cook.Cleandishes_p19_r00_v14_c03.mp4,p19,f,train,1
Cook.Cleanup_p03_r10_v18_c03.mp4,p03,m,train,2
WatchTV_p15_r00_v03_c05.mp4,p15,m,train,31
Drink.Fromcup_p09_r01_v01_c05.mp4,p09,m,train,9
Pour.Frombottle_p19_r00_v05_c05.mp4,p19,f,train,21
Drink.Fromcup_p16_r04_v09_c02.mp4,p16,f,test,9
Walk_p16_r02_v08_c02.mp4,p16,f,test,30
Eat.Snack_p19_r00_v10_c01.mp4,p19,f,train,12
Drink.Fromcup_p19_r20_v07_c01.mp4,p19,f,train,9
Drink.Fromcup_p13_r09_v21_c03.mp4,p13,f,train,9
Drink.Fromcan_p02_r03_v08_c05.mp4,p02,f,test,8
Walk_p02_r01_v07_c04.mp4,p02,f,test,30
Usetelephone_p03_r01_v16_c03.mp4,p03,m,train,29
Drink.Fromcup_p13_r02_v08_c02.mp4,p13,f,train,9
Walk_p15_r12_v11_c02.mp4,p15,m,train,30
Cook.Stir_p13_r08_v23_c06.mp4,p13,f,train,4
Enter_p09_r00_v04_c05.mp4,p09,m,train,13
Drink.Fromcup_p14_r03_v14_c07.mp4,p14,m,test,9
Usetelephone_p10_r00_v13_c06.mp4,p10,f,test,29
Drink.Fromcup_p10_r00_v11_c03.mp4,p10,f,test,9
Drink.Fromcan_p03_r03_v02_c05.mp4,p03,m,train,8
Uselaptop_p03_r00_v07_c05.mp4,p03,m,train,27
Drink.Fromcup_p07_r11_v08_c02.mp4,p07,f,train,9
Drink.Fromcan_p14_r02_v07_c04.mp4,p14,m,test,8
Walk_p03_r04_v02_c05.mp4,p03,m,train,30
Walk_p06_r01_v05_c04.mp4,p06,f,train,30
Sitdown_p04_r01_v13_c01.mp4,p04,f,train,25
Drink.Fromcup_p12_r02_v07_c05.mp4,p12,f,train,9
Walk_p15_r01_v11_c01.mp4,p15,m,train,30
Walk_p02_r12_v02_c03.mp4,p02,f,test,30
Drink.Fromcan_p14_r00_v06_c05.mp4,p14,m,test,8
Walk_p15_r10_v16_c06.mp4,p15,m,train,30
Walk_p10_r11_v12_c03.mp4,p10,f,test,30
Walk_p12_r07_v03_c05.mp4,p12,f,train,30
WatchTV_p09_r01_v06_c04.mp4,p09,m,train,31
Readbook_p12_r00_v04_c05.mp4,p12,f,train,24
Readbook_p07_r00_v05_c05.mp4,p07,f,train,24
Drink.Fromcup_p09_r03_v09_c01.mp4,p09,m,train,9
Eat.Snack_p15_r00_v14_c03.mp4,p15,m,train,12
Getup_p07_r00_v07_c05.mp4,p07,f,train,14
Sitdown_p19_r02_v01_c05.mp4,p19,f,train,25
Eat.Attable_p09_r38_v08_c01.mp4,p09,m,train,11
Drink.Fromcup_p07_r01_v20_c07.mp4,p07,f,train,9
Walk_p03_r04_v03_c05.mp4,p03,m,train,30
Drink.Fromcup_p14_r03_v13_c01.mp4,p14,m,test,9
Drink.Fromcup_p17_r00_v12_c03.mp4,p17,m,train,9
Readbook_p12_r07_v06_c04.mp4,p12,f,train,24
Drink.Frombottle_p04_r01_v07_c04.mp4,p04,f,train,7
Drink.Fromcup_p09_r00_v16_c03.mp4,p09,m,train,9
Drink.Fromcup_p25_r08_v01_c05.mp4,p25,f,train,9
Cook.Cleandishes_p03_r03_v18_c06.mp4,p03,m,train,1
Drink.Fromcup_p19_r00_v03_c04.mp4,p19,f,train,9
Walk_p25_r04_v15_c06.mp4,p25,f,train,30
Walk_p12_r05_v06_c05.mp4,p12,f,train,30
Takepills_p10_r01_v09_c01.mp4,p10,f,test,26
Drink.Fromcup_p19_r03_v05_c05.mp4,p19,f,train,9
Getup_p09_r03_v07_c05.mp4,p09,m,train,14
Cook.Stir_p09_r10_v12_c03.mp4,p09,m,train,4
Usetelephone_p15_r01_v09_c02.mp4,p15,m,train,29
Uselaptop_p14_r07_v05_c04.mp4,p14,m,test,27
Drink.Fromcup_p06_r03_v12_c06.mp4,p06,f,train,9
Getup_p19_r01_v09_c01.mp4,p19,f,train,14
Makecoffee.Pourgrains_p16_r00_v12_c06.mp4,p16,f,test,17
Readbook_p06_r01_v06_c04.mp4,p06,f,train,24
Walk_p17_r03_v12_c06.mp4,p17,m,train,30
Drink.Fromcup_p07_r08_v08_c02.mp4,p07,f,train,9
Walk_p15_r29_v17_c06.mp4,p15,m,train,30
Laydown_p06_r00_v03_c05.mp4,p06,f,train,15
Leave_p03_r01_v11_c01.mp4,p03,m,train,16
Cook.Cleanup_p10_r01_v11_c06.mp4,p10,f,test,2
Walk_p25_r05_v03_c05.mp4,p25,f,train,30
Leave_p07_r02_v05_c05.mp4,p07,f,train,16
Eat.Snack_p10_r04_v13_c06.mp4,p10,f,test,12
Walk_p09_r02_v12_c07.mp4,p09,m,train,30
Walk_p14_r08_v02_c05.mp4,p14,m,test,30
Walk_p04_r06_v17_c03.mp4,p04,f,train,30
Makecoffee.Pourgrains_p19_r00_v11_c03.mp4,p19,f,train,17
Walk_p02_r05_v07_c05.mp4,p02,f,test,30
Pour.Frombottle_p10_r11_v10_c01.mp4,p10,f,test,21
Sitdown_p16_r01_v01_c05.mp4,p16,f,test,25
Eat.Attable_p15_r44_v08_c02.mp4,p15,m,train,11
Drink.Fromcup_p13_r00_v25_c05.mp4,p13,f,train,9
Cook.Stir_p09_r05_v12_c06.mp4,p09,m,train,4
Laydown_p16_r00_v05_c05.mp4,p16,f,test,15
WatchTV_p17_r09_v02_c05.mp4,p17,m,train,31
Sitdown_p11_r00_v10_c01.mp4,p11,f,test,25
Walk_p02_r03_v09_c05.mp4,p02,f,test,30
Drink.Frombottle_p04_r01_v07_c05.mp4,p04,f,train,7
Cook.Stir_p17_r08_v14_c03.mp4,p17,m,train,4
Cook.Stir_p13_r00_v23_c07.mp4,p13,f,train,4
Walk_p09_r04_v13_c03.mp4,p09,m,train,30
Walk_p12_r10_v12_c07.mp4,p12,f,train,30
Usetelephone_p18_r01_v10_c02.mp4,p18,m,test,29
Eat.Attable_p18_r14_v09_c02.mp4,p18,m,test,11
Cook.Cleandishes_p07_r06_v06_c03.mp4,p07,f,train,1
Eat.Attable_p14_r09_v09_c01.mp4,p14,m,test,11
Walk_p15_r05_v16_c07.mp4,p15,m,train,30
Walk_p25_r03_v06_c04.mp4,p25,f,train,30
Drink.Fromcup_p17_r03_v01_c05.mp4,p17,m,train,9
Getup_p19_r00_v10_c01.mp4,p19,f,train,14
Usetablet_p20_r01_v04_c04.mp4,p20,f,test,28
Eat.Attable_p11_r10_v08_c01.mp4,p11,f,test,11
Walk_p12_r35_v04_c05.mp4,p12,f,train,30
Getup_p14_r00_v03_c05.mp4,p14,m,test,14
Makecoffee.Pourgrains_p09_r00_v15_c03.mp4,p09,m,train,17
Eat.Attable_p14_r04_v09_c01.mp4,p14,m,test,11
Pour.Frombottle_p17_r00_v03_c04.mp4,p17,m,train,21
Maketea.Boilwater_p13_r00_v21_c06.mp4,p13,f,train,19
Walk_p17_r22_v04_c05.mp4,p17,m,train,30
Walk_p19_r19_v05_c05.mp4,p19,f,train,30
Walk_p03_r22_v02_c04.mp4,p03,m,train,30
Readbook_p17_r04_v02_c04.mp4,p17,m,train,24
Takepills_p03_r00_v04_c04.mp4,p03,m,train,26
Pour.Fromcan_p14_r00_v11_c01.mp4,p14,m,test,22
Cook.Cut_p25_r01_v15_c07.mp4,p25,f,train,3
Enter_p17_r01_v04_c04.mp4,p17,m,train,13
Cutbread_p13_r02_v08_c02.mp4,p13,f,train,6
Readbook_p14_r01_v11_c02.mp4,p14,m,test,24
Walk_p25_r11_v05_c05.mp4,p25,f,train,30
Cook.Cleanup_p11_r02_v11_c03.mp4,p11,f,test,2
WatchTV_p12_r09_v14_c05.mp4,p12,f,train,31
WatchTV_p06_r05_v02_c04.mp4,p06,f,train,31
Eat.Snack_p19_r01_v10_c02.mp4,p19,f,train,12
Drink.Fromcan_p25_r01_v06_c04.mp4,p25,f,train,8
Drink.Fromcan_p15_r00_v09_c02.mp4,p15,m,train,8
Sitdown_p16_r00_v05_c05.mp4,p16,f,test,25
Walk_p11_r14_v06_c04.mp4,p11,f,test,30
Drink.Fromcup_p13_r06_v19_c01.mp4,p13,f,train,9
Eat.Attable_p14_r06_v09_c01.mp4,p14,m,test,11
Drink.Fromcup_p04_r02_v08_c01.mp4,p04,f,train,9
Pour.Frombottle_p25_r01_v11_c01.mp4,p25,f,train,21
Drink.Fromcup_p07_r12_v08_c02.mp4,p07,f,train,9
Uselaptop_p13_r00_v10_c01.mp4,p13,f,train,27
Enter_p20_r00_v06_c05.mp4,p20,f,test,13
Walk_p15_r12_v17_c03.mp4,p15,m,train,30
Cook.Cleandishes_p10_r03_v12_c03.mp4,p10,f,test,1
Walk_p10_r01_v06_c05.mp4,p10,f,test,30
Eat.Attable_p02_r17_v11_c01.mp4,p02,f,test,11
Eat.Snack_p19_r03_v09_c02.mp4,p19,f,train,12
Drink.Frombottle_p13_r01_v13_c02.mp4,p13,f,train,7
Walk_p19_r22_v05_c05.mp4,p19,f,train,30
Sitdown_p12_r06_v04_c05.mp4,p12,f,train,25
Uselaptop_p14_r01_v10_c01.mp4,p14,m,test,27
Getup_p04_r01_v10_c02.mp4,p04,f,train,14
Walk_p03_r04_v15_c06.mp4,p03,m,train,30
Enter_p04_r00_v07_c05.mp4,p04,f,train,13
Cook.Cut_p25_r00_v15_c07.mp4,p25,f,train,3
Drink.Fromcup_p15_r05_v17_c06.mp4,p15,m,train,9
Walk_p13_r03_v10_c02.mp4,p13,f,train,30
Drink.Fromcup_p16_r02_v06_c01.mp4,p16,f,test,9
Uselaptop_p10_r00_v05_c04.mp4,p10,f,test,27
Leave_p09_r00_v02_c05.mp4,p09,m,train,16
Enter_p17_r00_v15_c07.mp4,p17,m,train,13
Drink.Fromcup_p16_r05_v02_c05.mp4,p16,f,test,9
Drink.Fromcup_p19_r07_v02_c05.mp4,p19,f,train,9
Sitdown_p14_r10_v05_c05.mp4,p14,m,test,25
Drink.Frombottle_p03_r02_v03_c05.mp4,p03,m,train,7
Drink.Fromcup_p19_r00_v11_c06.mp4,p19,f,train,9
Readbook_p16_r10_v02_c04.mp4,p16,f,test,24
Uselaptop_p07_r00_v07_c04.mp4,p07,f,train,27
Walk_p03_r13_v15_c03.mp4,p03,m,train,30
Cook.Cleanup_p03_r01_v18_c03.mp4,p03,m,train,2
Usetablet_p03_r01_v11_c01.mp4,p03,m,train,28
Drink.Fromcup_p19_r12_v04_c04.mp4,p19,f,train,9
Cook.Cleandishes_p10_r05_v11_c06.mp4,p10,f,test,1
Drink.Fromcup_p19_r05_v11_c03.mp4,p19,f,train,9
Walk_p14_r01_v14_c06.mp4,p14,m,test,30
Drink.Fromcup_p19_r09_v11_c06.mp4,p19,f,train,9
Walk_p02_r13_v14_c03.mp4,p02,f,test,30
Sitdown_p18_r00_v12_c01.mp4,p18,m,test,25
Eat.Attable_p07_r25_v08_c01.mp4,p07,f,train,11
Drink.Fromcup_p07_r04_v20_c07.mp4,p07,f,train,9
Walk_p25_r08_v15_c07.mp4,p25,f,train,30
Drink.Fromcup_p19_r03_v12_c03.mp4,p19,f,train,9
Takepills_p03_r01_v08_c05.mp4,p03,m,train,26
Walk_p14_r08_v10_c02.mp4,p14,m,test,30
Walk_p03_r44_v02_c04.mp4,p03,m,train,30
Usetelephone_p13_r00_v24_c04.mp4,p13,f,train,29
Uselaptop_p11_r02_v03_c04.mp4,p11,f,test,27
Walk_p02_r14_v08_c05.mp4,p02,f,test,30
Walk_p10_r04_v13_c07.mp4,p10,f,test,30
Readbook_p20_r01_v05_c05.mp4,p20,f,test,24
Readbook_p11_r03_v01_c04.mp4,p11,f,test,24
Drink.Fromcan_p06_r00_v14_c02.mp4,p06,f,train,8
Readbook_p12_r04_v02_c05.mp4,p12,f,train,24
Cook.Cleandishes_p19_r00_v13_c03.mp4,p19,f,train,1
Drink.Fromcup_p12_r00_v01_c04.mp4,p12,f,train,9
Walk_p15_r00_v03_c05.mp4,p15,m,train,30
Sitdown_p07_r01_v01_c05.mp4,p07,f,train,25
Walk_p17_r00_v02_c05.mp4,p17,m,train,30
Drink.Fromcup_p19_r18_v07_c01.mp4,p19,f,train,9
WatchTV_p07_r00_v05_c05.mp4,p07,f,train,31
Walk_p03_r08_v03_c04.mp4,p03,m,train,30
Enter_p10_r01_v14_c06.mp4,p10,f,test,13
Sitdown_p04_r02_v10_c01.mp4,p04,f,train,25
Enter_p06_r03_v13_c03.mp4,p06,f,train,13
Walk_p12_r01_v03_c05.mp4,p12,f,train,30
Drink.Fromcup_p13_r05_v08_c02.mp4,p13,f,train,9
Walk_p20_r02_v16_c07.mp4,p20,f,test,30
Pour.Fromcan_p14_r03_v04_c04.mp4,p14,m,test,22
Maketea.Insertteabag_p04_r00_v16_c06.mp4,p04,f,train,20
Enter_p10_r01_v12_c03.mp4,p10,f,test,13
Cook.Cleandishes_p10_r07_v11_c06.mp4,p10,f,test,1
Enter_p04_r05_v05_c04.mp4,p04,f,train,13
Cook.Cleandishes_p10_r09_v11_c06.mp4,p10,f,test,1
Drink.Fromcup_p20_r00_v13_c03.mp4,p20,f,test,9
Pour.Frombottle_p17_r03_v03_c04.mp4,p17,m,train,21
Cook.Cleandishes_p07_r10_v20_c06.mp4,p07,f,train,1
Sitdown_p25_r07_v10_c02.mp4,p25,f,train,25
Walk_p15_r08_v11_c02.mp4,p15,m,train,30
Cook.Cut_p17_r04_v14_c06.mp4,p17,m,train,3
Sitdown_p14_r12_v02_c04.mp4,p14,m,test,25
Getup_p10_r15_v03_c04.mp4,p10,f,test,14
Getup_p07_r00_v10_c01.mp4,p07,f,train,14
Drink.Fromcup_p03_r01_v08_c05.mp4,p03,m,train,9
Walk_p04_r01_v07_c05.mp4,p04,f,train,30
Getup_p17_r07_v05_c05.mp4,p17,m,train,14
Readbook_p25_r02_v02_c05.mp4,p25,f,train,24
Drink.Fromcup_p13_r04_v20_c07.mp4,p13,f,train,9
Walk_p15_r00_v07_c05.mp4,p15,m,train,30
Drink.Fromcup_p12_r00_v13_c06.mp4,p12,f,train,9
Enter_p03_r00_v19_c04.mp4,p03,m,train,13
Walk_p03_r11_v13_c01.mp4,p03,m,train,30
Drink.Fromcup_p19_r07_v08_c02.mp4,p19,f,train,9
WatchTV_p19_r09_v01_c05.mp4,p19,f,train,31
Walk_p15_r08_v16_c07.mp4,p15,m,train,30
Drink.Fromcup_p16_r00_v05_c04.mp4,p16,f,test,9
Walk_p02_r00_v06_c05.mp4,p02,f,test,30
Walk_p15_r00_v16_c06.mp4,p15,m,train,30
Walk_p13_r00_v23_c07.mp4,p13,f,train,30
Drink.Frombottle_p16_r00_v07_c01.mp4,p16,f,test,7
Walk_p19_r01_v08_c02.mp4,p19,f,train,30
Readbook_p19_r02_v03_c05.mp4,p19,f,train,24
Cook.Cleandishes_p07_r00_v06_c06.mp4,p07,f,train,1
Makecoffee.Pourwater_p13_r01_v20_c06.mp4,p13,f,train,18
Drink.Fromcup_p20_r01_v13_c07.mp4,p20,f,test,9
Drink.Frombottle_p04_r10_v04_c05.mp4,p04,f,train,7
WatchTV_p07_r10_v04_c05.mp4,p07,f,train,31
Enter_p16_r00_v13_c03.mp4,p16,f,test,13
Drink.Fromcup_p03_r01_v15_c06.mp4,p03,m,train,9
Walk_p19_r11_v02_c05.mp4,p19,f,train,30
Cook.Usestove_p10_r04_v12_c03.mp4,p10,f,test,5
Drink.Fromcup_p16_r03_v11_c02.mp4,p16,f,test,9
Readbook_p11_r05_v01_c04.mp4,p11,f,test,24
Getup_p12_r04_v04_c05.mp4,p12,f,train,14
Uselaptop_p04_r04_v03_c05.mp4,p04,f,train,27
Readbook_p03_r00_v06_c04.mp4,p03,m,train,24
Drink.Fromcup_p12_r04_v07_c04.mp4,p12,f,train,9
Drink.Fromcup_p16_r02_v04_c05.mp4,p16,f,test,9
Takepills_p10_r03_v07_c04.mp4,p10,f,test,26
Drink.Fromcup_p09_r02_v10_c01.mp4,p09,m,train,9
Takepills_p25_r00_v03_c05.mp4,p25,f,train,26
Drink.Fromcup_p13_r05_v12_c01.mp4,p13,f,train,9
Takepills_p04_r03_v04_c05.mp4,p04,f,train,26
Uselaptop_p14_r00_v02_c04.mp4,p14,m,test,27
Getup_p12_r10_v04_c05.mp4,p12,f,train,14
Laydown_p25_r00_v03_c04.mp4,p25,f,train,15
Cook.Stir_p09_r15_v12_c06.mp4,p09,m,train,4
Cook.Cleanup_p15_r07_v13_c06.mp4,p15,m,train,2
Walk_p12_r15_v13_c06.mp4,p12,f,train,30
Drink.Fromcup_p12_r02_v01_c04.mp4,p12,f,train,9
Sitdown_p17_r12_v02_c05.mp4,p17,m,train,25
Walk_p02_r20_v15_c06.mp4,p02,f,test,30
Sitdown_p19_r00_v04_c04.mp4,p19,f,train,25
Eat.Attable_p13_r05_v19_c01.mp4,p13,f,train,11
WatchTV_p04_r00_v06_c05.mp4,p04,f,train,31
Sitdown_p20_r00_v09_c01.mp4,p20,f,test,25
Drink.Fromcup_p06_r10_v03_c05.mp4,p06,f,train,9
Takepills_p15_r00_v07_c05.mp4,p15,m,train,26
Eat.Snack_p09_r12_v13_c06.mp4,p09,m,train,12
Readbook_p06_r09_v07_c02.mp4,p06,f,train,24
Readbook_p11_r07_v01_c04.mp4,p11,f,test,24
Cook.Stir_p12_r02_v12_c06.mp4,p12,f,train,4
Walk_p15_r04_v10_c01.mp4,p15,m,train,30
Sitdown_p17_r00_v10_c02.mp4,p17,m,train,25
Leave_p09_r03_v05_c05.mp4,p09,m,train,16
Walk_p10_r00_v12_c07.mp4,p10,f,test,30
Usetelephone_p15_r02_v05_c04.mp4,p15,m,train,29
Takepills_p06_r00_v13_c06.mp4,p06,f,train,26
Getup_p14_r10_v06_c04.mp4,p14,m,test,14
Drink.Fromcup_p02_r10_v09_c05.mp4,p02,f,test,9
Enter_p11_r02_v05_c04.mp4,p11,f,test,13
Walk_p16_r25_v12_c06.mp4,p16,f,test,30
Walk_p16_r01_v14_c07.mp4,p16,f,test,30
Readbook_p17_r03_v02_c05.mp4,p17,m,train,24
Drink.Fromcup_p13_r05_v24_c04.mp4,p13,f,train,9
Walk_p25_r30_v05_c05.mp4,p25,f,train,30
Drink.Fromcup_p18_r05_v09_c02.mp4,p18,m,test,9
Walk_p12_r10_v12_c06.mp4,p12,f,train,30
Drink.Fromcup_p17_r15_v01_c05.mp4,p17,m,train,9
Getup_p09_r03_v02_c05.mp4,p09,m,train,14
Enter_p02_r01_v08_c04.mp4,p02,f,test,13
Uselaptop_p12_r02_v13_c07.mp4,p12,f,train,27
Walk_p19_r18_v02_c05.mp4,p19,f,train,30
Cook.Cleanup_p16_r02_v12_c06.mp4,p16,f,test,2
Cook.Cut_p11_r01_v13_c06.mp4,p11,f,test,3
Drink.Fromglass_p13_r00_v07_c04.mp4,p13,f,train,10
Cook.Cut_p19_r00_v12_c06.mp4,p19,f,train,3
Walk_p15_r16_v13_c06.mp4,p15,m,train,30
Sitdown_p14_r07_v01_c04.mp4,p14,m,test,25
Laydown_p13_r00_v06_c04.mp4,p13,f,train,15
Cook.Stir_p11_r10_v13_c06.mp4,p11,f,test,4
Drink.Fromcup_p10_r11_v07_c04.mp4,p10,f,test,9
WatchTV_p02_r01_v17_c05.mp4,p02,f,test,31
Drink.Fromcup_p10_r04_v10_c01.mp4,p10,f,test,9
Walk_p25_r07_v14_c03.mp4,p25,f,train,30
Walk_p03_r06_v03_c04.mp4,p03,m,train,30
Eat.Attable_p09_r11_v08_c01.mp4,p09,m,train,11
Walk_p02_r03_v17_c05.mp4,p02,f,test,30
Laydown_p03_r00_v08_c05.mp4,p03,m,train,15
Enter_p10_r00_v13_c03.mp4,p10,f,test,13
Leave_p02_r01_v01_c07.mp4,p02,f,test,16
Eat.Attable_p15_r00_v12_c02.mp4,p15,m,train,11
Walk_p06_r09_v13_c03.mp4,p06,f,train,30
Walk_p18_r03_v09_c02.mp4,p18,m,test,30
Walk_p19_r09_v14_c06.mp4,p19,f,train,30
Eat.Attable_p07_r23_v08_c02.mp4,p07,f,train,11
WatchTV_p04_r07_v03_c04.mp4,p04,f,train,31
Drink.Frombottle_p12_r00_v07_c05.mp4,p12,f,train,7
Drink.Fromcan_p09_r03_v04_c05.mp4,p09,m,train,8
Walk_p19_r00_v04_c05.mp4,p19,f,train,30
Eat.Attable_p04_r00_v12_c02.mp4,p04,f,train,11
Enter_p18_r03_v05_c05.mp4,p18,m,test,13
Drink.Frombottle_p15_r00_v16_c06.mp4,p15,m,train,7
Walk_p02_r08_v08_c05.mp4,p02,f,test,30
Enter_p17_r01_v04_c05.mp4,p17,m,train,13
Drink.Fromcup_p16_r06_v07_c01.mp4,p16,f,test,9
Cook.Cleanup_p04_r02_v14_c03.mp4,p04,f,train,2
Drink.Fromcup_p15_r05_v08_c01.mp4,p15,m,train,9
Walk_p06_r16_v13_c06.mp4,p06,f,train,30
Walk_p02_r01_v03_c03.mp4,p02,f,test,30
Walk_p10_r08_v13_c06.mp4,p10,f,test,30
Usetablet_p03_r00_v12_c01.mp4,p03,m,train,28
Cook.Cleandishes_p20_r03_v16_c03.mp4,p20,f,test,1
Uselaptop_p03_r01_v03_c04.mp4,p03,m,train,27
Uselaptop_p15_r00_v11_c01.mp4,p15,m,train,27
Sitdown_p15_r05_v10_c02.mp4,p15,m,train,25
Cook.Cleandishes_p04_r02_v18_c06.mp4,p04,f,train,1
Drink.Fromglass_p02_r05_v06_c05.mp4,p02,f,test,10
Leave_p04_r03_v05_c05.mp4,p04,f,train,16
Sitdown_p14_r03_v01_c04.mp4,p14,m,test,25
Usetablet_p20_r00_v01_c05.mp4,p20,f,test,28
Getup_p06_r03_v09_c01.mp4,p06,f,train,14
Drink.Fromcup_p17_r05_v10_c02.mp4,p17,m,train,9
Walk_p13_r07_v12_c02.mp4,p13,f,train,30
Getup_p16_r00_v01_c05.mp4,p16,f,test,14
Drink.Fromcup_p02_r04_v04_c05.mp4,p02,f,test,9
Sitdown_p25_r01_v02_c05.mp4,p25,f,train,25
Eat.Attable_p13_r24_v19_c01.mp4,p13,f,train,11
Enter_p11_r01_v07_c04.mp4,p11,f,test,13
Takepills_p03_r03_v19_c05.mp4,p03,m,train,26
Usetablet_p06_r01_v26_c01.mp4,p06,f,train,28
Pour.Fromkettle_p15_r00_v13_c07.mp4,p15,m,train,23
Cook.Usestove_p07_r11_v21_c06.mp4,p07,f,train,5
Getup_p07_r00_v04_c05.mp4,p07,f,train,14
Drink.Fromcup_p16_r02_v02_c05.mp4,p16,f,test,9
Uselaptop_p14_r01_v07_c04.mp4,p14,m,test,27
Laydown_p14_r06_v02_c04.mp4,p14,m,test,15
Cook.Cut_p02_r00_v15_c06.mp4,p02,f,test,3
Walk_p15_r07_v05_c04.mp4,p15,m,train,30
Eat.Snack_p12_r00_v06_c04.mp4,p12,f,train,12
Drink.Frombottle_p18_r00_v05_c04.mp4,p18,m,test,7
Readbook_p16_r13_v02_c05.mp4,p16,f,test,24
WatchTV_p04_r13_v05_c05.mp4,p04,f,train,31
Eat.Attable_p17_r05_v10_c02.mp4,p17,m,train,11
Cook.Stir_p20_r07_v16_c07.mp4,p20,f,test,4
Drink.Frombottle_p03_r11_v03_c05.mp4,p03,m,train,7
Walk_p03_r30_v04_c05.mp4,p03,m,train,30
Eat.Attable_p03_r13_v10_c02.mp4,p03,m,train,11
Walk_p17_r18_v04_c05.mp4,p17,m,train,30
Eat.Attable_p14_r24_v09_c02.mp4,p14,m,test,11
Enter_p07_r05_v06_c05.mp4,p07,f,train,13
Cook.Cleandishes_p13_r00_v21_c03.mp4,p13,f,train,1
Walk_p17_r09_v11_c07.mp4,p17,m,train,30
Sitdown_p02_r01_v18_c05.mp4,p02,f,test,25
Usetablet_p03_r01_v12_c01.mp4,p03,m,train,28
Walk_p15_r00_v10_c01.mp4,p15,m,train,30
Enter_p16_r00_v03_c04.mp4,p16,f,test,13
Sitdown_p10_r02_v09_c01.mp4,p10,f,test,25
Walk_p16_r09_v14_c07.mp4,p16,f,test,30
Cook.Usestove_p10_r00_v12_c03.mp4,p10,f,test,5
Getup_p10_r04_v06_c04.mp4,p10,f,test,14
WatchTV_p02_r00_v17_c05.mp4,p02,f,test,31
Eat.Snack_p06_r08_v06_c05.mp4,p06,f,train,12
Getup_p04_r00_v05_c04.mp4,p04,f,train,14
Walk_p18_r00_v15_c07.mp4,p18,m,test,30
Drink.Fromcup_p15_r00_v17_c06.mp4,p15,m,train,9
Sitdown_p09_r02_v01_c05.mp4,p09,m,train,25
Walk_p03_r20_v02_c05.mp4,p03,m,train,30
Sitdown_p03_r07_v19_c04.mp4,p03,m,train,25
Drink.Frombottle_p04_r00_v04_c05.mp4,p04,f,train,7
Getup_p06_r00_v27_c01.mp4,p06,f,train,14
Walk_p15_r03_v15_c06.mp4,p15,m,train,30
Walk_p09_r01_v12_c03.mp4,p09,m,train,30
Walk_p20_r05_v07_c05.mp4,p20,f,test,30
Walk_p02_r25_v15_c06.mp4,p02,f,test,30
Walk_p16_r03_v12_c07.mp4,p16,f,test,30
Walk_p06_r07_v12_c07.mp4,p06,f,train,30
Drink.Fromcup_p16_r03_v11_c01.mp4,p16,f,test,9
Sitdown_p17_r12_v09_c01.mp4,p17,m,train,25
Cook.Usestove_p07_r01_v21_c06.mp4,p07,f,train,5
Walk_p19_r06_v03_c05.mp4,p19,f,train,30
Enter_p06_r00_v11_c01.mp4,p06,f,train,13
Readbook_p06_r02_v03_c05.mp4,p06,f,train,24
Cook.Stir_p20_r08_v16_c03.mp4,p20,f,test,4
Walk_p04_r01_v04_c05.mp4,p04,f,train,30
Walk_p17_r15_v15_c06.mp4,p17,m,train,30
Uselaptop_p06_r01_v05_c04.mp4,p06,f,train,27
Drink.Fromcup_p02_r06_v11_c02.mp4,p02,f,test,9
Walk_p02_r17_v09_c05.mp4,p02,f,test,30
Drink.Fromcup_p15_r06_v08_c01.mp4,p15,m,train,9
Cook.Cleanup_p04_r00_v18_c07.mp4,p04,f,train,2
Walk_p25_r02_v15_c07.mp4,p25,f,train,30
Usetelephone_p25_r03_v05_c04.mp4,p25,f,train,29
Makecoffee.Pourwater_p02_r00_v16_c06.mp4,p02,f,test,18
Cook.Cleandishes_p03_r08_v18_c06.mp4,p03,m,train,1
Takepills_p17_r01_v15_c06.mp4,p17,m,train,26
Drink.Fromglass_p02_r04_v06_c05.mp4,p02,f,test,10
Readbook_p06_r00_v07_c02.mp4,p06,f,train,24
Drink.Fromcup_p16_r09_v12_c03.mp4,p16,f,test,9
Leave_p09_r00_v09_c01.mp4,p09,m,train,16
Drink.Fromcup_p15_r01_v10_c01.mp4,p15,m,train,9
Usetelephone_p09_r00_v05_c05.mp4,p09,m,train,29
Cook.Cleanup_p15_r02_v17_c06.mp4,p15,m,train,2
WatchTV_p09_r06_v05_c04.mp4,p09,m,train,31
Walk_p19_r14_v03_c05.mp4,p19,f,train,30
Walk_p19_r10_v01_c05.mp4,p19,f,train,30
Cook.Cleandishes_p07_r11_v06_c03.mp4,p07,f,train,1
Leave_p19_r01_v05_c04.mp4,p19,f,train,16
Drink.Fromcup_p19_r11_v07_c01.mp4,p19,f,train,9
Walk_p17_r06_v15_c06.mp4,p17,m,train,30
Drink.Fromcup_p25_r02_v03_c05.mp4,p25,f,train,9
Readbook_p03_r03_v07_c05.mp4,p03,m,train,24
Cook.Cleanup_p07_r11_v20_c03.mp4,p07,f,train,2
Sitdown_p14_r02_v02_c04.mp4,p14,m,test,25
Drink.Fromglass_p25_r03_v11_c02.mp4,p25,f,train,10
Enter_p25_r00_v06_c04.mp4,p25,f,train,13
Readbook_p25_r04_v14_c07.mp4,p25,f,train,24
Usetablet_p20_r00_v11_c01.mp4,p20,f,test,28
Uselaptop_p02_r00_v18_c05.mp4,p02,f,test,27
Enter_p06_r01_v05_c04.mp4,p06,f,train,13
Usetelephone_p25_r00_v10_c02.mp4,p25,f,train,29
Readbook_p20_r04_v01_c04.mp4,p20,f,test,24
Sitdown_p12_r11_v04_c05.mp4,p12,f,train,25
Readbook_p10_r01_v01_c04.mp4,p10,f,test,24
Walk_p15_r08_v07_c05.mp4,p15,m,train,30
Walk_p15_r10_v17_c03.mp4,p15,m,train,30
Sitdown_p14_r03_v06_c05.mp4,p14,m,test,25
Eat.Attable_p07_r07_v08_c01.mp4,p07,f,train,11
Cook.Cut_p07_r01_v21_c07.mp4,p07,f,train,3
Cook.Cleandishes_p03_r12_v18_c03.mp4,p03,m,train,1
Walk_p12_r18_v06_c04.mp4,p12,f,train,30
Drink.Fromcup_p02_r02_v11_c01.mp4,p02,f,test,9
Readbook_p20_r00_v10_c01.mp4,p20,f,test,24
Walk_p18_r07_v12_c02.mp4,p18,m,test,30
Walk_p15_r06_v03_c05.mp4,p15,m,train,30
Usetelephone_p06_r01_v06_c05.mp4,p06,f,train,29
Sitdown_p15_r03_v04_c04.mp4,p15,m,train,25
Cook.Cut_p15_r00_v15_c03.mp4,p15,m,train,3
Drink.Fromcup_p04_r03_v01_c04.mp4,p04,f,train,9
Walk_p03_r15_v02_c05.mp4,p03,m,train,30
Walk_p10_r01_v05_c04.mp4,p10,f,test,30
Walk_p04_r02_v17_c07.mp4,p04,f,train,30
Walk_p17_r13_v15_c07.mp4,p17,m,train,30
Readbook_p25_r01_v10_c02.mp4,p25,f,train,24
Getup_p12_r04_v14_c05.mp4,p12,f,train,14
Usetelephone_p10_r02_v09_c01.mp4,p10,f,test,29
Cook.Cleandishes_p06_r02_v12_c06.mp4,p06,f,train,1
Drink.Frombottle_p10_r01_v03_c04.mp4,p10,f,test,7
Drink.Fromcup_p10_r02_v06_c05.mp4,p10,f,test,9
Cook.Cleanup_p06_r00_v12_c06.mp4,p06,f,train,2
Drink.Fromcup_p06_r02_v10_c02.mp4,p06,f,train,9
Sitdown_p12_r04_v05_c05.mp4,p12,f,train,25
Walk_p11_r05_v13_c06.mp4,p11,f,test,30
Getup_p14_r17_v07_c04.mp4,p14,m,test,14
Usetelephone_p06_r00_v14_c01.mp4,p06,f,train,29
Drink.Fromcup_p19_r17_v01_c05.mp4,p19,f,train,9
Walk_p03_r00_v15_c03.mp4,p03,m,train,30
Walk_p13_r00_v20_c03.mp4,p13,f,train,30
WatchTV_p14_r03_v03_c05.mp4,p14,m,test,31
Walk_p14_r02_v11_c02.mp4,p14,m,test,30
Walk_p13_r09_v04_c04.mp4,p13,f,train,30
Takepills_p14_r01_v04_c05.mp4,p14,m,test,26
Usetelephone_p19_r01_v10_c01.mp4,p19,f,train,29
Walk_p18_r08_v15_c07.mp4,p18,m,test,30
Walk_p03_r02_v03_c05.mp4,p03,m,train,30
Readbook_p14_r00_v01_c05.mp4,p14,m,test,24
Eat.Snack_p13_r01_v21_c07.mp4,p13,f,train,12
Walk_p15_r02_v16_c03.mp4,p15,m,train,30
Getup_p14_r06_v02_c04.mp4,p14,m,test,14
Cook.Cleanup_p07_r04_v06_c06.mp4,p07,f,train,2
Uselaptop_p10_r04_v09_c01.mp4,p10,f,test,27
Walk_p09_r01_v02_c05.mp4,p09,m,train,30
Walk_p15_r22_v14_c06.mp4,p15,m,train,30
Walk_p09_r00_v09_c01.mp4,p09,m,train,30
Drink.Frombottle_p14_r00_v15_c07.mp4,p14,m,test,7
Enter_p04_r03_v05_c04.mp4,p04,f,train,13
Getup_p10_r00_v06_c05.mp4,p10,f,test,14
Drink.Fromcup_p19_r02_v10_c01.mp4,p19,f,train,9
Enter_p07_r03_v07_c05.mp4,p07,f,train,13
Walk_p19_r09_v08_c02.mp4,p19,f,train,30
Walk_p16_r10_v07_c02.mp4,p16,f,test,30
Drink.Fromcup_p09_r02_v15_c06.mp4,p09,m,train,9
Walk_p25_r07_v06_c05.mp4,p25,f,train,30
Walk_p04_r13_v16_c06.mp4,p04,f,train,30
Readbook_p16_r02_v04_c05.mp4,p16,f,test,24
Drink.Fromcup_p06_r00_v09_c01.mp4,p06,f,train,9
Getup_p10_r07_v09_c01.mp4,p10,f,test,14
Walk_p12_r12_v06_c04.mp4,p12,f,train,30
Walk_p25_r17_v10_c02.mp4,p25,f,train,30
WatchTV_p10_r02_v02_c04.mp4,p10,f,test,31
Drink.Fromcup_p02_r05_v09_c05.mp4,p02,f,test,9
Cook.Stir_p02_r11_v14_c03.mp4,p02,f,test,4
Sitdown_p03_r01_v13_c02.mp4,p03,m,train,25
Sitdown_p13_r01_v25_c05.mp4,p13,f,train,25
Walk_p17_r01_v09_c02.mp4,p17,m,train,30
Cook.Stir_p17_r01_v14_c07.mp4,p17,m,train,4
Makecoffee.Pourgrains_p11_r01_v12_c03.mp4,p11,f,test,17
WatchTV_p07_r01_v01_c05.mp4,p07,f,train,31
Sitdown_p20_r07_v09_c01.mp4,p20,f,test,25
WatchTV_p07_r05_v01_c05.mp4,p07,f,train,31
Walk_p03_r44_v04_c04.mp4,p03,m,train,30
Drink.Frombottle_p12_r00_v14_c05.mp4,p12,f,train,7
Pour.Frombottle_p25_r02_v03_c04.mp4,p25,f,train,21
Cook.Usestove_p10_r03_v12_c03.mp4,p10,f,test,5
Eat.Attable_p25_r06_v09_c01.mp4,p25,f,train,11
Uselaptop_p25_r00_v06_c04.mp4,p25,f,train,27
Cook.Cleandishes_p06_r02_v12_c03.mp4,p06,f,train,1
Uselaptop_p20_r01_v05_c04.mp4,p20,f,test,27
Sitdown_p10_r00_v05_c04.mp4,p10,f,test,25
Leave_p07_r00_v22_c07.mp4,p07,f,train,16
WatchTV_p19_r00_v05_c05.mp4,p19,f,train,31
Getup_p09_r00_v03_c04.mp4,p09,m,train,14
Uselaptop_p02_r04_v08_c04.mp4,p02,f,test,27
Eat.Attable_p07_r24_v08_c01.mp4,p07,f,train,11
Eat.Attable_p02_r21_v11_c02.mp4,p02,f,test,11
Getup_p09_r02_v01_c05.mp4,p09,m,train,14
Cook.Cleandishes_p07_r16_v20_c03.mp4,p07,f,train,1
Cook.Stir_p16_r01_v15_c07.mp4,p16,f,test,4
WatchTV_p20_r01_v06_c05.mp4,p20,f,test,31
WatchTV_p09_r00_v01_c05.mp4,p09,m,train,31
Walk_p14_r11_v11_c02.mp4,p14,m,test,30
Eat.Snack_p12_r00_v06_c05.mp4,p12,f,train,12
Enter_p20_r00_v16_c03.mp4,p20,f,test,13
Usetelephone_p14_r00_v10_c01.mp4,p14,m,test,29
Walk_p17_r34_v03_c05.mp4,p17,m,train,30
Leave_p07_r03_v07_c04.mp4,p07,f,train,16
Drink.Fromcup_p09_r04_v15_c06.mp4,p09,m,train,9
Drink.Frombottle_p03_r02_v05_c04.mp4,p03,m,train,7
Drink.Fromcup_p16_r16_v12_c03.mp4,p16,f,test,9
Eat.Attable_p04_r05_v08_c02.mp4,p04,f,train,11
Walk_p07_r03_v02_c05.mp4,p07,f,train,30
Pour.Frombottle_p14_r00_v13_c01.mp4,p14,m,test,21
Eat.Attable_p03_r05_v10_c02.mp4,p03,m,train,11
Enter_p25_r00_v14_c03.mp4,p25,f,train,13
Sitdown_p15_r02_v09_c02.mp4,p15,m,train,25
Drink.Fromcup_p17_r02_v02_c05.mp4,p17,m,train,9
Usetelephone_p03_r00_v06_c05.mp4,p03,m,train,29
Pour.Fromkettle_p13_r00_v21_c03.mp4,p13,f,train,23
Walk_p02_r09_v13_c06.mp4,p02,f,test,30
Drink.Fromcup_p04_r01_v16_c07.mp4,p04,f,train,9
Drink.Fromcup_p16_r05_v14_c03.mp4,p16,f,test,9
Getup_p15_r00_v05_c05.mp4,p15,m,train,14
Getup_p10_r05_v06_c04.mp4,p10,f,test,14
Getup_p10_r12_v03_c04.mp4,p10,f,test,14
Uselaptop_p15_r02_v09_c01.mp4,p15,m,train,27
Walk_p18_r06_v13_c07.mp4,p18,m,test,30
Sitdown_p09_r04_v05_c04.mp4,p09,m,train,25
Drink.Fromcan_p16_r01_v05_c04.mp4,p16,f,test,8
Cook.Usestove_p09_r05_v12_c03.mp4,p09,m,train,5
WatchTV_p09_r02_v04_c04.mp4,p09,m,train,31
Walk_p12_r01_v01_c04.mp4,p12,f,train,30
Getup_p14_r12_v06_c04.mp4,p14,m,test,14
Sitdown_p14_r08_v02_c04.mp4,p14,m,test,25
Walk_p25_r23_v04_c05.mp4,p25,f,train,30
Drink.Fromcup_p13_r10_v19_c01.mp4,p13,f,train,9
Readbook_p13_r01_v10_c01.mp4,p13,f,train,24
Walk_p10_r01_v14_c06.mp4,p10,f,test,30
Makecoffee.Pourwater_p14_r00_v14_c06.mp4,p14,m,test,18
Sitdown_p14_r04_v01_c04.mp4,p14,m,test,25
Walk_p17_r06_v08_c02.mp4,p17,m,train,30
WatchTV_p09_r03_v06_c04.mp4,p09,m,train,31
Cook.Stir_p15_r06_v16_c07.mp4,p15,m,train,4
Eat.Snack_p10_r01_v12_c03.mp4,p10,f,test,12
Walk_p02_r11_v18_c05.mp4,p02,f,test,30
Sitdown_p12_r03_v05_c04.mp4,p12,f,train,25
Takepills_p16_r01_v04_c05.mp4,p16,f,test,26
Getup_p09_r02_v04_c04.mp4,p09,m,train,14
Cook.Cleanup_p10_r05_v14_c03.mp4,p10,f,test,2
Readbook_p06_r03_v07_c02.mp4,p06,f,train,24
Readbook_p12_r01_v06_c04.mp4,p12,f,train,24
Leave_p10_r00_v12_c07.mp4,p10,f,test,16
Drink.Fromcup_p19_r06_v07_c01.mp4,p19,f,train,9
Cook.Stir_p17_r02_v15_c07.mp4,p17,m,train,4
Cook.Cleandishes_p03_r02_v16_c03.mp4,p03,m,train,1
Eat.Attable_p02_r02_v11_c01.mp4,p02,f,test,11
Drink.Fromcup_p09_r19_v08_c01.mp4,p09,m,train,9
Drink.Fromcup_p13_r03_v20_c07.mp4,p13,f,train,9
Readbook_p03_r01_v19_c05.mp4,p03,m,train,24
Sitdown_p10_r10_v09_c01.mp4,p10,f,test,25
Leave_p11_r00_v03_c04.mp4,p11,f,test,16
Takepills_p10_r00_v03_c05.mp4,p10,f,test,26
Walk_p12_r02_v05_c05.mp4,p12,f,train,30
Cook.Stir_p11_r08_v13_c07.mp4,p11,f,test,4
Walk_p02_r34_v15_c06.mp4,p02,f,test,30
Eat.Attable_p02_r17_v11_c02.mp4,p02,f,test,11
Eat.Attable_p09_r15_v08_c01.mp4,p09,m,train,11
Cook.Stir_p25_r07_v16_c06.mp4,p25,f,train,4
Walk_p25_r10_v05_c05.mp4,p25,f,train,30
Cook.Cleandishes_p10_r10_v11_c03.mp4,p10,f,test,1
Walk_p09_r08_v13_c03.mp4,p09,m,train,30
Drink.Fromcup_p14_r19_v03_c05.mp4,p14,m,test,9
Walk_p17_r09_v15_c06.mp4,p17,m,train,30
WatchTV_p03_r01_v19_c04.mp4,p03,m,train,31
Walk_p03_r30_v04_c04.mp4,p03,m,train,30
WatchTV_p25_r07_v06_c05.mp4,p25,f,train,31
Usetelephone_p14_r00_v15_c07.mp4,p14,m,test,29
Walk_p19_r06_v11_c06.mp4,p19,f,train,30
Cook.Stir_p12_r03_v12_c06.mp4,p12,f,train,4
Drink.Fromcup_p09_r05_v15_c03.mp4,p09,m,train,9
WatchTV_p16_r13_v02_c05.mp4,p16,f,test,31
Walk_p25_r00_v16_c07.mp4,p25,f,train,30
Drink.Fromcup_p19_r08_v08_c01.mp4,p19,f,train,9
Drink.Fromcup_p25_r02_v12_c03.mp4,p25,f,train,9
Uselaptop_p09_r00_v05_c05.mp4,p09,m,train,27
Readbook_p13_r05_v05_c04.mp4,p13,f,train,24
Readbook_p03_r01_v04_c05.mp4,p03,m,train,24
WatchTV_p04_r13_v05_c04.mp4,p04,f,train,31
Drink.Fromcup_p19_r00_v08_c01.mp4,p19,f,train,9
Walk_p09_r04_v15_c03.mp4,p09,m,train,30
Usetelephone_p12_r00_v01_c04.mp4,p12,f,train,29
Drink.Fromcup_p20_r02_v02_c05.mp4,p20,f,test,9
Sitdown_p14_r03_v06_c04.mp4,p14,m,test,25
Getup_p25_r02_v11_c01.mp4,p25,f,train,14
Drink.Fromcup_p09_r01_v11_c01.mp4,p09,m,train,9
Readbook_p16_r26_v06_c02.mp4,p16,f,test,24
Enter_p06_r01_v13_c06.mp4,p06,f,train,13
Cook.Stir_p25_r10_v15_c07.mp4,p25,f,train,4
Walk_p10_r04_v01_c05.mp4,p10,f,test,30
Walk_p03_r24_v02_c04.mp4,p03,m,train,30
Readbook_p19_r00_v08_c02.mp4,p19,f,train,24
Readbook_p02_r04_v18_c05.mp4,p02,f,test,24
Eat.Snack_p09_r03_v13_c03.mp4,p09,m,train,12
Walk_p14_r04_v09_c02.mp4,p14,m,test,30
Eat.Snack_p06_r02_v06_c05.mp4,p06,f,train,12
Cook.Cleanup_p07_r02_v06_c06.mp4,p07,f,train,2
Walk_p20_r05_v06_c05.mp4,p20,f,test,30
Drink.Fromcup_p06_r01_v02_c05.mp4,p06,f,train,9
Walk_p15_r13_v17_c07.mp4,p15,m,train,30
Readbook_p03_r00_v05_c05.mp4,p03,m,train,24
Takepills_p15_r00_v10_c01.mp4,p15,m,train,26
Enter_p19_r01_v05_c05.mp4,p19,f,train,13
Walk_p11_r22_v04_c04.mp4,p11,f,test,30
Sitdown_p13_r00_v24_c05.mp4,p13,f,train,25
Drink.Fromcup_p04_r00_v01_c04.mp4,p04,f,train,9
Walk_p06_r01_v13_c03.mp4,p06,f,train,30
Drink.Fromcup_p18_r03_v14_c03.mp4,p18,m,test,9
Cook.Stir_p12_r00_v12_c07.mp4,p12,f,train,4
Walk_p11_r06_v05_c04.mp4,p11,f,test,30
Eat.Attable_p19_r05_v07_c01.mp4,p19,f,train,11
Drink.Frombottle_p15_r00_v04_c04.mp4,p15,m,train,7
Walk_p12_r02_v03_c04.mp4,p12,f,train,30
Takepills_p12_r03_v04_c05.mp4,p12,f,train,26
Walk_p09_r04_v06_c05.mp4,p09,m,train,30
Walk_p15_r00_v06_c04.mp4,p15,m,train,30
Leave_p09_r04_v08_c01.mp4,p09,m,train,16
Walk_p14_r04_v11_c02.mp4,p14,m,test,30
Maketea.Boilwater_p13_r01_v21_c03.mp4,p13,f,train,19
Sitdown_p06_r02_v09_c01.mp4,p06,f,train,25
Walk_p17_r04_v15_c06.mp4,p17,m,train,30
Usetelephone_p14_r01_v13_c01.mp4,p14,m,test,29
Drink.Fromcup_p03_r01_v02_c05.mp4,p03,m,train,9
Drink.Frombottle_p15_r02_v04_c04.mp4,p15,m,train,7
Getup_p09_r03_v02_c04.mp4,p09,m,train,14
Walk_p17_r33_v03_c05.mp4,p17,m,train,30
Pour.Frombottle_p17_r03_v09_c01.mp4,p17,m,train,21
Sitdown_p25_r00_v11_c02.mp4,p25,f,train,25
Drink.Fromcup_p16_r04_v09_c01.mp4,p16,f,test,9
Readbook_p16_r22_v06_c02.mp4,p16,f,test,24
Eat.Snack_p12_r02_v06_c04.mp4,p12,f,train,12
Walk_p10_r00_v06_c04.mp4,p10,f,test,30
Laydown_p10_r02_v03_c04.mp4,p10,f,test,15
Sitdown_p19_r03_v05_c04.mp4,p19,f,train,25
Drink.Frombottle_p16_r01_v15_c03.mp4,p16,f,test,7
Leave_p07_r00_v09_c02.mp4,p07,f,train,16
WatchTV_p20_r07_v05_c05.mp4,p20,f,test,31
Walk_p10_r09_v13_c07.mp4,p10,f,test,30
Walk_p07_r02_v03_c05.mp4,p07,f,train,30
Walk_p18_r01_v10_c02.mp4,p18,m,test,30
Pour.Frombottle_p20_r00_v03_c05.mp4,p20,f,test,21
Getup_p07_r03_v09_c02.mp4,p07,f,train,14
Walk_p13_r07_v23_c07.mp4,p13,f,train,30
Enter_p06_r00_v02_c05.mp4,p06,f,train,13
Drink.Fromcup_p19_r01_v03_c04.mp4,p19,f,train,9
Drink.Fromcup_p17_r01_v04_c04.mp4,p17,m,train,9
Pour.Fromkettle_p06_r02_v12_c03.mp4,p06,f,train,23
Walk_p14_r13_v06_c05.mp4,p14,m,test,30
Sitdown_p16_r01_v10_c02.mp4,p16,f,test,25
Drink.Fromcup_p04_r01_v09_c01.mp4,p04,f,train,9
Uselaptop_p03_r01_v08_c05.mp4,p03,m,train,27
Pour.Frombottle_p03_r00_v18_c03.mp4,p03,m,train,21
Walk_p12_r02_v06_c05.mp4,p12,f,train,30
Walk_p11_r19_v07_c04.mp4,p11,f,test,30
Walk_p19_r08_v09_c02.mp4,p19,f,train,30
Sitdown_p16_r00_v09_c02.mp4,p16,f,test,25
Drink.Fromcup_p17_r04_v10_c02.mp4,p17,m,train,9
Uselaptop_p14_r01_v02_c04.mp4,p14,m,test,27
Drink.Fromcup_p19_r00_v11_c03.mp4,p19,f,train,9
Walk_p09_r04_v05_c05.mp4,p09,m,train,30
Cook.Cleanup_p07_r11_v20_c06.mp4,p07,f,train,2
Drink.Fromcup_p18_r04_v12_c01.mp4,p18,m,test,9
WatchTV_p14_r07_v06_c05.mp4,p14,m,test,31
Leave_p14_r01_v05_c04.mp4,p14,m,test,16
Sitdown_p10_r05_v07_c05.mp4,p10,f,test,25
Eat.Attable_p06_r01_v07_c02.mp4,p06,f,train,11
Enter_p04_r00_v10_c01.mp4,p04,f,train,13
Maketea.Boilwater_p25_r00_v14_c06.mp4,p25,f,train,19
Leave_p07_r01_v02_c05.mp4,p07,f,train,16
Uselaptop_p12_r01_v13_c07.mp4,p12,f,train,27
Uselaptop_p10_r01_v05_c04.mp4,p10,f,test,27
Usetablet_p06_r03_v04_c05.mp4,p06,f,train,28
Drink.Fromglass_p03_r03_v19_c04.mp4,p03,m,train,10
Getup_p07_r01_v09_c01.mp4,p07,f,train,14
Sitdown_p14_r09_v05_c04.mp4,p14,m,test,25
Readbook_p14_r01_v05_c05.mp4,p14,m,test,24
Makecoffee.Pourwater_p10_r00_v13_c03.mp4,p10,f,test,18
Getup_p25_r09_v06_c04.mp4,p25,f,train,14
Walk_p03_r07_v02_c05.mp4,p03,m,train,30
Drink.Fromcup_p09_r09_v05_c05.mp4,p09,m,train,9
Drink.Fromcup_p19_r22_v07_c01.mp4,p19,f,train,9
Walk_p04_r03_v15_c07.mp4,p04,f,train,30
Cook.Cleandishes_p10_r04_v12_c06.mp4,p10,f,test,1
Leave_p03_r01_v18_c03.mp4,p03,m,train,16
Drink.Fromcup_p07_r02_v21_c06.mp4,p07,f,train,9
Walk_p06_r15_v13_c06.mp4,p06,f,train,30
Walk_p18_r00_v08_c05.mp4,p18,m,test,30
Drink.Fromcup_p04_r02_v09_c02.mp4,p04,f,train,9
Getup_p09_r02_v06_c04.mp4,p09,m,train,14
Drink.Fromcan_p12_r02_v05_c05.mp4,p12,f,train,8
Cook.Cleandishes_p17_r01_v15_c03.mp4,p17,m,train,1
Takepills_p14_r01_v03_c05.mp4,p14,m,test,26
Cook.Stir_p19_r03_v12_c06.mp4,p19,f,train,4
Cook.Stir_p02_r15_v14_c03.mp4,p02,f,test,4
Drink.Fromcup_p19_r11_v01_c04.mp4,p19,f,train,9
Maketea.Insertteabag_p14_r01_v15_c07.mp4,p14,m,test,20
Readbook_p02_r00_v05_c04.mp4,p02,f,test,24
Eat.Attable_p04_r06_v12_c02.mp4,p04,f,train,11
Drink.Fromcup_p19_r02_v05_c04.mp4,p19,f,train,9
Drink.Fromcup_p15_r05_v14_c06.mp4,p15,m,train,9
Cook.Stir_p15_r00_v16_c03.mp4,p15,m,train,4
Pour.Frombottle_p06_r02_v02_c05.mp4,p06,f,train,21
Walk_p25_r14_v03_c05.mp4,p25,f,train,30
Walk_p13_r02_v10_c02.mp4,p13,f,train,30
WatchTV_p14_r04_v06_c05.mp4,p14,m,test,31
Walk_p19_r13_v11_c06.mp4,p19,f,train,30
Laydown_p14_r04_v02_c04.mp4,p14,m,test,15
Walk_p18_r01_v14_c03.mp4,p18,m,test,30
Pour.Fromcan_p14_r01_v05_c04.mp4,p14,m,test,22
Walk_p25_r31_v12_c06.mp4,p25,f,train,30
Sitdown_p12_r03_v03_c05.mp4,p12,f,train,25
Walk_p03_r04_v11_c02.mp4,p03,m,train,30
Walk_p15_r09_v13_c07.mp4,p15,m,train,30
Drink.Fromcup_p02_r02_v14_c03.mp4,p02,f,test,9
Drink.Fromcup_p09_r07_v05_c05.mp4,p09,m,train,9
Walk_p15_r05_v13_c03.mp4,p15,m,train,30
Cook.Cut_p17_r13_v14_c06.mp4,p17,m,train,3
Pour.Fromkettle_p25_r00_v12_c06.mp4,p25,f,train,23
Walk_p15_r01_v15_c03.mp4,p15,m,train,30
Walk_p14_r06_v15_c07.mp4,p14,m,test,30
Pour.Fromkettle_p04_r01_v14_c06.mp4,p04,f,train,23
Sitdown_p14_r10_v06_c05.mp4,p14,m,test,25
Walk_p19_r01_v05_c05.mp4,p19,f,train,30
Sitdown_p10_r10_v01_c05.mp4,p10,f,test,25
Walk_p04_r10_v16_c03.mp4,p04,f,train,30
Drink.Fromcan_p13_r02_v23_c06.mp4,p13,f,train,8
Walk_p13_r01_v13_c02.mp4,p13,f,train,30
WatchTV_p02_r01_v05_c05.mp4,p02,f,test,31
Drink.Frombottle_p04_r07_v04_c04.mp4,p04,f,train,7
Sitdown_p12_r04_v03_c04.mp4,p12,f,train,25
Walk_p14_r31_v02_c05.mp4,p14,m,test,30
Drink.Fromcup_p19_r04_v01_c04.mp4,p19,f,train,9
Cook.Stir_p25_r00_v16_c03.mp4,p25,f,train,4
WatchTV_p16_r07_v02_c05.mp4,p16,f,test,31
Sitdown_p20_r04_v05_c05.mp4,p20,f,test,25
Pour.Fromkettle_p19_r02_v14_c06.mp4,p19,f,train,23
Enter_p03_r01_v11_c01.mp4,p03,m,train,13
Drink.Fromcan_p02_r01_v07_c05.mp4,p02,f,test,8
Drink.Fromcup_p14_r00_v06_c05.mp4,p14,m,test,9
Walk_p16_r12_v14_c06.mp4,p16,f,test,30
Pour.Frombottle_p10_r10_v10_c01.mp4,p10,f,test,21
Drink.Fromcup_p16_r03_v07_c01.mp4,p16,f,test,9
Sitdown_p25_r04_v10_c02.mp4,p25,f,train,25
Readbook_p16_r01_v02_c04.mp4,p16,f,test,24
Cook.Cleandishes_p11_r07_v11_c07.mp4,p11,f,test,1
Cook.Stir_p02_r09_v15_c06.mp4,p02,f,test,4
WatchTV_p04_r05_v03_c04.mp4,p04,f,train,31
WatchTV_p13_r07_v25_c05.mp4,p13,f,train,31
Walk_p25_r04_v11_c02.mp4,p25,f,train,30
Getup_p09_r02_v03_c04.mp4,p09,m,train,14
Walk_p11_r02_v02_c04.mp4,p11,f,test,30
Cook.Stir_p25_r08_v15_c06.mp4,p25,f,train,4
Walk_p16_r02_v12_c03.mp4,p16,f,test,30
Walk_p15_r45_v16_c06.mp4,p15,m,train,30
Enter_p03_r00_v10_c02.mp4,p03,m,train,13
WatchTV_p02_r04_v17_c05.mp4,p02,f,test,31
Walk_p12_r01_v11_c06.mp4,p12,f,train,30
Readbook_p06_r07_v07_c02.mp4,p06,f,train,24
Walk_p25_r07_v03_c05.mp4,p25,f,train,30
Enter_p10_r00_v14_c06.mp4,p10,f,test,13
Walk_p04_r05_v17_c06.mp4,p04,f,train,30
Drink.Fromcup_p06_r04_v03_c04.mp4,p06,f,train,9
Drink.Fromcup_p09_r02_v03_c04.mp4,p09,m,train,9
Drink.Fromcup_p06_r01_v26_c01.mp4,p06,f,train,9
Takepills_p17_r00_v14_c06.mp4,p17,m,train,26
Cook.Stir_p25_r05_v15_c03.mp4,p25,f,train,4
Pour.Frombottle_p10_r07_v10_c01.mp4,p10,f,test,21
Sitdown_p06_r00_v14_c01.mp4,p06,f,train,25
Sitdown_p09_r05_v05_c05.mp4,p09,m,train,25
Walk_p12_r05_v12_c07.mp4,p12,f,train,30
WatchTV_p09_r11_v05_c04.mp4,p09,m,train,31
Eat.Attable_p09_r37_v08_c01.mp4,p09,m,train,11
Leave_p18_r03_v05_c05.mp4,p18,m,test,16
Cook.Cleandishes_p09_r02_v13_c03.mp4,p09,m,train,1
WatchTV_p14_r08_v03_c05.mp4,p14,m,test,31
Walk_p13_r03_v11_c02.mp4,p13,f,train,30
Drink.Frombottle_p12_r01_v07_c05.mp4,p12,f,train,7
Leave_p07_r03_v03_c05.mp4,p07,f,train,16
WatchTV_p20_r11_v02_c05.mp4,p20,f,test,31
Readbook_p25_r05_v02_c05.mp4,p25,f,train,24
Drink.Fromcan_p02_r00_v08_c05.mp4,p02,f,test,8
Cook.Cut_p18_r00_v15_c07.mp4,p18,m,test,3
Drink.Fromcup_p07_r00_v04_c05.mp4,p07,f,train,9
Getup_p14_r16_v02_c05.mp4,p14,m,test,14
Pour.Fromkettle_p06_r03_v12_c06.mp4,p06,f,train,23
Readbook_p02_r01_v02_c07.mp4,p02,f,test,24
Drink.Frombottle_p07_r01_v10_c02.mp4,p07,f,train,7
Eat.Attable_p09_r18_v08_c01.mp4,p09,m,train,11
Enter_p04_r02_v05_c05.mp4,p04,f,train,13
Sitdown_p06_r03_v11_c02.mp4,p06,f,train,25
Drink.Fromcup_p17_r06_v01_c05.mp4,p17,m,train,9
Leave_p03_r01_v18_c06.mp4,p03,m,train,16
Sitdown_p04_r04_v04_c04.mp4,p04,f,train,25
Leave_p09_r02_v06_c05.mp4,p09,m,train,16
Eat.Snack_p06_r00_v14_c01.mp4,p06,f,train,12
Cook.Stir_p09_r03_v13_c03.mp4,p09,m,train,4
Drink.Fromcup_p15_r09_v08_c02.mp4,p15,m,train,9
Drink.Fromcup_p07_r01_v22_c06.mp4,p07,f,train,9
Takepills_p19_r00_v03_c05.mp4,p19,f,train,26
Leave_p07_r05_v06_c05.mp4,p07,f,train,16
Drink.Fromcup_p18_r00_v03_c04.mp4,p18,m,test,9
Usetelephone_p13_r00_v13_c02.mp4,p13,f,train,29
Walk_p19_r03_v13_c06.mp4,p19,f,train,30
Cook.Cleanup_p09_r05_v13_c06.mp4,p09,m,train,2
Enter_p10_r04_v13_c03.mp4,p10,f,test,13
Getup_p20_r04_v05_c04.mp4,p20,f,test,14
Eat.Attable_p11_r23_v08_c01.mp4,p11,f,test,11
Pour.Fromcan_p03_r00_v18_c03.mp4,p03,m,train,22
Drink.Fromcup_p17_r01_v09_c02.mp4,p17,m,train,9
Pour.Frombottle_p20_r01_v03_c05.mp4,p20,f,test,21
Cook.Cleandishes_p16_r03_v12_c03.mp4,p16,f,test,1
Drink.Fromcup_p16_r00_v04_c05.mp4,p16,f,test,9
Makecoffee.Pourwater_p04_r00_v14_c06.mp4,p04,f,train,18
Drink.Fromcup_p15_r01_v03_c04.mp4,p15,m,train,9
Walk_p03_r09_v15_c03.mp4,p03,m,train,30
Walk_p18_r12_v12_c02.mp4,p18,m,test,30
Walk_p17_r02_v09_c01.mp4,p17,m,train,30
Walk_p15_r00_v15_c06.mp4,p15,m,train,30
Walk_p12_r01_v04_c05.mp4,p12,f,train,30
Drink.Fromcup_p03_r06_v06_c05.mp4,p03,m,train,9
Getup_p10_r08_v05_c05.mp4,p10,f,test,14
Walk_p09_r00_v16_c07.mp4,p09,m,train,30
Cook.Stir_p16_r00_v15_c06.mp4,p16,f,test,4
Getup_p06_r03_v15_c02.mp4,p06,f,train,14
Readbook_p25_r01_v09_c02.mp4,p25,f,train,24
Drink.Fromcup_p02_r04_v01_c06.mp4,p02,f,test,9
Leave_p09_r00_v12_c03.mp4,p09,m,train,16
Walk_p19_r02_v13_c06.mp4,p19,f,train,30
Readbook_p15_r00_v12_c02.mp4,p15,m,train,24
Walk_p03_r00_v04_c05.mp4,p03,m,train,30
WatchTV_p19_r03_v03_c05.mp4,p19,f,train,31
Eat.Snack_p16_r01_v04_c04.mp4,p16,f,test,12
Pour.Fromkettle_p03_r00_v15_c07.mp4,p03,m,train,23
Eat.Attable_p16_r12_v06_c02.mp4,p16,f,test,11
Walk_p07_r05_v21_c06.mp4,p07,f,train,30
Usetelephone_p10_r01_v01_c05.mp4,p10,f,test,29
Drink.Fromcup_p12_r03_v01_c04.mp4,p12,f,train,9
Walk_p13_r14_v25_c04.mp4,p13,f,train,30
Sitdown_p10_r02_v07_c04.mp4,p10,f,test,25
Walk_p04_r04_v11_c02.mp4,p04,f,train,30
Cook.Cut_p04_r03_v17_c07.mp4,p04,f,train,3
Walk_p15_r04_v02_c05.mp4,p15,m,train,30
Readbook_p14_r02_v05_c05.mp4,p14,m,test,24
Sitdown_p03_r06_v08_c05.mp4,p03,m,train,25
Sitdown_p20_r02_v11_c01.mp4,p20,f,test,25
Walk_p18_r01_v11_c02.mp4,p18,m,test,30
Walk_p17_r28_v12_c06.mp4,p17,m,train,30
Walk_p03_r03_v02_c05.mp4,p03,m,train,30
Enter_p10_r00_v02_c05.mp4,p10,f,test,13
Sitdown_p07_r02_v10_c01.mp4,p07,f,train,25
Drink.Fromcup_p19_r10_v10_c02.mp4,p19,f,train,9
Walk_p04_r09_v15_c03.mp4,p04,f,train,30
Cook.Cleanup_p03_r01_v18_c06.mp4,p03,m,train,2
Pour.Frombottle_p19_r01_v09_c02.mp4,p19,f,train,21
Cook.Cleandishes_p04_r01_v14_c06.mp4,p04,f,train,1
Leave_p11_r00_v07_c04.mp4,p11,f,test,16
Readbook_p19_r02_v02_c05.mp4,p19,f,train,24
Enter_p03_r00_v16_c07.mp4,p03,m,train,13
Enter_p10_r00_v11_c06.mp4,p10,f,test,13
Usetelephone_p06_r00_v06_c05.mp4,p06,f,train,29
Walk_p15_r06_v13_c07.mp4,p15,m,train,30
Sitdown_p20_r02_v07_c05.mp4,p20,f,test,25
Walk_p14_r05_v04_c05.mp4,p14,m,test,30
Eat.Snack_p06_r03_v06_c04.mp4,p06,f,train,12
Leave_p25_r00_v16_c03.mp4,p25,f,train,16
Drink.Fromcup_p03_r09_v04_c04.mp4,p03,m,train,9
Usetelephone_p03_r02_v12_c01.mp4,p03,m,train,29
Walk_p17_r01_v14_c07.mp4,p17,m,train,30
Sitdown_p09_r02_v10_c01.mp4,p09,m,train,25
Getup_p16_r02_v07_c02.mp4,p16,f,test,14
Drink.Frombottle_p04_r08_v04_c05.mp4,p04,f,train,7
Pour.Fromkettle_p06_r01_v12_c06.mp4,p06,f,train,23
Drink.Fromcup_p04_r08_v09_c02.mp4,p04,f,train,9
Drink.Fromcup_p06_r01_v12_c03.mp4,p06,f,train,9
Makecoffee.Pourgrains_p10_r00_v11_c06.mp4,p10,f,test,17
Eat.Attable_p02_r01_v11_c01.mp4,p02,f,test,11
Drink.Fromcup_p16_r15_v12_c03.mp4,p16,f,test,9
Cook.Stir_p02_r07_v15_c06.mp4,p02,f,test,4
Drink.Frombottle_p04_r08_v04_c04.mp4,p04,f,train,7
Cook.Stir_p25_r03_v15_c07.mp4,p25,f,train,4
Usetelephone_p02_r00_v15_c06.mp4,p02,f,test,29
Drink.Frombottle_p10_r00_v01_c04.mp4,p10,f,test,7
Cook.Cleandishes_p10_r04_v11_c06.mp4,p10,f,test,1
Drink.Fromcan_p03_r00_v18_c06.mp4,p03,m,train,8
Readbook_p15_r00_v02_c05.mp4,p15,m,train,24
Walk_p15_r12_v04_c04.mp4,p15,m,train,30
Eat.Attable_p04_r28_v08_c02.mp4,p04,f,train,11
Leave_p09_r01_v12_c03.mp4,p09,m,train,16
Makecoffee.Pourwater_p07_r00_v20_c06.mp4,p07,f,train,18
Uselaptop_p14_r02_v07_c05.mp4,p14,m,test,27
Drink.Fromcan_p15_r02_v10_c02.mp4,p15,m,train,8
Cook.Cleandishes_p20_r04_v13_c03.mp4,p20,f,test,1
Walk_p25_r26_v04_c04.mp4,p25,f,train,30
Sitdown_p06_r07_v06_c04.mp4,p06,f,train,25
Enter_p13_r02_v04_c04.mp4,p13,f,train,13
Sitdown_p15_r01_v01_c05.mp4,p15,m,train,25
Drink.Fromcup_p03_r06_v16_c06.mp4,p03,m,train,9
Readbook_p18_r04_v07_c05.mp4,p18,m,test,24
Drink.Fromcan_p18_r11_v08_c05.mp4,p18,m,test,8
Enter_p09_r01_v02_c04.mp4,p09,m,train,13
Sitdown_p03_r23_v04_c04.mp4,p03,m,train,25
Drink.Fromcup_p07_r01_v21_c06.mp4,p07,f,train,9
Eat.Attable_p25_r01_v09_c01.mp4,p25,f,train,11
Leave_p07_r02_v07_c05.mp4,p07,f,train,16
Walk_p03_r11_v03_c05.mp4,p03,m,train,30
Cook.Stir_p09_r11_v13_c07.mp4,p09,m,train,4
Drink.Fromcan_p11_r05_v09_c01.mp4,p11,f,test,8
Cook.Stir_p25_r07_v15_c03.mp4,p25,f,train,4
Eat.Attable_p07_r27_v08_c01.mp4,p07,f,train,11
Cook.Cut_p17_r11_v14_c06.mp4,p17,m,train,3
Cook.Stir_p02_r03_v14_c03.mp4,p02,f,test,4
Drink.Fromcup_p14_r00_v14_c07.mp4,p14,m,test,9
Cook.Cleanup_p10_r04_v11_c03.mp4,p10,f,test,2
Drink.Fromcup_p25_r02_v02_c04.mp4,p25,f,train,9
Usetelephone_p13_r01_v04_c04.mp4,p13,f,train,29
Getup_p14_r06_v01_c05.mp4,p14,m,test,14
Drink.Fromcup_p15_r04_v09_c01.mp4,p15,m,train,9
Uselaptop_p20_r02_v05_c05.mp4,p20,f,test,27
Drink.Fromcup_p10_r10_v02_c05.mp4,p10,f,test,9
Walk_p03_r00_v08_c05.mp4,p03,m,train,30
WatchTV_p16_r18_v02_c05.mp4,p16,f,test,31
WatchTV_p18_r15_v08_c05.mp4,p18,m,test,31
Readbook_p20_r03_v01_c04.mp4,p20,f,test,24
Eat.Attable_p19_r00_v07_c01.mp4,p19,f,train,11
Enter_p06_r00_v07_c01.mp4,p06,f,train,13
Drink.Fromcup_p04_r02_v15_c06.mp4,p04,f,train,9
Usetelephone_p10_r01_v06_c05.mp4,p10,f,test,29
Cook.Cleanup_p19_r00_v13_c03.mp4,p19,f,train,2
Walk_p03_r02_v15_c06.mp4,p03,m,train,30
Enter_p09_r02_v06_c05.mp4,p09,m,train,13
Leave_p11_r00_v11_c07.mp4,p11,f,test,16
WatchTV_p12_r00_v14_c05.mp4,p12,f,train,31
Leave_p07_r01_v01_c05.mp4,p07,f,train,16
Laydown_p10_r03_v03_c05.mp4,p10,f,test,15
Walk_p13_r08_v05_c04.mp4,p13,f,train,30
Drink.Fromcup_p02_r07_v04_c04.mp4,p02,f,test,9
Readbook_p16_r02_v04_c04.mp4,p16,f,test,24
Walk_p04_r05_v17_c03.mp4,p04,f,train,30
Eat.Snack_p03_r03_v16_c06.mp4,p03,m,train,12
Usetelephone_p14_r01_v06_c05.mp4,p14,m,test,29
Walk_p10_r04_v06_c05.mp4,p10,f,test,30
Readbook_p16_r02_v05_c05.mp4,p16,f,test,24
Drink.Frombottle_p06_r02_v06_c04.mp4,p06,f,train,7
Uselaptop_p06_r00_v05_c04.mp4,p06,f,train,27
Readbook_p04_r01_v10_c02.mp4,p04,f,train,24
Pour.Fromcan_p15_r01_v11_c01.mp4,p15,m,train,22
Walk_p15_r17_v02_c04.mp4,p15,m,train,30
Walk_p03_r46_v04_c05.mp4,p03,m,train,30
Eat.Attable_p14_r08_v09_c01.mp4,p14,m,test,11
Drink.Frombottle_p20_r00_v06_c05.mp4,p20,f,test,7
Readbook_p12_r00_v07_c05.mp4,p12,f,train,24
Walk_p09_r03_v12_c07.mp4,p09,m,train,30
Pour.Frombottle_p25_r01_v05_c05.mp4,p25,f,train,21
Maketea.Boilwater_p17_r00_v13_c06.mp4,p17,m,train,19
Walk_p25_r04_v17_c01.mp4,p25,f,train,30
Getup_p06_r05_v10_c01.mp4,p06,f,train,14
Drink.Fromcup_p14_r01_v03_c05.mp4,p14,m,test,9
Walk_p19_r02_v04_c05.mp4,p19,f,train,30
Pour.Frombottle_p25_r00_v09_c01.mp4,p25,f,train,21
WatchTV_p17_r03_v01_c05.mp4,p17,m,train,31
Walk_p02_r04_v02_c07.mp4,p02,f,test,30
Getup_p09_r03_v06_c05.mp4,p09,m,train,14
Leave_p12_r02_v06_c04.mp4,p12,f,train,16
Getup_p10_r11_v10_c01.mp4,p10,f,test,14
Drink.Frombottle_p03_r07_v05_c05.mp4,p03,m,train,7
Leave_p12_r00_v01_c04.mp4,p12,f,train,16
Walk_p04_r03_v15_c03.mp4,p04,f,train,30
Drink.Fromcup_p10_r08_v02_c04.mp4,p10,f,test,9
Cook.Cleanup_p03_r00_v18_c07.mp4,p03,m,train,2
Usetelephone_p14_r00_v04_c04.mp4,p14,m,test,29
Usetelephone_p04_r00_v10_c01.mp4,p04,f,train,29
Getup_p25_r06_v05_c04.mp4,p25,f,train,14
Takepills_p06_r00_v03_c04.mp4,p06,f,train,26
Getup_p25_r00_v06_c05.mp4,p25,f,train,14
Getup_p17_r06_v09_c01.mp4,p17,m,train,14
Cook.Stir_p07_r01_v21_c07.mp4,p07,f,train,4
Walk_p15_r11_v09_c02.mp4,p15,m,train,30
Drink.Fromcup_p02_r01_v09_c05.mp4,p02,f,test,9
WatchTV_p02_r00_v18_c05.mp4,p02,f,test,31
Getup_p06_r04_v10_c02.mp4,p06,f,train,14
Walk_p04_r01_v16_c06.mp4,p04,f,train,30
Walk_p03_r20_v03_c05.mp4,p03,m,train,30
Eat.Attable_p17_r06_v10_c01.mp4,p17,m,train,11
Walk_p11_r01_v03_c04.mp4,p11,f,test,30
Takepills_p11_r00_v10_c01.mp4,p11,f,test,26
Sitdown_p14_r11_v05_c05.mp4,p14,m,test,25
WatchTV_p03_r03_v08_c05.mp4,p03,m,train,31
Readbook_p13_r01_v11_c01.mp4,p13,f,train,24
Enter_p07_r02_v06_c06.mp4,p07,f,train,13
Sitdown_p25_r05_v10_c01.mp4,p25,f,train,25
Usetelephone_p19_r00_v02_c04.mp4,p19,f,train,29
Cook.Cleanup_p07_r08_v06_c06.mp4,p07,f,train,2
WatchTV_p17_r07_v01_c05.mp4,p17,m,train,31
WatchTV_p18_r19_v08_c05.mp4,p18,m,test,31
Walk_p12_r07_v03_c04.mp4,p12,f,train,30
Walk_p03_r15_v04_c04.mp4,p03,m,train,30
Walk_p03_r11_v15_c07.mp4,p03,m,train,30
Walk_p10_r00_v11_c03.mp4,p10,f,test,30
Sitdown_p09_r00_v11_c01.mp4,p09,m,train,25
Walk_p18_r05_v01_c05.mp4,p18,m,test,30
Walk_p10_r02_v12_c07.mp4,p10,f,test,30
Walk_p14_r33_v05_c05.mp4,p14,m,test,30
Drink.Fromcup_p03_r10_v04_c04.mp4,p03,m,train,9
Getup_p18_r00_v09_c01.mp4,p18,m,test,14
Walk_p04_r24_v05_c05.mp4,p04,f,train,30
Uselaptop_p13_r00_v07_c04.mp4,p13,f,train,27
Readbook_p12_r05_v14_c05.mp4,p12,f,train,24
Drink.Fromcup_p13_r09_v20_c03.mp4,p13,f,train,9
Sitdown_p15_r02_v11_c02.mp4,p15,m,train,25
Maketea.Boilwater_p16_r00_v14_c06.mp4,p16,f,test,19
Walk_p16_r00_v01_c04.mp4,p16,f,test,30
Walk_p07_r05_v05_c05.mp4,p07,f,train,30
Cook.Stir_p20_r07_v15_c07.mp4,p20,f,test,4
Cook.Cleandishes_p03_r04_v18_c06.mp4,p03,m,train,1
Usetelephone_p25_r00_v05_c05.mp4,p25,f,train,29
Walk_p09_r03_v13_c03.mp4,p09,m,train,30
Drink.Fromcup_p04_r02_v15_c03.mp4,p04,f,train,9
Drink.Fromcup_p09_r03_v05_c05.mp4,p09,m,train,9
Takepills_p17_r04_v09_c02.mp4,p17,m,train,26
Walk_p02_r03_v14_c03.mp4,p02,f,test,30
Cutbread_p15_r01_v08_c02.mp4,p15,m,train,6
Eat.Attable_p07_r42_v08_c02.mp4,p07,f,train,11
Takepills_p18_r01_v15_c03.mp4,p18,m,test,26
Drink.Fromcup_p06_r06_v03_c04.mp4,p06,f,train,9
WatchTV_p06_r04_v06_c05.mp4,p06,f,train,31
Sitdown_p18_r07_v10_c01.mp4,p18,m,test,25
Drink.Fromcup_p03_r01_v12_c02.mp4,p03,m,train,9
Walk_p15_r10_v03_c05.mp4,p15,m,train,30
Drink.Fromcup_p06_r00_v12_c03.mp4,p06,f,train,9
Walk_p03_r03_v18_c07.mp4,p03,m,train,30
Walk_p07_r12_v06_c05.mp4,p07,f,train,30
Eat.Attable_p13_r16_v19_c01.mp4,p13,f,train,11
Sitdown_p25_r00_v10_c01.mp4,p25,f,train,25
Readbook_p19_r03_v01_c05.mp4,p19,f,train,24
Getup_p15_r00_v06_c04.mp4,p15,m,train,14
Drink.Fromcan_p04_r02_v11_c02.mp4,p04,f,train,8
Readbook_p03_r05_v03_c04.mp4,p03,m,train,24
Sitdown_p10_r03_v05_c05.mp4,p10,f,test,25
Walk_p03_r09_v13_c02.mp4,p03,m,train,30
Sitdown_p14_r02_v03_c04.mp4,p14,m,test,25
Leave_p03_r00_v10_c02.mp4,p03,m,train,16
Cook.Cleanup_p04_r02_v18_c03.mp4,p04,f,train,2
Drink.Fromcup_p03_r01_v10_c01.mp4,p03,m,train,9
Walk_p03_r02_v01_c05.mp4,p03,m,train,30
Walk_p15_r01_v02_c05.mp4,p15,m,train,30
Walk_p03_r39_v02_c05.mp4,p03,m,train,30
Walk_p02_r15_v08_c05.mp4,p02,f,test,30
Walk_p12_r09_v05_c04.mp4,p12,f,train,30
Sitdown_p17_r02_v08_c02.mp4,p17,m,train,25
Drink.Fromcup_p10_r04_v07_c04.mp4,p10,f,test,9
Drink.Fromcup_p14_r03_v08_c04.mp4,p14,m,test,9
Cook.Cleandishes_p07_r04_v20_c03.mp4,p07,f,train,1
Takepills_p14_r03_v05_c05.mp4,p14,m,test,26
Sitdown_p06_r01_v09_c02.mp4,p06,f,train,25
Drink.Fromcup_p25_r10_v12_c06.mp4,p25,f,train,9
Walk_p16_r00_v09_c02.mp4,p16,f,test,30
Cook.Cleanup_p07_r02_v20_c07.mp4,p07,f,train,2
Pour.Fromkettle_p20_r01_v13_c03.mp4,p20,f,test,23
Cook.Stir_p07_r16_v21_c07.mp4,p07,f,train,4
Walk_p12_r06_v01_c04.mp4,p12,f,train,30
Walk_p20_r08_v14_c07.mp4,p20,f,test,30
Drink.Fromcup_p10_r02_v07_c04.mp4,p10,f,test,9
Drink.Fromcup_p06_r01_v08_c01.mp4,p06,f,train,9
Walk_p11_r07_v13_c03.mp4,p11,f,test,30
Cook.Cleanup_p06_r03_v12_c03.mp4,p06,f,train,2
Walk_p12_r02_v11_c06.mp4,p12,f,train,30
Cook.Cleandishes_p04_r03_v18_c06.mp4,p04,f,train,1
Eat.Attable_p02_r01_v11_c02.mp4,p02,f,test,11
Getup_p20_r00_v04_c05.mp4,p20,f,test,14
Leave_p10_r00_v06_c04.mp4,p10,f,test,16
Getup_p03_r00_v11_c02.mp4,p03,m,train,14
Cook.Cleandishes_p07_r05_v20_c06.mp4,p07,f,train,1
Drink.Fromcup_p04_r00_v17_c06.mp4,p04,f,train,9
Walk_p14_r15_v05_c05.mp4,p14,m,test,30
Usetelephone_p03_r05_v02_c04.mp4,p03,m,train,29
Drink.Fromcan_p16_r00_v07_c02.mp4,p16,f,test,8
Walk_p12_r08_v14_c05.mp4,p12,f,train,30
Readbook_p17_r00_v09_c01.mp4,p17,m,train,24
Leave_p11_r00_v02_c04.mp4,p11,f,test,16
WatchTV_p12_r10_v06_c05.mp4,p12,f,train,31
Pour.Frombottle_p10_r00_v05_c04.mp4,p10,f,test,21
Usetelephone_p03_r00_v15_c06.mp4,p03,m,train,29
Walk_p15_r12_v16_c06.mp4,p15,m,train,30
Walk_p03_r14_v02_c04.mp4,p03,m,train,30
WatchTV_p18_r17_v08_c05.mp4,p18,m,test,31
Walk_p02_r27_v09_c05.mp4,p02,f,test,30
Drink.Fromcup_p15_r06_v13_c06.mp4,p15,m,train,9
Leave_p07_r04_v05_c05.mp4,p07,f,train,16
Takepills_p10_r02_v09_c01.mp4,p10,f,test,26
Getup_p12_r11_v05_c05.mp4,p12,f,train,14
Drink.Fromcup_p02_r05_v11_c02.mp4,p02,f,test,9
Laydown_p11_r02_v02_c04.mp4,p11,f,test,15
Cook.Cleandishes_p11_r02_v11_c07.mp4,p11,f,test,1
Eat.Attable_p16_r29_v06_c01.mp4,p16,f,test,11
Walk_p15_r22_v02_c04.mp4,p15,m,train,30
WatchTV_p25_r07_v01_c05.mp4,p25,f,train,31
Leave_p06_r00_v08_c02.mp4,p06,f,train,16
Cook.Cut_p02_r04_v15_c06.mp4,p02,f,test,3
Walk_p15_r06_v15_c06.mp4,p15,m,train,30
Pour.Frombottle_p03_r04_v04_c04.mp4,p03,m,train,21
Walk_p03_r33_v04_c05.mp4,p03,m,train,30
Walk_p03_r09_v15_c06.mp4,p03,m,train,30
Cook.Usestove_p06_r00_v12_c06.mp4,p06,f,train,5
Drink.Fromcup_p19_r03_v05_c04.mp4,p19,f,train,9
Drink.Fromcup_p04_r08_v05_c04.mp4,p04,f,train,9
Usetelephone_p20_r00_v03_c04.mp4,p20,f,test,29
Usetelephone_p14_r03_v01_c04.mp4,p14,m,test,29
Usetelephone_p07_r00_v11_c02.mp4,p07,f,train,29
Walk_p19_r08_v13_c06.mp4,p19,f,train,30
Maketea.Boilwater_p03_r00_v15_c06.mp4,p03,m,train,19
Getup_p19_r00_v03_c05.mp4,p19,f,train,14
Cook.Stir_p16_r04_v14_c03.mp4,p16,f,test,4
Readbook_p06_r00_v03_c05.mp4,p06,f,train,24
Pour.Frombottle_p19_r01_v02_c04.mp4,p19,f,train,21
Walk_p11_r11_v07_c04.mp4,p11,f,test,30
Walk_p14_r18_v06_c05.mp4,p14,m,test,30
Walk_p09_r01_v16_c07.mp4,p09,m,train,30
Getup_p04_r07_v04_c05.mp4,p04,f,train,14
Enter_p25_r00_v15_c07.mp4,p25,f,train,13
Cook.Usestove_p11_r03_v13_c06.mp4,p11,f,test,5
Getup_p18_r00_v05_c04.mp4,p18,m,test,14
Drink.Fromcup_p17_r02_v10_c01.mp4,p17,m,train,9
Readbook_p06_r03_v06_c05.mp4,p06,f,train,24
Walk_p03_r09_v02_c04.mp4,p03,m,train,30
Sitdown_p13_r01_v19_c01.mp4,p13,f,train,25
Usetelephone_p03_r01_v12_c01.mp4,p03,m,train,29
Walk_p17_r32_v03_c05.mp4,p17,m,train,30
Walk_p25_r03_v14_c03.mp4,p25,f,train,30
WatchTV_p19_r06_v05_c05.mp4,p19,f,train,31
Cook.Stir_p16_r02_v15_c06.mp4,p16,f,test,4
Cook.Stir_p07_r10_v21_c07.mp4,p07,f,train,4
Uselaptop_p19_r02_v09_c01.mp4,p19,f,train,27
Drink.Frombottle_p04_r02_v06_c05.mp4,p04,f,train,7
Drink.Fromcup_p02_r03_v14_c03.mp4,p02,f,test,9
Cook.Stir_p09_r04_v12_c03.mp4,p09,m,train,4
Drink.Fromcup_p13_r13_v19_c01.mp4,p13,f,train,9
Eat.Attable_p07_r40_v08_c02.mp4,p07,f,train,11
Eat.Snack_p09_r00_v13_c03.mp4,p09,m,train,12
Readbook_p25_r04_v11_c01.mp4,p25,f,train,24
Cook.Stir_p09_r13_v13_c07.mp4,p09,m,train,4
Cook.Cut_p11_r00_v13_c07.mp4,p11,f,test,3
Readbook_p04_r01_v09_c01.mp4,p04,f,train,24
WatchTV_p02_r03_v18_c05.mp4,p02,f,test,31
Drink.Fromcup_p06_r00_v08_c02.mp4,p06,f,train,9
WatchTV_p10_r09_v03_c05.mp4,p10,f,test,31
Drink.Fromcup_p02_r03_v11_c02.mp4,p02,f,test,9
Enter_p10_r00_v06_c04.mp4,p10,f,test,13
Drink.Fromcup_p15_r00_v05_c05.mp4,p15,m,train,9
Drink.Fromcup_p04_r00_v11_c02.mp4,p04,f,train,9
Uselaptop_p04_r02_v03_c04.mp4,p04,f,train,27
Drink.Fromcan_p13_r00_v23_c06.mp4,p13,f,train,8
Cook.Cleanup_p07_r07_v20_c03.mp4,p07,f,train,2
WatchTV_p06_r11_v03_c05.mp4,p06,f,train,31
Drink.Fromcup_p13_r01_v10_c02.mp4,p13,f,train,9
Drink.Fromcup_p19_r25_v07_c01.mp4,p19,f,train,9
Drink.Fromcup_p19_r09_v01_c04.mp4,p19,f,train,9
Uselaptop_p04_r00_v07_c05.mp4,p04,f,train,27
Walk_p03_r03_v08_c04.mp4,p03,m,train,30
Walk_p03_r01_v02_c04.mp4,p03,m,train,30
Walk_p13_r00_v20_c07.mp4,p13,f,train,30
Walk_p25_r00_v12_c07.mp4,p25,f,train,30
WatchTV_p17_r00_v03_c05.mp4,p17,m,train,31
Cook.Cleanup_p09_r05_v13_c03.mp4,p09,m,train,2
Pour.Frombottle_p25_r03_v04_c05.mp4,p25,f,train,21
Readbook_p25_r00_v03_c05.mp4,p25,f,train,24
WatchTV_p07_r02_v07_c04.mp4,p07,f,train,31
Sitdown_p09_r03_v09_c01.mp4,p09,m,train,25
Sitdown_p03_r06_v11_c02.mp4,p03,m,train,25
Drink.Fromcup_p04_r04_v05_c05.mp4,p04,f,train,9
Readbook_p03_r05_v19_c04.mp4,p03,m,train,24
Eat.Attable_p02_r08_v11_c01.mp4,p02,f,test,11
Walk_p02_r00_v08_c04.mp4,p02,f,test,30
Takepills_p15_r00_v11_c01.mp4,p15,m,train,26
Walk_p19_r06_v02_c05.mp4,p19,f,train,30
Cook.Cleandishes_p20_r06_v13_c03.mp4,p20,f,test,1
Drink.Fromcup_p09_r04_v03_c04.mp4,p09,m,train,9
Drink.Fromcup_p15_r01_v04_c04.mp4,p15,m,train,9
Walk_p03_r07_v19_c05.mp4,p03,m,train,30
Cook.Cleandishes_p07_r06_v20_c06.mp4,p07,f,train,1
Walk_p15_r03_v06_c05.mp4,p15,m,train,30
Getup_p15_r01_v11_c02.mp4,p15,m,train,14
Drink.Fromcup_p04_r04_v08_c01.mp4,p04,f,train,9
Walk_p15_r03_v09_c02.mp4,p15,m,train,30
Drink.Fromcup_p16_r03_v03_c04.mp4,p16,f,test,9
Enter_p06_r04_v27_c01.mp4,p06,f,train,13
Drink.Fromcup_p13_r02_v20_c03.mp4,p13,f,train,9
Readbook_p03_r04_v03_c05.mp4,p03,m,train,24
Pour.Frombottle_p14_r01_v03_c05.mp4,p14,m,test,21
Usetelephone_p19_r00_v04_c04.mp4,p19,f,train,29
Takepills_p25_r02_v05_c04.mp4,p25,f,train,26
Cook.Cleanup_p12_r00_v12_c06.mp4,p12,f,train,2
Readbook_p04_r02_v04_c05.mp4,p04,f,train,24
Cook.Stir_p16_r00_v14_c03.mp4,p16,f,test,4
Eat.Attable_p25_r02_v09_c01.mp4,p25,f,train,11
Uselaptop_p13_r00_v24_c04.mp4,p13,f,train,27
Pour.Fromkettle_p06_r00_v12_c06.mp4,p06,f,train,23
Uselaptop_p11_r00_v14_c01.mp4,p11,f,test,27
WatchTV_p03_r04_v03_c05.mp4,p03,m,train,31
Cook.Stir_p18_r08_v15_c07.mp4,p18,m,test,4
Walk_p02_r05_v06_c05.mp4,p02,f,test,30
Eat.Snack_p03_r00_v15_c03.mp4,p03,m,train,12
Walk_p25_r35_v14_c06.mp4,p25,f,train,30
Walk_p11_r13_v05_c04.mp4,p11,f,test,30
Readbook_p09_r01_v01_c05.mp4,p09,m,train,24
Drink.Frombottle_p02_r03_v06_c05.mp4,p02,f,test,7
Sitdown_p03_r02_v12_c01.mp4,p03,m,train,25
Eat.Snack_p06_r02_v11_c01.mp4,p06,f,train,12
Sitdown_p25_r00_v17_c01.mp4,p25,f,train,25
Readbook_p12_r02_v06_c04.mp4,p12,f,train,24
Drink.Fromcup_p09_r03_v08_c01.mp4,p09,m,train,9
Usetelephone_p13_r02_v10_c02.mp4,p13,f,train,29
Drink.Fromcup_p15_r07_v17_c06.mp4,p15,m,train,9
Walk_p04_r00_v16_c03.mp4,p04,f,train,30
Takepills_p25_r00_v11_c01.mp4,p25,f,train,26
Cook.Stir_p15_r01_v16_c03.mp4,p15,m,train,4
Walk_p06_r06_v13_c06.mp4,p06,f,train,30
Drink.Fromcup_p06_r05_v03_c04.mp4,p06,f,train,9
Cook.Cut_p17_r01_v15_c06.mp4,p17,m,train,3
Walk_p10_r07_v12_c07.mp4,p10,f,test,30
Enter_p25_r01_v14_c07.mp4,p25,f,train,13
Drink.Fromcup_p15_r02_v14_c06.mp4,p15,m,train,9
Getup_p14_r09_v08_c05.mp4,p14,m,test,14
Eat.Attable_p02_r09_v11_c01.mp4,p02,f,test,11
Sitdown_p04_r00_v11_c02.mp4,p04,f,train,25
Walk_p12_r04_v07_c04.mp4,p12,f,train,30
Sitdown_p09_r00_v09_c01.mp4,p09,m,train,25
Drink.Fromglass_p25_r00_v09_c02.mp4,p25,f,train,10
Drink.Fromcup_p10_r05_v02_c05.mp4,p10,f,test,9
Walk_p15_r09_v17_c07.mp4,p15,m,train,30
Walk_p03_r09_v03_c05.mp4,p03,m,train,30
Cook.Stir_p09_r03_v12_c07.mp4,p09,m,train,4
Drink.Fromcup_p13_r12_v11_c02.mp4,p13,f,train,9
Walk_p14_r08_v04_c05.mp4,p14,m,test,30
Eat.Attable_p02_r10_v11_c02.mp4,p02,f,test,11
Walk_p02_r03_v14_c06.mp4,p02,f,test,30
Enter_p06_r00_v04_c05.mp4,p06,f,train,13
Sitdown_p12_r07_v03_c04.mp4,p12,f,train,25
Drink.Fromcup_p16_r00_v04_c04.mp4,p16,f,test,9
Getup_p06_r02_v06_c05.mp4,p06,f,train,14
Walk_p04_r04_v16_c03.mp4,p04,f,train,30
WatchTV_p06_r07_v03_c04.mp4,p06,f,train,31
Eat.Attable_p07_r25_v08_c02.mp4,p07,f,train,11
Uselaptop_p14_r00_v12_c02.mp4,p14,m,test,27
Eat.Snack_p10_r00_v13_c03.mp4,p10,f,test,12
Cook.Usestove_p09_r11_v12_c06.mp4,p09,m,train,5
Drink.Fromcup_p15_r07_v14_c06.mp4,p15,m,train,9
Walk_p18_r10_v12_c02.mp4,p18,m,test,30
Drink.Frombottle_p06_r01_v06_c05.mp4,p06,f,train,7
Drink.Fromcup_p25_r03_v03_c04.mp4,p25,f,train,9
Cutbread_p13_r03_v08_c02.mp4,p13,f,train,6
WatchTV_p02_r03_v05_c04.mp4,p02,f,test,31
Eat.Attable_p06_r11_v07_c02.mp4,p06,f,train,11
Walk_p15_r05_v06_c04.mp4,p15,m,train,30
Drink.Fromcup_p13_r02_v21_c06.mp4,p13,f,train,9
Walk_p25_r28_v12_c06.mp4,p25,f,train,30
Walk_p16_r00_v08_c02.mp4,p16,f,test,30
Drink.Fromcup_p15_r02_v17_c06.mp4,p15,m,train,9
Readbook_p16_r01_v02_c05.mp4,p16,f,test,24
Walk_p02_r05_v02_c03.mp4,p02,f,test,30
Usetelephone_p17_r02_v08_c01.mp4,p17,m,train,29
Drink.Fromcup_p15_r03_v17_c03.mp4,p15,m,train,9
Sitdown_p25_r07_v10_c01.mp4,p25,f,train,25
Drink.Fromcup_p07_r00_v08_c01.mp4,p07,f,train,9
Takepills_p16_r01_v14_c06.mp4,p16,f,test,26
Walk_p19_r04_v05_c05.mp4,p19,f,train,30
Getup_p06_r07_v06_c05.mp4,p06,f,train,14
Eat.Attable_p13_r18_v09_c01.mp4,p13,f,train,11
Getup_p12_r00_v05_c05.mp4,p12,f,train,14
Cook.Cleanup_p16_r01_v12_c03.mp4,p16,f,test,2
Getup_p06_r01_v08_c01.mp4,p06,f,train,14
Readbook_p13_r00_v04_c04.mp4,p13,f,train,24
Sitdown_p03_r08_v05_c05.mp4,p03,m,train,25
Walk_p04_r05_v14_c03.mp4,p04,f,train,30
Cook.Stir_p12_r00_v12_c06.mp4,p12,f,train,4
Walk_p03_r03_v11_c02.mp4,p03,m,train,30
Walk_p17_r14_v11_c06.mp4,p17,m,train,30
Maketea.Boilwater_p15_r05_v14_c06.mp4,p15,m,train,19
Uselaptop_p12_r03_v02_c05.mp4,p12,f,train,27
Walk_p25_r02_v12_c07.mp4,p25,f,train,30
Uselaptop_p19_r01_v09_c01.mp4,p19,f,train,27
WatchTV_p20_r01_v03_c05.mp4,p20,f,test,31
Getup_p15_r01_v05_c05.mp4,p15,m,train,14
Drink.Fromcup_p17_r03_v09_c01.mp4,p17,m,train,9
Leave_p03_r00_v18_c07.mp4,p03,m,train,16
Uselaptop_p12_r00_v07_c04.mp4,p12,f,train,27
Drink.Fromcup_p25_r11_v01_c05.mp4,p25,f,train,9
Leave_p09_r01_v14_c06.mp4,p09,m,train,16
Walk_p25_r28_v05_c05.mp4,p25,f,train,30
Drink.Fromcup_p17_r00_v15_c06.mp4,p17,m,train,9
Drink.Fromcup_p03_r05_v12_c01.mp4,p03,m,train,9
Walk_p14_r04_v10_c02.mp4,p14,m,test,30
Cook.Cleanup_p03_r00_v16_c03.mp4,p03,m,train,2
Drink.Fromcup_p14_r01_v06_c04.mp4,p14,m,test,9
Pour.Frombottle_p14_r00_v07_c04.mp4,p14,m,test,21
Cook.Cleanup_p03_r00_v16_c06.mp4,p03,m,train,2
WatchTV_p07_r01_v02_c05.mp4,p07,f,train,31
Readbook_p16_r03_v09_c02.mp4,p16,f,test,24
Cook.Cleanup_p15_r05_v13_c06.mp4,p15,m,train,2
Cook.Cleanup_p03_r03_v16_c03.mp4,p03,m,train,2
Cook.Cleanup_p13_r00_v21_c03.mp4,p13,f,train,2
Walk_p07_r07_v03_c05.mp4,p07,f,train,30
Walk_p04_r03_v16_c07.mp4,p04,f,train,30
Sitdown_p15_r02_v02_c05.mp4,p15,m,train,25
Enter_p03_r02_v18_c07.mp4,p03,m,train,13
Getup_p09_r01_v06_c04.mp4,p09,m,train,14
Cook.Cleanup_p19_r00_v13_c06.mp4,p19,f,train,2
Drink.Fromcup_p02_r04_v17_c05.mp4,p02,f,test,9
Eat.Attable_p14_r03_v09_c01.mp4,p14,m,test,11
Sitdown_p12_r06_v05_c05.mp4,p12,f,train,25
Getup_p06_r01_v09_c01.mp4,p06,f,train,14
Drink.Fromcup_p03_r04_v15_c06.mp4,p03,m,train,9
Drink.Fromcup_p12_r10_v04_c05.mp4,p12,f,train,9
Usetablet_p03_r02_v06_c05.mp4,p03,m,train,28
Walk_p02_r11_v01_c07.mp4,p02,f,test,30
Readbook_p03_r00_v08_c05.mp4,p03,m,train,24
Uselaptop_p11_r00_v04_c04.mp4,p11,f,test,27
Walk_p15_r05_v02_c05.mp4,p15,m,train,30
WatchTV_p18_r01_v06_c05.mp4,p18,m,test,31
Drink.Fromcup_p18_r05_v12_c01.mp4,p18,m,test,9
Drink.Fromcup_p07_r01_v08_c01.mp4,p07,f,train,9
WatchTV_p16_r08_v02_c05.mp4,p16,f,test,31
Walk_p03_r13_v13_c01.mp4,p03,m,train,30
Cook.Cleanup_p07_r03_v06_c06.mp4,p07,f,train,2
Cook.Cleandishes_p16_r00_v12_c07.mp4,p16,f,test,1
Uselaptop_p14_r03_v07_c05.mp4,p14,m,test,27
Eat.Attable_p16_r23_v06_c01.mp4,p16,f,test,11
Drink.Fromcup_p13_r05_v10_c01.mp4,p13,f,train,9
Enter_p07_r00_v22_c07.mp4,p07,f,train,13
Drink.Frombottle_p14_r01_v08_c05.mp4,p14,m,test,7
Sitdown_p06_r00_v07_c02.mp4,p06,f,train,25
Walk_p04_r00_v18_c03.mp4,p04,f,train,30
Sitdown_p09_r00_v07_c05.mp4,p09,m,train,25
WatchTV_p07_r01_v04_c05.mp4,p07,f,train,31
Cook.Cut_p06_r03_v13_c03.mp4,p06,f,train,3
Getup_p10_r10_v02_c04.mp4,p10,f,test,14
Uselaptop_p10_r02_v02_c04.mp4,p10,f,test,27
Getup_p14_r06_v02_c05.mp4,p14,m,test,14
Cook.Stir_p06_r00_v13_c06.mp4,p06,f,train,4
Cook.Cleanup_p13_r01_v20_c03.mp4,p13,f,train,2
Cook.Cleanup_p03_r02_v16_c06.mp4,p03,m,train,2
Drink.Fromcup_p18_r08_v12_c01.mp4,p18,m,test,9
Walk_p15_r12_v13_c06.mp4,p15,m,train,30
Walk_p17_r11_v12_c07.mp4,p17,m,train,30
Sitdown_p06_r04_v10_c02.mp4,p06,f,train,25
Usetablet_p03_r01_v12_c02.mp4,p03,m,train,28
Drink.Fromcup_p15_r05_v17_c03.mp4,p15,m,train,9
Drink.Frombottle_p18_r03_v05_c05.mp4,p18,m,test,7
Cook.Cleandishes_p07_r09_v20_c06.mp4,p07,f,train,1
Sitdown_p12_r01_v03_c04.mp4,p12,f,train,25
Cook.Cleanup_p03_r00_v15_c06.mp4,p03,m,train,2
WatchTV_p06_r02_v04_c05.mp4,p06,f,train,31
Readbook_p13_r00_v24_c05.mp4,p13,f,train,24
Drink.Fromcup_p25_r02_v05_c04.mp4,p25,f,train,9
Sitdown_p09_r02_v06_c04.mp4,p09,m,train,25
Enter_p17_r00_v04_c05.mp4,p17,m,train,13
Walk_p14_r06_v02_c05.mp4,p14,m,test,30
Usetelephone_p03_r00_v08_c04.mp4,p03,m,train,29
Walk_p12_r04_v12_c06.mp4,p12,f,train,30
Pour.Frombottle_p19_r01_v08_c01.mp4,p19,f,train,21
Eat.Attable_p07_r31_v08_c02.mp4,p07,f,train,11
Walk_p09_r00_v05_c04.mp4,p09,m,train,30
Sitdown_p13_r04_v10_c01.mp4,p13,f,train,25
Sitdown_p15_r04_v11_c01.mp4,p15,m,train,25
Drink.Fromcup_p19_r18_v01_c05.mp4,p19,f,train,9
Sitdown_p13_r01_v10_c02.mp4,p13,f,train,25
Walk_p06_r01_v15_c02.mp4,p06,f,train,30
Getup_p15_r03_v11_c02.mp4,p15,m,train,14
Drink.Fromcup_p16_r01_v04_c04.mp4,p16,f,test,9
Takepills_p10_r02_v03_c05.mp4,p10,f,test,26
Drink.Fromcup_p13_r01_v04_c04.mp4,p13,f,train,9
Walk_p10_r05_v13_c07.mp4,p10,f,test,30
Cook.Cleanup_p11_r06_v11_c07.mp4,p11,f,test,2
Walk_p03_r02_v12_c02.mp4,p03,m,train,30
Sitdown_p10_r02_v06_c05.mp4,p10,f,test,25
Drink.Fromcup_p14_r03_v07_c05.mp4,p14,m,test,9
Drink.Fromcan_p14_r00_v13_c01.mp4,p14,m,test,8
Cook.Cleandishes_p10_r00_v14_c06.mp4,p10,f,test,1
Drink.Fromcup_p14_r01_v07_c05.mp4,p14,m,test,9
Drink.Fromcup_p17_r04_v09_c01.mp4,p17,m,train,9
Cook.Cleanup_p10_r02_v14_c06.mp4,p10,f,test,2
Walk_p19_r17_v12_c06.mp4,p19,f,train,30
Laydown_p20_r01_v04_c04.mp4,p20,f,test,15
Drink.Fromcup_p16_r04_v13_c06.mp4,p16,f,test,9
Drink.Fromcan_p14_r01_v06_c04.mp4,p14,m,test,8
Readbook_p12_r05_v01_c04.mp4,p12,f,train,24
Sitdown_p18_r05_v05_c04.mp4,p18,m,test,25
Walk_p09_r05_v14_c06.mp4,p09,m,train,30
Getup_p18_r00_v01_c05.mp4,p18,m,test,14
Readbook_p19_r00_v04_c04.mp4,p19,f,train,24
Walk_p17_r12_v10_c02.mp4,p17,m,train,30
Walk_p18_r17_v05_c05.mp4,p18,m,test,30
Cook.Stir_p09_r10_v13_c06.mp4,p09,m,train,4
Walk_p17_r01_v05_c05.mp4,p17,m,train,30
Sitdown_p02_r03_v18_c05.mp4,p02,f,test,25
Takepills_p14_r05_v05_c05.mp4,p14,m,test,26
Walk_p06_r01_v13_c06.mp4,p06,f,train,30
Cook.Cut_p15_r01_v16_c06.mp4,p15,m,train,3
Cook.Usestove_p06_r00_v13_c03.mp4,p06,f,train,5
Walk_p15_r16_v11_c02.mp4,p15,m,train,30
WatchTV_p16_r22_v02_c05.mp4,p16,f,test,31
Walk_p15_r00_v06_c05.mp4,p15,m,train,30
Pour.Frombottle_p14_r05_v05_c04.mp4,p14,m,test,21
Drink.Fromcup_p03_r02_v15_c06.mp4,p03,m,train,9
Walk_p02_r17_v14_c03.mp4,p02,f,test,30
Drink.Fromcup_p10_r09_v07_c04.mp4,p10,f,test,9
Walk_p15_r07_v02_c05.mp4,p15,m,train,30
Makecoffee.Pourwater_p18_r01_v13_c03.mp4,p18,m,test,18
Drink.Fromcup_p02_r01_v04_c04.mp4,p02,f,test,9
Walk_p14_r42_v05_c05.mp4,p14,m,test,30
Cook.Stir_p11_r02_v13_c03.mp4,p11,f,test,4
Readbook_p16_r15_v02_c05.mp4,p16,f,test,24
Walk_p16_r04_v08_c02.mp4,p16,f,test,30
Cook.Cleandishes_p16_r04_v12_c03.mp4,p16,f,test,1
WatchTV_p13_r02_v25_c05.mp4,p13,f,train,31
Walk_p14_r03_v09_c02.mp4,p14,m,test,30
Cook.Stir_p02_r10_v15_c06.mp4,p02,f,test,4
Leave_p17_r00_v03_c04.mp4,p17,m,train,16
Drink.Fromcan_p04_r06_v03_c04.mp4,p04,f,train,8
Walk_p03_r25_v04_c05.mp4,p03,m,train,30
Cook.Cleandishes_p04_r00_v16_c06.mp4,p04,f,train,1
Uselaptop_p10_r02_v10_c01.mp4,p10,f,test,27
WatchTV_p09_r02_v07_c04.mp4,p09,m,train,31
Leave_p06_r00_v14_c02.mp4,p06,f,train,16
Drink.Fromcup_p12_r01_v03_c05.mp4,p12,f,train,9
Drink.Fromcup_p07_r09_v08_c02.mp4,p07,f,train,9
Drink.Frombottle_p02_r04_v12_c02.mp4,p02,f,test,7
Getup_p10_r10_v05_c05.mp4,p10,f,test,14
Walk_p15_r03_v05_c05.mp4,p15,m,train,30
Cook.Cleandishes_p16_r02_v12_c03.mp4,p16,f,test,1
Cook.Cleanup_p03_r06_v18_c06.mp4,p03,m,train,2
Cook.Cleandishes_p02_r01_v02_c03.mp4,p02,f,test,1
Drink.Fromcup_p04_r01_v12_c01.mp4,p04,f,train,9
Walk_p14_r07_v11_c02.mp4,p14,m,test,30
Drink.Frombottle_p15_r00_v07_c04.mp4,p15,m,train,7
Walk_p17_r01_v10_c02.mp4,p17,m,train,30
Drink.Fromcup_p12_r06_v07_c05.mp4,p12,f,train,9
Walk_p03_r01_v18_c03.mp4,p03,m,train,30
Drink.Fromcup_p04_r01_v08_c02.mp4,p04,f,train,9
Walk_p12_r10_v07_c05.mp4,p12,f,train,30
Walk_p14_r12_v13_c02.mp4,p14,m,test,30
WatchTV_p04_r02_v05_c04.mp4,p04,f,train,31
Sitdown_p20_r00_v04_c05.mp4,p20,f,test,25
Takepills_p15_r01_v04_c05.mp4,p15,m,train,26
Walk_p10_r07_v13_c06.mp4,p10,f,test,30
Cook.Cleanup_p25_r02_v16_c06.mp4,p25,f,train,2
Makecoffee.Pourwater_p11_r02_v12_c03.mp4,p11,f,test,18
Walk_p17_r22_v09_c02.mp4,p17,m,train,30
Cook.Cleanup_p20_r02_v16_c03.mp4,p20,f,test,2
Walk_p12_r10_v06_c05.mp4,p12,f,train,30
Usetelephone_p14_r00_v08_c05.mp4,p14,m,test,29
Getup_p17_r05_v09_c01.mp4,p17,m,train,14
WatchTV_p17_r01_v04_c05.mp4,p17,m,train,31
Walk_p06_r01_v02_c04.mp4,p06,f,train,30
Walk_p04_r08_v05_c05.mp4,p04,f,train,30
Drink.Fromcup_p25_r08_v12_c06.mp4,p25,f,train,9
Drink.Fromcup_p15_r04_v09_c02.mp4,p15,m,train,9
Takepills_p10_r00_v10_c01.mp4,p10,f,test,26
Usetelephone_p18_r00_v08_c04.mp4,p18,m,test,29
Uselaptop_p02_r01_v12_c02.mp4,p02,f,test,27
Cook.Cut_p06_r00_v13_c03.mp4,p06,f,train,3
Getup_p02_r04_v09_c05.mp4,p02,f,test,14
Walk_p02_r04_v01_c07.mp4,p02,f,test,30
Walk_p17_r00_v03_c04.mp4,p17,m,train,30
Getup_p03_r06_v05_c05.mp4,p03,m,train,14
Sitdown_p16_r01_v10_c01.mp4,p16,f,test,25
Readbook_p10_r02_v01_c05.mp4,p10,f,test,24
Walk_p09_r00_v12_c07.mp4,p09,m,train,30
Walk_p19_r11_v10_c02.mp4,p19,f,train,30
Walk_p03_r34_v02_c05.mp4,p03,m,train,30
Cook.Cut_p20_r16_v15_c07.mp4,p20,f,test,3
Cook.Cleanup_p07_r06_v06_c03.mp4,p07,f,train,2
Readbook_p14_r03_v12_c02.mp4,p14,m,test,24
Walk_p02_r16_v14_c03.mp4,p02,f,test,30
Getup_p12_r08_v03_c05.mp4,p12,f,train,14
Cook.Stir_p25_r00_v15_c06.mp4,p25,f,train,4
Readbook_p02_r00_v06_c05.mp4,p02,f,test,24
Walk_p06_r04_v14_c02.mp4,p06,f,train,30
Walk_p18_r11_v15_c07.mp4,p18,m,test,30
Readbook_p18_r03_v07_c05.mp4,p18,m,test,24
Drink.Fromcup_p19_r07_v01_c04.mp4,p19,f,train,9
Sitdown_p17_r08_v03_c05.mp4,p17,m,train,25
Sitdown_p14_r03_v05_c05.mp4,p14,m,test,25
Readbook_p06_r01_v03_c04.mp4,p06,f,train,24
Eat.Attable_p14_r14_v09_c01.mp4,p14,m,test,11
WatchTV_p07_r14_v04_c05.mp4,p07,f,train,31
Drink.Frombottle_p06_r03_v06_c05.mp4,p06,f,train,7
Drink.Frombottle_p06_r04_v10_c02.mp4,p06,f,train,7
Drink.Fromcup_p17_r03_v14_c06.mp4,p17,m,train,9
Walk_p13_r05_v25_c05.mp4,p13,f,train,30
Cook.Stir_p13_r06_v23_c07.mp4,p13,f,train,4
Laydown_p17_r02_v05_c04.mp4,p17,m,train,15
Walk_p03_r29_v02_c05.mp4,p03,m,train,30
Drink.Fromcan_p25_r00_v15_c03.mp4,p25,f,train,8
WatchTV_p20_r11_v07_c05.mp4,p20,f,test,31
Readbook_p04_r01_v06_c05.mp4,p04,f,train,24
Getup_p03_r00_v19_c04.mp4,p03,m,train,14
Leave_p07_r03_v04_c07.mp4,p07,f,train,16
Cook.Cleanup_p20_r01_v16_c03.mp4,p20,f,test,2
WatchTV_p15_r09_v03_c05.mp4,p15,m,train,31
Drink.Fromcup_p14_r03_v01_c05.mp4,p14,m,test,9
Makecoffee.Pourwater_p20_r00_v13_c03.mp4,p20,f,test,18
Getup_p13_r03_v11_c01.mp4,p13,f,train,14
Cook.Cleanup_p25_r04_v12_c03.mp4,p25,f,train,2
Readbook_p03_r15_v02_c04.mp4,p03,m,train,24
Cook.Cleanup_p10_r00_v13_c03.mp4,p10,f,test,2
Drink.Fromcan_p04_r00_v03_c04.mp4,p04,f,train,8
Cook.Stir_p13_r00_v23_c03.mp4,p13,f,train,4
Pour.Frombottle_p10_r05_v10_c01.mp4,p10,f,test,21
Drink.Fromcup_p14_r06_v05_c04.mp4,p14,m,test,9
Getup_p12_r11_v05_c04.mp4,p12,f,train,14
Cook.Stir_p25_r05_v15_c06.mp4,p25,f,train,4
Sitdown_p06_r00_v04_c05.mp4,p06,f,train,25
Getup_p10_r08_v10_c01.mp4,p10,f,test,14
Eat.Attable_p16_r18_v06_c01.mp4,p16,f,test,11
Cook.Stir_p09_r00_v13_c03.mp4,p09,m,train,4
Cook.Cleandishes_p10_r05_v14_c03.mp4,p10,f,test,1
Takepills_p18_r00_v10_c01.mp4,p18,m,test,26
Drink.Fromcup_p02_r01_v17_c05.mp4,p02,f,test,9
Eat.Attable_p02_r20_v11_c02.mp4,p02,f,test,11
Cook.Cleandishes_p06_r03_v12_c03.mp4,p06,f,train,1
Sitdown_p12_r09_v02_c04.mp4,p12,f,train,25
Walk_p02_r25_v09_c05.mp4,p02,f,test,30
Drink.Fromcup_p20_r00_v11_c01.mp4,p20,f,test,9
Getup_p06_r05_v10_c02.mp4,p06,f,train,14
Usetelephone_p15_r01_v12_c02.mp4,p15,m,train,29
Readbook_p13_r01_v24_c05.mp4,p13,f,train,24
Cook.Cleandishes_p18_r03_v13_c03.mp4,p18,m,test,1
Walk_p19_r09_v02_c05.mp4,p19,f,train,30
Walk_p12_r27_v04_c05.mp4,p12,f,train,30
Readbook_p02_r08_v06_c05.mp4,p02,f,test,24
Cook.Cleandishes_p16_r08_v12_c07.mp4,p16,f,test,1
Sitdown_p14_r04_v07_c04.mp4,p14,m,test,25
Getup_p25_r00_v06_c04.mp4,p25,f,train,14
Drink.Fromcup_p07_r00_v20_c03.mp4,p07,f,train,9
Walk_p11_r08_v13_c07.mp4,p11,f,test,30
Walk_p20_r11_v13_c07.mp4,p20,f,test,30
Cook.Stir_p02_r06_v14_c06.mp4,p02,f,test,4
Walk_p25_r03_v15_c06.mp4,p25,f,train,30
Walk_p03_r01_v11_c02.mp4,p03,m,train,30
WatchTV_p20_r03_v02_c05.mp4,p20,f,test,31
WatchTV_p10_r03_v02_c04.mp4,p10,f,test,31
Usetelephone_p03_r00_v12_c01.mp4,p03,m,train,29
WatchTV_p12_r01_v07_c05.mp4,p12,f,train,31
Drink.Fromcup_p19_r06_v05_c05.mp4,p19,f,train,9
Walk_p06_r04_v05_c04.mp4,p06,f,train,30
Uselaptop_p03_r00_v08_c05.mp4,p03,m,train,27
Walk_p16_r04_v04_c05.mp4,p16,f,test,30
Cook.Cleandishes_p20_r04_v16_c03.mp4,p20,f,test,1
Drink.Fromcup_p04_r02_v16_c03.mp4,p04,f,train,9
Drink.Frombottle_p14_r01_v10_c02.mp4,p14,m,test,7
Drink.Fromcup_p20_r11_v02_c04.mp4,p20,f,test,9
Cook.Cleanup_p07_r02_v21_c06.mp4,p07,f,train,2
Walk_p14_r48_v05_c05.mp4,p14,m,test,30
Readbook_p16_r04_v09_c02.mp4,p16,f,test,24
Walk_p17_r08_v03_c05.mp4,p17,m,train,30
Readbook_p14_r03_v08_c04.mp4,p14,m,test,24
Uselaptop_p15_r00_v05_c04.mp4,p15,m,train,27
Readbook_p25_r06_v10_c01.mp4,p25,f,train,24
WatchTV_p18_r16_v08_c05.mp4,p18,m,test,31
Walk_p04_r27_v05_c05.mp4,p04,f,train,30
Drink.Fromcup_p12_r00_v07_c05.mp4,p12,f,train,9
Drink.Fromcup_p19_r10_v07_c01.mp4,p19,f,train,9
Cook.Cleandishes_p10_r08_v11_c03.mp4,p10,f,test,1
Walk_p12_r28_v04_c05.mp4,p12,f,train,30
Cook.Cleanup_p07_r12_v20_c03.mp4,p07,f,train,2
Getup_p14_r05_v02_c05.mp4,p14,m,test,14
Enter_p20_r00_v04_c05.mp4,p20,f,test,13
Walk_p04_r09_v05_c05.mp4,p04,f,train,30
Drink.Fromcup_p25_r03_v05_c05.mp4,p25,f,train,9
Cook.Usestove_p09_r07_v13_c06.mp4,p09,m,train,5
Cook.Cleanup_p09_r02_v13_c03.mp4,p09,m,train,2
Cook.Usestove_p09_r15_v13_c06.mp4,p09,m,train,5
Drink.Fromcup_p20_r03_v13_c03.mp4,p20,f,test,9
Readbook_p16_r10_v06_c02.mp4,p16,f,test,24
Uselaptop_p17_r02_v04_c05.mp4,p17,m,train,27
Eat.Attable_p04_r14_v08_c02.mp4,p04,f,train,11
Drink.Fromcup_p19_r10_v01_c05.mp4,p19,f,train,9
Eat.Attable_p07_r08_v08_c01.mp4,p07,f,train,11
Walk_p17_r32_v09_c02.mp4,p17,m,train,30
Sitdown_p17_r01_v10_c01.mp4,p17,m,train,25
Walk_p07_r01_v03_c05.mp4,p07,f,train,30
Walk_p25_r05_v15_c06.mp4,p25,f,train,30
Sitdown_p14_r04_v11_c02.mp4,p14,m,test,25
Uselaptop_p14_r07_v02_c04.mp4,p14,m,test,27
Drink.Fromcup_p07_r09_v20_c07.mp4,p07,f,train,9
Usetelephone_p20_r05_v03_c05.mp4,p20,f,test,29
Walk_p03_r40_v04_c05.mp4,p03,m,train,30
Leave_p18_r00_v14_c07.mp4,p18,m,test,16
Walk_p15_r05_v16_c03.mp4,p15,m,train,30
Walk_p13_r06_v23_c07.mp4,p13,f,train,30
Readbook_p16_r23_v06_c02.mp4,p16,f,test,24
Eat.Attable_p02_r05_v11_c02.mp4,p02,f,test,11
Sitdown_p03_r07_v02_c05.mp4,p03,m,train,25
Drink.Fromcup_p19_r02_v02_c05.mp4,p19,f,train,9
Readbook_p17_r00_v08_c01.mp4,p17,m,train,24
WatchTV_p12_r09_v05_c05.mp4,p12,f,train,31
Sitdown_p07_r01_v10_c01.mp4,p07,f,train,25
Drink.Fromcup_p06_r00_v10_c01.mp4,p06,f,train,9
Sitdown_p14_r01_v09_c02.mp4,p14,m,test,25
Walk_p10_r03_v06_c04.mp4,p10,f,test,30
Pour.Frombottle_p09_r00_v05_c04.mp4,p09,m,train,21
Takepills_p19_r00_v01_c05.mp4,p19,f,train,26
Drink.Fromcup_p19_r04_v14_c06.mp4,p19,f,train,9
Usetelephone_p19_r01_v05_c04.mp4,p19,f,train,29
Walk_p09_r00_v12_c03.mp4,p09,m,train,30
Cook.Cleanup_p07_r01_v06_c03.mp4,p07,f,train,2
Getup_p10_r07_v02_c04.mp4,p10,f,test,14
Cook.Stir_p20_r02_v16_c03.mp4,p20,f,test,4
Sitdown_p09_r04_v01_c04.mp4,p09,m,train,25
Walk_p12_r01_v03_c04.mp4,p12,f,train,30
Walk_p17_r14_v15_c06.mp4,p17,m,train,30
Takepills_p18_r00_v12_c02.mp4,p18,m,test,26
Walk_p15_r12_v03_c05.mp4,p15,m,train,30
Readbook_p02_r04_v02_c07.mp4,p02,f,test,24
Enter_p06_r01_v12_c03.mp4,p06,f,train,13
Drink.Fromcup_p13_r00_v05_c04.mp4,p13,f,train,9
Leave_p20_r00_v04_c04.mp4,p20,f,test,16
Drink.Fromcup_p17_r01_v14_c06.mp4,p17,m,train,9
Walk_p03_r23_v02_c04.mp4,p03,m,train,30
Walk_p03_r08_v18_c03.mp4,p03,m,train,30
Getup_p15_r00_v12_c02.mp4,p15,m,train,14
Getup_p14_r07_v02_c05.mp4,p14,m,test,14
Maketea.Insertteabag_p06_r01_v12_c03.mp4,p06,f,train,20
Getup_p07_r02_v05_c05.mp4,p07,f,train,14
Eat.Attable_p07_r29_v08_c02.mp4,p07,f,train,11
Cook.Stir_p13_r02_v23_c07.mp4,p13,f,train,4
Sitdown_p13_r03_v10_c01.mp4,p13,f,train,25
Uselaptop_p14_r06_v05_c04.mp4,p14,m,test,27
WatchTV_p25_r15_v01_c04.mp4,p25,f,train,31
Enter_p11_r00_v07_c04.mp4,p11,f,test,13
Readbook_p17_r00_v03_c05.mp4,p17,m,train,24
Drink.Fromcan_p11_r01_v10_c01.mp4,p11,f,test,8
Usetelephone_p10_r02_v07_c05.mp4,p10,f,test,29
Laydown_p09_r02_v02_c05.mp4,p09,m,train,15
Cook.Stir_p09_r03_v12_c06.mp4,p09,m,train,4
Sitdown_p16_r00_v01_c04.mp4,p16,f,test,25
Walk_p10_r05_v13_c03.mp4,p10,f,test,30
Usetelephone_p17_r03_v08_c02.mp4,p17,m,train,29
Walk_p13_r08_v06_c04.mp4,p13,f,train,30
Walk_p12_r06_v13_c06.mp4,p12,f,train,30
Drink.Fromcup_p14_r02_v05_c04.mp4,p14,m,test,9
Enter_p17_r01_v05_c04.mp4,p17,m,train,13
Eat.Attable_p18_r01_v12_c02.mp4,p18,m,test,11
Sitdown_p19_r01_v04_c04.mp4,p19,f,train,25
Uselaptop_p15_r02_v11_c01.mp4,p15,m,train,27
Cook.Cleanup_p16_r00_v13_c06.mp4,p16,f,test,2
Sitdown_p07_r03_v02_c05.mp4,p07,f,train,25
Walk_p04_r04_v05_c05.mp4,p04,f,train,30
Drink.Fromcup_p19_r02_v14_c03.mp4,p19,f,train,9
Enter_p09_r03_v08_c01.mp4,p09,m,train,13
Drink.Fromcup_p13_r07_v20_c03.mp4,p13,f,train,9
Drink.Fromcup_p06_r04_v02_c04.mp4,p06,f,train,9
Walk_p15_r05_v12_c02.mp4,p15,m,train,30
Eat.Attable_p07_r37_v08_c02.mp4,p07,f,train,11
Drink.Fromcup_p03_r10_v04_c05.mp4,p03,m,train,9
Walk_p19_r07_v14_c06.mp4,p19,f,train,30
Walk_p25_r19_v12_c06.mp4,p25,f,train,30
Readbook_p06_r01_v06_c05.mp4,p06,f,train,24
Pour.Frombottle_p14_r00_v08_c04.mp4,p14,m,test,21
Drink.Fromcup_p18_r02_v13_c03.mp4,p18,m,test,9
Drink.Fromcup_p06_r11_v03_c04.mp4,p06,f,train,9
Cook.Cleandishes_p15_r00_v17_c03.mp4,p15,m,train,1
Drink.Fromcan_p03_r04_v02_c05.mp4,p03,m,train,8
Cook.Cleandishes_p10_r01_v13_c06.mp4,p10,f,test,1
WatchTV_p02_r00_v04_c04.mp4,p02,f,test,31
Cook.Stir_p09_r08_v12_c07.mp4,p09,m,train,4
Walk_p15_r02_v04_c05.mp4,p15,m,train,30
Cook.Cleandishes_p04_r04_v14_c03.mp4,p04,f,train,1
Drink.Fromcup_p25_r03_v01_c05.mp4,p25,f,train,9
Drink.Fromcup_p09_r00_v15_c07.mp4,p09,m,train,9
Pour.Fromkettle_p10_r00_v13_c03.mp4,p10,f,test,23
Eat.Snack_p09_r04_v13_c03.mp4,p09,m,train,12
Getup_p14_r09_v10_c01.mp4,p14,m,test,14
Walk_p02_r11_v08_c05.mp4,p02,f,test,30
Drink.Fromcup_p04_r02_v06_c05.mp4,p04,f,train,9
Walk_p13_r04_v25_c05.mp4,p13,f,train,30
Makecoffee.Pourwater_p25_r00_v12_c06.mp4,p25,f,train,18
Getup_p04_r00_v06_c04.mp4,p04,f,train,14
Uselaptop_p17_r02_v08_c01.mp4,p17,m,train,27
Cook.Cut_p16_r00_v15_c03.mp4,p16,f,test,3
Cook.Cleanup_p17_r04_v15_c06.mp4,p17,m,train,2
Uselaptop_p15_r04_v04_c04.mp4,p15,m,train,27
Drink.Fromcup_p04_r03_v06_c05.mp4,p04,f,train,9
Drink.Fromcup_p20_r08_v02_c04.mp4,p20,f,test,9
Walk_p25_r12_v04_c04.mp4,p25,f,train,30
Walk_p11_r07_v06_c04.mp4,p11,f,test,30
Drink.Fromcup_p04_r06_v17_c06.mp4,p04,f,train,9
Walk_p10_r08_v13_c03.mp4,p10,f,test,30
Cook.Stir_p15_r10_v16_c06.mp4,p15,m,train,4
Drink.Fromcup_p13_r01_v24_c04.mp4,p13,f,train,9
Getup_p06_r00_v05_c04.mp4,p06,f,train,14
Readbook_p19_r00_v01_c05.mp4,p19,f,train,24
Drink.Frombottle_p14_r02_v10_c01.mp4,p14,m,test,7
Laydown_p09_r00_v07_c04.mp4,p09,m,train,15
Getup_p14_r15_v02_c05.mp4,p14,m,test,14
Cook.Usestove_p11_r00_v13_c07.mp4,p11,f,test,5
Drink.Fromcup_p04_r00_v08_c02.mp4,p04,f,train,9
Drink.Fromcup_p15_r05_v03_c05.mp4,p15,m,train,9
Leave_p06_r01_v12_c06.mp4,p06,f,train,16
Drink.Fromcup_p06_r03_v01_c04.mp4,p06,f,train,9
Walk_p19_r12_v03_c05.mp4,p19,f,train,30
WatchTV_p19_r10_v01_c05.mp4,p19,f,train,31
Getup_p09_r00_v01_c04.mp4,p09,m,train,14
Walk_p10_r02_v12_c03.mp4,p10,f,test,30
Takepills_p04_r01_v04_c04.mp4,p04,f,train,26
Sitdown_p17_r05_v09_c02.mp4,p17,m,train,25
Sitdown_p15_r02_v03_c05.mp4,p15,m,train,25
Sitdown_p20_r04_v07_c04.mp4,p20,f,test,25
Drink.Fromcup_p25_r01_v05_c04.mp4,p25,f,train,9
Leave_p11_r02_v12_c06.mp4,p11,f,test,16
Drink.Fromcup_p12_r01_v12_c06.mp4,p12,f,train,9
Uselaptop_p20_r03_v05_c05.mp4,p20,f,test,27
Getup_p06_r04_v03_c05.mp4,p06,f,train,14
Sitdown_p10_r06_v06_c05.mp4,p10,f,test,25
Getup_p11_r05_v06_c04.mp4,p11,f,test,14
Drink.Fromcup_p14_r08_v03_c05.mp4,p14,m,test,9
Usetelephone_p14_r01_v04_c04.mp4,p14,m,test,29
Readbook_p06_r01_v08_c02.mp4,p06,f,train,24
Cook.Cleandishes_p03_r00_v15_c06.mp4,p03,m,train,1
Walk_p12_r07_v05_c04.mp4,p12,f,train,30
Walk_p11_r08_v13_c03.mp4,p11,f,test,30
Walk_p11_r16_v05_c04.mp4,p11,f,test,30
Drink.Fromcup_p14_r00_v13_c01.mp4,p14,m,test,9
Drink.Fromcup_p19_r01_v08_c01.mp4,p19,f,train,9
Cook.Stir_p02_r04_v14_c06.mp4,p02,f,test,4
Walk_p25_r22_v14_c06.mp4,p25,f,train,30
Drink.Fromcup_p13_r02_v25_c04.mp4,p13,f,train,9
Walk_p11_r03_v03_c04.mp4,p11,f,test,30
Cook.Cut_p07_r00_v21_c07.mp4,p07,f,train,3
Leave_p10_r00_v03_c05.mp4,p10,f,test,16
Sitdown_p25_r01_v10_c02.mp4,p25,f,train,25
Drink.Frombottle_p18_r04_v05_c05.mp4,p18,m,test,7
Readbook_p12_r00_v03_c05.mp4,p12,f,train,24
WatchTV_p18_r08_v08_c05.mp4,p18,m,test,31
Walk_p06_r03_v13_c07.mp4,p06,f,train,30
Walk_p09_r05_v13_c03.mp4,p09,m,train,30
Leave_p07_r00_v22_c03.mp4,p07,f,train,16
Drink.Fromcup_p14_r01_v15_c07.mp4,p14,m,test,9
Walk_p25_r14_v14_c03.mp4,p25,f,train,30
Drink.Fromcup_p15_r13_v08_c02.mp4,p15,m,train,9
Drink.Fromcup_p25_r02_v12_c06.mp4,p25,f,train,9
Pour.Frombottle_p18_r00_v12_c01.mp4,p18,m,test,21
Takepills_p06_r01_v12_c03.mp4,p06,f,train,26
Walk_p25_r20_v12_c06.mp4,p25,f,train,30
Cook.Cleanup_p07_r01_v20_c03.mp4,p07,f,train,2
Laydown_p11_r00_v02_c04.mp4,p11,f,test,15
Eat.Attable_p13_r23_v19_c01.mp4,p13,f,train,11
Sitdown_p02_r04_v08_c05.mp4,p02,f,test,25
Drink.Frombottle_p12_r03_v02_c04.mp4,p12,f,train,7
Sitdown_p09_r01_v11_c01.mp4,p09,m,train,25
Eat.Attable_p16_r05_v06_c02.mp4,p16,f,test,11
Leave_p07_r00_v07_c04.mp4,p07,f,train,16
Sitdown_p14_r03_v01_c05.mp4,p14,m,test,25
Cook.Stir_p16_r04_v14_c06.mp4,p16,f,test,4
Drink.Fromcup_p18_r02_v09_c02.mp4,p18,m,test,9
Cook.Cleandishes_p16_r00_v12_c03.mp4,p16,f,test,1
Drink.Fromcup_p19_r05_v05_c04.mp4,p19,f,train,9
Getup_p15_r04_v02_c05.mp4,p15,m,train,14
WatchTV_p14_r01_v07_c05.mp4,p14,m,test,31
Walk_p14_r01_v12_c02.mp4,p14,m,test,30
Uselaptop_p13_r00_v05_c04.mp4,p13,f,train,27
Cook.Cut_p10_r00_v13_c03.mp4,p10,f,test,3
Walk_p25_r03_v11_c02.mp4,p25,f,train,30
Walk_p15_r25_v17_c06.mp4,p15,m,train,30
Walk_p25_r00_v06_c04.mp4,p25,f,train,30
Leave_p11_r00_v13_c06.mp4,p11,f,test,16
Getup_p07_r00_v03_c05.mp4,p07,f,train,14
Sitdown_p13_r00_v13_c02.mp4,p13,f,train,25
Enter_p04_r01_v15_c03.mp4,p04,f,train,13
Walk_p03_r00_v19_c05.mp4,p03,m,train,30
Walk_p11_r00_v03_c04.mp4,p11,f,test,30
Sitdown_p03_r02_v02_c05.mp4,p03,m,train,25
Walk_p14_r00_v09_c02.mp4,p14,m,test,30
Drink.Fromglass_p03_r10_v18_c03.mp4,p03,m,train,10
Walk_p15_r02_v07_c05.mp4,p15,m,train,30
Walk_p04_r02_v16_c06.mp4,p04,f,train,30
WatchTV_p20_r01_v06_c04.mp4,p20,f,test,31
Eat.Attable_p17_r04_v10_c01.mp4,p17,m,train,11
Readbook_p15_r05_v01_c05.mp4,p15,m,train,24
Leave_p10_r00_v12_c06.mp4,p10,f,test,16
Readbook_p20_r00_v01_c04.mp4,p20,f,test,24
Walk_p12_r26_v06_c04.mp4,p12,f,train,30
Usetelephone_p17_r03_v08_c01.mp4,p17,m,train,29
Sitdown_p10_r11_v07_c05.mp4,p10,f,test,25
WatchTV_p06_r01_v03_c05.mp4,p06,f,train,31
Walk_p19_r23_v05_c05.mp4,p19,f,train,30
Readbook_p03_r06_v01_c05.mp4,p03,m,train,24
Drink.Fromcup_p10_r00_v02_c05.mp4,p10,f,test,9
WatchTV_p04_r04_v05_c04.mp4,p04,f,train,31
Pour.Frombottle_p25_r00_v03_c04.mp4,p25,f,train,21
Walk_p15_r04_v17_c07.mp4,p15,m,train,30
Drink.Fromcup_p09_r00_v11_c01.mp4,p09,m,train,9
Drink.Fromcup_p16_r05_v06_c02.mp4,p16,f,test,9
Sitdown_p10_r05_v06_c05.mp4,p10,f,test,25
Drink.Fromcup_p16_r09_v12_c06.mp4,p16,f,test,9
Walk_p16_r11_v14_c07.mp4,p16,f,test,30
Makecoffee.Pourwater_p12_r02_v11_c06.mp4,p12,f,train,18
Drink.Fromcup_p19_r03_v14_c06.mp4,p19,f,train,9
Walk_p19_r10_v02_c05.mp4,p19,f,train,30
Usetelephone_p02_r02_v15_c06.mp4,p02,f,test,29
Laydown_p07_r00_v03_c05.mp4,p07,f,train,15
WatchTV_p02_r05_v05_c05.mp4,p02,f,test,31
Leave_p13_r04_v04_c04.mp4,p13,f,train,16
Walk_p15_r27_v16_c06.mp4,p15,m,train,30
Readbook_p12_r06_v02_c05.mp4,p12,f,train,24
WatchTV_p07_r09_v05_c05.mp4,p07,f,train,31
Cook.Cleandishes_p17_r06_v15_c03.mp4,p17,m,train,1
WatchTV_p12_r02_v14_c05.mp4,p12,f,train,31
Readbook_p14_r01_v01_c05.mp4,p14,m,test,24
Readbook_p14_r00_v10_c02.mp4,p14,m,test,24
Sitdown_p15_r03_v02_c05.mp4,p15,m,train,25
Sitdown_p06_r03_v15_c01.mp4,p06,f,train,25
Drink.Fromcup_p16_r02_v12_c06.mp4,p16,f,test,9
Cook.Cut_p02_r03_v14_c06.mp4,p02,f,test,3
Walk_p15_r02_v10_c02.mp4,p15,m,train,30
Walk_p14_r03_v11_c02.mp4,p14,m,test,30
Walk_p25_r10_v14_c06.mp4,p25,f,train,30
Getup_p12_r16_v04_c05.mp4,p12,f,train,14
WatchTV_p13_r01_v25_c05.mp4,p13,f,train,31
WatchTV_p12_r04_v04_c05.mp4,p12,f,train,31
Getup_p03_r11_v19_c05.mp4,p03,m,train,14
Walk_p04_r14_v05_c05.mp4,p04,f,train,30
WatchTV_p14_r00_v03_c05.mp4,p14,m,test,31
Walk_p17_r31_v04_c05.mp4,p17,m,train,30
Uselaptop_p14_r00_v04_c05.mp4,p14,m,test,27
Drink.Fromcup_p13_r02_v10_c01.mp4,p13,f,train,9
Sitdown_p10_r10_v07_c04.mp4,p10,f,test,25
Eat.Snack_p19_r00_v14_c03.mp4,p19,f,train,12
Getup_p14_r04_v05_c05.mp4,p14,m,test,14
WatchTV_p07_r08_v04_c05.mp4,p07,f,train,31
Pour.Fromkettle_p09_r00_v16_c06.mp4,p09,m,train,23
Walk_p25_r02_v10_c02.mp4,p25,f,train,30
Cook.Cut_p15_r01_v16_c07.mp4,p15,m,train,3
Walk_p03_r01_v19_c05.mp4,p03,m,train,30
Cook.Cleandishes_p03_r07_v18_c06.mp4,p03,m,train,1
Takepills_p03_r00_v19_c05.mp4,p03,m,train,26
Drink.Frombottle_p09_r00_v07_c04.mp4,p09,m,train,7
Readbook_p15_r00_v08_c01.mp4,p15,m,train,24
Drink.Fromcup_p18_r06_v12_c01.mp4,p18,m,test,9
Drink.Fromcup_p10_r07_v02_c05.mp4,p10,f,test,9
WatchTV_p07_r05_v06_c05.mp4,p07,f,train,31
Walk_p15_r26_v16_c06.mp4,p15,m,train,30
Drink.Fromcup_p19_r04_v04_c05.mp4,p19,f,train,9
Sitdown_p14_r02_v07_c05.mp4,p14,m,test,25
Eat.Snack_p12_r04_v05_c04.mp4,p12,f,train,12
Sitdown_p17_r02_v09_c01.mp4,p17,m,train,25
Walk_p15_r02_v06_c05.mp4,p15,m,train,30
WatchTV_p12_r03_v14_c05.mp4,p12,f,train,31
Walk_p18_r05_v11_c02.mp4,p18,m,test,30
Walk_p04_r01_v16_c07.mp4,p04,f,train,30
Drink.Fromcup_p25_r02_v09_c02.mp4,p25,f,train,9
Walk_p15_r30_v13_c06.mp4,p15,m,train,30
Walk_p04_r00_v13_c02.mp4,p04,f,train,30
Sitdown_p03_r02_v07_c04.mp4,p03,m,train,25
Sitdown_p19_r01_v07_c01.mp4,p19,f,train,25
Enter_p07_r00_v06_c06.mp4,p07,f,train,13
Walk_p16_r02_v10_c02.mp4,p16,f,test,30
Drink.Fromcan_p25_r00_v10_c01.mp4,p25,f,train,8
WatchTV_p10_r05_v05_c05.mp4,p10,f,test,31
Walk_p10_r00_v12_c03.mp4,p10,f,test,30
Drink.Fromcup_p04_r07_v09_c02.mp4,p04,f,train,9
Walk_p18_r04_v09_c02.mp4,p18,m,test,30
Enter_p06_r03_v13_c06.mp4,p06,f,train,13
Sitdown_p12_r03_v04_c05.mp4,p12,f,train,25
WatchTV_p04_r03_v07_c05.mp4,p04,f,train,31
Drink.Fromcup_p14_r00_v06_c04.mp4,p14,m,test,9
Usetelephone_p17_r02_v08_c02.mp4,p17,m,train,29
Walk_p10_r05_v12_c03.mp4,p10,f,test,30
Sitdown_p20_r01_v08_c01.mp4,p20,f,test,25
Readbook_p10_r03_v01_c05.mp4,p10,f,test,24
Sitdown_p10_r04_v02_c04.mp4,p10,f,test,25
Sitdown_p14_r01_v01_c05.mp4,p14,m,test,25
Walk_p07_r00_v12_c01.mp4,p07,f,train,30
WatchTV_p12_r08_v04_c05.mp4,p12,f,train,31
Walk_p03_r07_v18_c07.mp4,p03,m,train,30
Walk_p03_r08_v16_c03.mp4,p03,m,train,30
Walk_p09_r02_v02_c04.mp4,p09,m,train,30
Walk_p17_r03_v14_c06.mp4,p17,m,train,30
Walk_p25_r06_v15_c06.mp4,p25,f,train,30
Walk_p17_r02_v04_c04.mp4,p17,m,train,30
Walk_p16_r04_v05_c05.mp4,p16,f,test,30
Sitdown_p13_r08_v10_c01.mp4,p13,f,train,25
Walk_p13_r08_v12_c02.mp4,p13,f,train,30
Walk_p14_r30_v06_c05.mp4,p14,m,test,30
Drink.Fromcup_p03_r09_v16_c06.mp4,p03,m,train,9
Makecoffee.Pourgrains_p10_r00_v13_c03.mp4,p10,f,test,17
Walk_p03_r04_v15_c07.mp4,p03,m,train,30
Readbook_p02_r00_v08_c05.mp4,p02,f,test,24
Getup_p14_r02_v03_c04.mp4,p14,m,test,14
Getup_p10_r00_v07_c04.mp4,p10,f,test,14
Drink.Fromcup_p15_r02_v12_c01.mp4,p15,m,train,9
Cook.Stir_p16_r00_v15_c03.mp4,p16,f,test,4
Drink.Frombottle_p04_r02_v07_c05.mp4,p04,f,train,7
Getup_p06_r00_v02_c04.mp4,p06,f,train,14
Uselaptop_p03_r00_v05_c05.mp4,p03,m,train,27
Walk_p09_r06_v15_c06.mp4,p09,m,train,30
Drink.Fromcan_p25_r06_v15_c03.mp4,p25,f,train,8
Drink.Fromcup_p16_r01_v01_c04.mp4,p16,f,test,9
Maketea.Insertteabag_p13_r01_v21_c03.mp4,p13,f,train,20
Takepills_p10_r01_v07_c04.mp4,p10,f,test,26
Walk_p18_r04_v05_c05.mp4,p18,m,test,30
Sitdown_p10_r03_v03_c05.mp4,p10,f,test,25
Walk_p20_r15_v06_c05.mp4,p20,f,test,30
Sitdown_p14_r15_v07_c04.mp4,p14,m,test,25
Drink.Frombottle_p18_r01_v05_c04.mp4,p18,m,test,7
Drink.Fromcup_p03_r03_v10_c01.mp4,p03,m,train,9
Readbook_p17_r01_v09_c02.mp4,p17,m,train,24
Usetelephone_p11_r02_v06_c04.mp4,p11,f,test,29
Walk_p03_r00_v06_c05.mp4,p03,m,train,30
Drink.Fromcup_p12_r04_v06_c05.mp4,p12,f,train,9
Drink.Fromcan_p25_r03_v15_c03.mp4,p25,f,train,8
Drink.Fromcup_p25_r00_v10_c02.mp4,p25,f,train,9
Eat.Attable_p16_r08_v06_c01.mp4,p16,f,test,11
Readbook_p19_r00_v05_c05.mp4,p19,f,train,24
Drink.Fromcup_p06_r06_v12_c03.mp4,p06,f,train,9
Leave_p03_r02_v11_c01.mp4,p03,m,train,16
Readbook_p09_r00_v01_c05.mp4,p09,m,train,24
Eat.Snack_p16_r00_v04_c05.mp4,p16,f,test,12
Walk_p03_r12_v02_c05.mp4,p03,m,train,30
Cook.Cut_p25_r04_v16_c07.mp4,p25,f,train,3
Drink.Fromcup_p07_r05_v08_c02.mp4,p07,f,train,9
Usetelephone_p13_r05_v04_c04.mp4,p13,f,train,29
Cook.Cleandishes_p16_r03_v12_c07.mp4,p16,f,test,1
Cook.Stir_p09_r19_v12_c06.mp4,p09,m,train,4
Leave_p02_r00_v15_c06.mp4,p02,f,test,16
Drink.Fromcup_p12_r00_v07_c04.mp4,p12,f,train,9
Drink.Fromcup_p20_r00_v02_c04.mp4,p20,f,test,9
Drink.Fromcup_p06_r10_v03_c04.mp4,p06,f,train,9
Sitdown_p14_r06_v11_c02.mp4,p14,m,test,25
Walk_p03_r41_v04_c05.mp4,p03,m,train,30
Getup_p18_r01_v08_c05.mp4,p18,m,test,14
Cook.Usestove_p06_r00_v12_c03.mp4,p06,f,train,5
Cook.Stir_p09_r13_v13_c06.mp4,p09,m,train,4
WatchTV_p09_r07_v05_c04.mp4,p09,m,train,31
Readbook_p14_r00_v05_c05.mp4,p14,m,test,24
Sitdown_p10_r06_v10_c01.mp4,p10,f,test,25
Drink.Fromcup_p15_r01_v05_c04.mp4,p15,m,train,9
Readbook_p13_r01_v12_c01.mp4,p13,f,train,24
Sitdown_p09_r04_v01_c05.mp4,p09,m,train,25
Sitdown_p03_r02_v12_c02.mp4,p03,m,train,25
Usetelephone_p15_r01_v10_c01.mp4,p15,m,train,29
Getup_p17_r03_v09_c02.mp4,p17,m,train,14
Leave_p09_r01_v05_c05.mp4,p09,m,train,16
Usetelephone_p14_r00_v06_c05.mp4,p14,m,test,29
Walk_p19_r08_v14_c06.mp4,p19,f,train,30
Drink.Fromcup_p14_r00_v11_c01.mp4,p14,m,test,9
Enter_p16_r00_v01_c04.mp4,p16,f,test,13
Walk_p04_r11_v17_c03.mp4,p04,f,train,30
Drink.Fromcup_p04_r11_v05_c05.mp4,p04,f,train,9
Sitdown_p04_r01_v10_c02.mp4,p04,f,train,25
Walk_p03_r09_v15_c07.mp4,p03,m,train,30
Drink.Fromcup_p14_r15_v03_c05.mp4,p14,m,test,9
Walk_p15_r06_v05_c04.mp4,p15,m,train,30
Walk_p02_r05_v07_c04.mp4,p02,f,test,30
Leave_p03_r02_v11_c02.mp4,p03,m,train,16
Drink.Fromcup_p12_r00_v05_c04.mp4,p12,f,train,9
Walk_p06_r06_v14_c02.mp4,p06,f,train,30
Drink.Fromcup_p03_r00_v05_c05.mp4,p03,m,train,9
Drink.Fromcup_p19_r03_v09_c02.mp4,p19,f,train,9
Readbook_p13_r02_v13_c01.mp4,p13,f,train,24
Drink.Fromcup_p07_r04_v04_c05.mp4,p07,f,train,9
Walk_p07_r06_v07_c04.mp4,p07,f,train,30
Walk_p11_r03_v13_c07.mp4,p11,f,test,30
Drink.Fromcup_p06_r09_v03_c05.mp4,p06,f,train,9
Drink.Fromcup_p19_r09_v07_c01.mp4,p19,f,train,9
Walk_p14_r07_v08_c04.mp4,p14,m,test,30
Laydown_p02_r02_v07_c04.mp4,p02,f,test,15
Uselaptop_p14_r04_v02_c05.mp4,p14,m,test,27
Cook.Stir_p02_r00_v14_c06.mp4,p02,f,test,4
Enter_p04_r02_v05_c04.mp4,p04,f,train,13
Maketea.Boilwater_p17_r01_v13_c06.mp4,p17,m,train,19
Drink.Fromcup_p02_r04_v11_c02.mp4,p02,f,test,9
Cook.Stir_p13_r03_v23_c06.mp4,p13,f,train,4
Cook.Cleandishes_p09_r00_v12_c03.mp4,p09,m,train,1
Getup_p14_r08_v02_c05.mp4,p14,m,test,14
Eat.Attable_p04_r02_v08_c01.mp4,p04,f,train,11
Sitdown_p25_r09_v10_c01.mp4,p25,f,train,25
Walk_p14_r03_v06_c05.mp4,p14,m,test,30
Walk_p03_r06_v16_c03.mp4,p03,m,train,30
Uselaptop_p10_r02_v05_c05.mp4,p10,f,test,27
Drink.Fromcup_p15_r07_v09_c01.mp4,p15,m,train,9
Walk_p04_r12_v16_c06.mp4,p04,f,train,30
Walk_p07_r02_v06_c03.mp4,p07,f,train,30
Pour.Frombottle_p19_r00_v10_c01.mp4,p19,f,train,21
Getup_p15_r03_v10_c02.mp4,p15,m,train,14
Readbook_p12_r04_v05_c05.mp4,p12,f,train,24
Maketea.Insertteabag_p04_r00_v16_c03.mp4,p04,f,train,20
Drink.Frombottle_p03_r00_v03_c05.mp4,p03,m,train,7
Cook.Cleanup_p17_r00_v11_c03.mp4,p17,m,train,2
Enter_p09_r01_v15_c06.mp4,p09,m,train,13
Walk_p20_r07_v06_c05.mp4,p20,f,test,30
WatchTV_p19_r02_v03_c05.mp4,p19,f,train,31
Drink.Frombottle_p12_r00_v05_c05.mp4,p12,f,train,7
Getup_p25_r08_v10_c01.mp4,p25,f,train,14
Readbook_p13_r00_v11_c01.mp4,p13,f,train,24
Takepills_p10_r00_v13_c03.mp4,p10,f,test,26
Enter_p07_r01_v02_c05.mp4,p07,f,train,13
Eat.Attable_p16_r29_v06_c02.mp4,p16,f,test,11
Cook.Cleanup_p16_r01_v15_c03.mp4,p16,f,test,2
Leave_p10_r01_v01_c05.mp4,p10,f,test,16
Laydown_p19_r00_v05_c04.mp4,p19,f,train,15
Drink.Fromcup_p19_r09_v08_c01.mp4,p19,f,train,9
Pour.Fromkettle_p04_r00_v16_c06.mp4,p04,f,train,23
Drink.Fromcan_p25_r01_v10_c01.mp4,p25,f,train,8
Cook.Cut_p10_r01_v13_c03.mp4,p10,f,test,3
Walk_p12_r27_v06_c05.mp4,p12,f,train,30
Laydown_p17_r04_v05_c04.mp4,p17,m,train,15
Enter_p03_r00_v19_c05.mp4,p03,m,train,13
Getup_p14_r23_v05_c05.mp4,p14,m,test,14
Readbook_p06_r03_v14_c02.mp4,p06,f,train,24
Walk_p25_r04_v05_c05.mp4,p25,f,train,30
Leave_p06_r01_v14_c01.mp4,p06,f,train,16
Usetelephone_p14_r00_v12_c02.mp4,p14,m,test,29
Sitdown_p25_r05_v06_c04.mp4,p25,f,train,25
Cook.Cleandishes_p06_r03_v12_c06.mp4,p06,f,train,1
Walk_p18_r03_v10_c02.mp4,p18,m,test,30
Walk_p06_r04_v12_c06.mp4,p06,f,train,30
Pour.Frombottle_p18_r00_v12_c02.mp4,p18,m,test,21
Walk_p17_r31_v03_c05.mp4,p17,m,train,30
Walk_p10_r15_v13_c03.mp4,p10,f,test,30
Laydown_p17_r00_v05_c04.mp4,p17,m,train,15
WatchTV_p16_r03_v02_c05.mp4,p16,f,test,31
Cook.Cleanup_p15_r10_v13_c06.mp4,p15,m,train,2
Readbook_p18_r00_v07_c04.mp4,p18,m,test,24
Drink.Fromcup_p19_r13_v10_c02.mp4,p19,f,train,9
Drink.Fromcup_p17_r00_v02_c05.mp4,p17,m,train,9
Getup_p17_r05_v08_c02.mp4,p17,m,train,14
Leave_p15_r00_v05_c04.mp4,p15,m,train,16
Drink.Frombottle_p04_r13_v04_c04.mp4,p04,f,train,7
Walk_p02_r30_v09_c05.mp4,p02,f,test,30
Usetelephone_p03_r01_v05_c05.mp4,p03,m,train,29
Uselaptop_p14_r01_v06_c04.mp4,p14,m,test,27
Sitdown_p03_r08_v02_c05.mp4,p03,m,train,25
Readbook_p12_r08_v06_c04.mp4,p12,f,train,24
Walk_p20_r08_v13_c03.mp4,p20,f,test,30
Drink.Fromcup_p10_r00_v03_c05.mp4,p10,f,test,9
Walk_p16_r01_v02_c05.mp4,p16,f,test,30
Walk_p03_r09_v04_c05.mp4,p03,m,train,30
Drink.Fromcup_p15_r04_v01_c05.mp4,p15,m,train,9
WatchTV_p04_r12_v05_c05.mp4,p04,f,train,31
Walk_p11_r11_v13_c03.mp4,p11,f,test,30
Walk_p14_r08_v11_c02.mp4,p14,m,test,30
Walk_p17_r30_v12_c06.mp4,p17,m,train,30
Getup_p12_r00_v05_c04.mp4,p12,f,train,14
Usetelephone_p13_r00_v06_c04.mp4,p13,f,train,29
Walk_p25_r05_v08_c03.mp4,p25,f,train,30
Readbook_p06_r00_v06_c04.mp4,p06,f,train,24
Sitdown_p06_r00_v11_c01.mp4,p06,f,train,25
Readbook_p17_r06_v04_c05.mp4,p17,m,train,24
WatchTV_p04_r00_v07_c05.mp4,p04,f,train,31
Walk_p25_r19_v14_c03.mp4,p25,f,train,30
Walk_p14_r01_v14_c07.mp4,p14,m,test,30
Walk_p12_r12_v05_c05.mp4,p12,f,train,30
Sitdown_p04_r00_v12_c02.mp4,p04,f,train,25
Enter_p17_r02_v05_c04.mp4,p17,m,train,13
Getup_p25_r05_v05_c04.mp4,p25,f,train,14
Enter_p18_r00_v15_c07.mp4,p18,m,test,13
Walk_p25_r00_v15_c03.mp4,p25,f,train,30
Drink.Frombottle_p10_r01_v13_c06.mp4,p10,f,test,7
Drink.Frombottle_p20_r00_v16_c03.mp4,p20,f,test,7
Drink.Fromcup_p16_r12_v12_c03.mp4,p16,f,test,9
Walk_p06_r01_v12_c07.mp4,p06,f,train,30
Makecoffee.Pourwater_p12_r00_v11_c06.mp4,p12,f,train,18
Walk_p15_r18_v13_c06.mp4,p15,m,train,30
Drink.Fromcup_p13_r11_v11_c02.mp4,p13,f,train,9
Pour.Frombottle_p10_r01_v07_c04.mp4,p10,f,test,21
Walk_p12_r14_v06_c04.mp4,p12,f,train,30
Sitdown_p25_r00_v09_c01.mp4,p25,f,train,25
Getup_p14_r12_v02_c05.mp4,p14,m,test,14
Cook.Usestove_p07_r12_v21_c06.mp4,p07,f,train,5
Eat.Attable_p13_r19_v19_c01.mp4,p13,f,train,11
Walk_p12_r23_v06_c05.mp4,p12,f,train,30
Walk_p18_r09_v13_c07.mp4,p18,m,test,30
Takepills_p15_r02_v10_c02.mp4,p15,m,train,26
Uselaptop_p10_r06_v10_c01.mp4,p10,f,test,27
Walk_p20_r12_v13_c07.mp4,p20,f,test,30
Enter_p10_r03_v06_c05.mp4,p10,f,test,13
Walk_p06_r03_v12_c06.mp4,p06,f,train,30
Pour.Frombottle_p14_r03_v03_c05.mp4,p14,m,test,21
Getup_p06_r00_v06_c05.mp4,p06,f,train,14
Readbook_p15_r00_v04_c04.mp4,p15,m,train,24
Getup_p17_r12_v09_c02.mp4,p17,m,train,14
Sitdown_p13_r04_v07_c04.mp4,p13,f,train,25
Readbook_p03_r00_v04_c05.mp4,p03,m,train,24
Readbook_p14_r01_v06_c04.mp4,p14,m,test,24
Drink.Fromcup_p13_r09_v10_c02.mp4,p13,f,train,9
WatchTV_p17_r00_v05_c05.mp4,p17,m,train,31
Usetelephone_p25_r03_v05_c05.mp4,p25,f,train,29
Walk_p15_r11_v03_c04.mp4,p15,m,train,30
Makecoffee.Pourwater_p18_r00_v13_c03.mp4,p18,m,test,18
Drink.Fromcup_p04_r03_v08_c02.mp4,p04,f,train,9
Eat.Snack_p12_r01_v06_c04.mp4,p12,f,train,12
Drink.Fromcup_p06_r01_v03_c05.mp4,p06,f,train,9
Pour.Frombottle_p10_r03_v10_c01.mp4,p10,f,test,21
Walk_p17_r13_v12_c03.mp4,p17,m,train,30
Cook.Stir_p15_r07_v16_c03.mp4,p15,m,train,4
Drink.Fromcup_p20_r03_v13_c07.mp4,p20,f,test,9
Usetelephone_p17_r05_v02_c05.mp4,p17,m,train,29
Laydown_p25_r01_v05_c04.mp4,p25,f,train,15
Getup_p15_r06_v10_c02.mp4,p15,m,train,14
Walk_p15_r08_v14_c06.mp4,p15,m,train,30
Sitdown_p13_r04_v13_c01.mp4,p13,f,train,25
Drink.Fromcup_p20_r00_v09_c01.mp4,p20,f,test,9
Readbook_p02_r00_v12_c02.mp4,p02,f,test,24
Uselaptop_p11_r01_v03_c04.mp4,p11,f,test,27
Makecoffee.Pourwater_p25_r01_v12_c03.mp4,p25,f,train,18
Drink.Fromcup_p15_r06_v14_c03.mp4,p15,m,train,9
Drink.Fromcup_p04_r00_v15_c03.mp4,p04,f,train,9
Walk_p25_r18_v15_c06.mp4,p25,f,train,30
Drink.Fromcup_p13_r00_v13_c02.mp4,p13,f,train,9
Drink.Fromcup_p19_r01_v01_c05.mp4,p19,f,train,9
Walk_p13_r08_v20_c06.mp4,p13,f,train,30
Usetelephone_p25_r01_v05_c05.mp4,p25,f,train,29
Readbook_p03_r04_v02_c04.mp4,p03,m,train,24
Uselaptop_p04_r01_v03_c04.mp4,p04,f,train,27
Readbook_p02_r06_v06_c05.mp4,p02,f,test,24
Sitdown_p10_r08_v09_c01.mp4,p10,f,test,25
Usetelephone_p14_r00_v11_c01.mp4,p14,m,test,29
Getup_p06_r00_v08_c02.mp4,p06,f,train,14
Walk_p09_r03_v15_c07.mp4,p09,m,train,30
Walk_p20_r17_v06_c05.mp4,p20,f,test,30
Walk_p14_r08_v08_c04.mp4,p14,m,test,30
Walk_p02_r06_v02_c03.mp4,p02,f,test,30
Uselaptop_p14_r02_v07_c04.mp4,p14,m,test,27
Drink.Fromcup_p19_r07_v05_c04.mp4,p19,f,train,9
Walk_p25_r13_v09_c02.mp4,p25,f,train,30
Pour.Fromcan_p14_r00_v13_c01.mp4,p14,m,test,22
Takepills_p17_r03_v03_c05.mp4,p17,m,train,26
Cook.Stir_p17_r05_v14_c03.mp4,p17,m,train,4
Walk_p06_r01_v13_c07.mp4,p06,f,train,30
Drink.Fromcup_p13_r01_v20_c03.mp4,p13,f,train,9
Walk_p02_r00_v07_c05.mp4,p02,f,test,30
Readbook_p06_r00_v01_c04.mp4,p06,f,train,24
Walk_p15_r09_v15_c07.mp4,p15,m,train,30
Walk_p17_r14_v10_c02.mp4,p17,m,train,30
Sitdown_p25_r04_v06_c04.mp4,p25,f,train,25
Drink.Fromcup_p14_r08_v09_c02.mp4,p14,m,test,9
Uselaptop_p17_r00_v03_c05.mp4,p17,m,train,27
Sitdown_p10_r10_v10_c01.mp4,p10,f,test,25
Leave_p07_r00_v20_c06.mp4,p07,f,train,16
Drink.Fromcup_p12_r01_v14_c05.mp4,p12,f,train,9
Walk_p13_r23_v04_c04.mp4,p13,f,train,30
Takepills_p15_r03_v10_c02.mp4,p15,m,train,26
Leave_p14_r02_v02_c04.mp4,p14,m,test,16
Drink.Fromcup_p10_r06_v02_c04.mp4,p10,f,test,9
Cook.Stir_p17_r01_v15_c03.mp4,p17,m,train,4
Sitdown_p17_r00_v09_c02.mp4,p17,m,train,25
Readbook_p17_r04_v08_c02.mp4,p17,m,train,24
Getup_p03_r00_v13_c02.mp4,p03,m,train,14
Drink.Fromcan_p14_r03_v10_c02.mp4,p14,m,test,8
Walk_p02_r44_v15_c06.mp4,p02,f,test,30
Eat.Attable_p14_r12_v09_c02.mp4,p14,m,test,11
Walk_p03_r05_v06_c05.mp4,p03,m,train,30
Takepills_p15_r00_v17_c06.mp4,p15,m,train,26
Walk_p02_r03_v07_c05.mp4,p02,f,test,30
Walk_p16_r01_v07_c02.mp4,p16,f,test,30
Getup_p06_r01_v10_c02.mp4,p06,f,train,14
Walk_p19_r04_v01_c05.mp4,p19,f,train,30
Pour.Frombottle_p14_r01_v05_c04.mp4,p14,m,test,21
Drink.Fromcup_p10_r00_v07_c05.mp4,p10,f,test,9
Eat.Attable_p25_r04_v09_c01.mp4,p25,f,train,11
Cook.Stir_p15_r02_v16_c07.mp4,p15,m,train,4
Leave_p06_r02_v13_c03.mp4,p06,f,train,16
Sitdown_p16_r01_v09_c02.mp4,p16,f,test,25
WatchTV_p13_r06_v25_c05.mp4,p13,f,train,31
Readbook_p02_r09_v12_c02.mp4,p02,f,test,24
Drink.Frombottle_p14_r04_v10_c01.mp4,p14,m,test,7
Drink.Fromglass_p25_r02_v11_c02.mp4,p25,f,train,10
Walk_p19_r08_v12_c06.mp4,p19,f,train,30
Getup_p17_r04_v05_c05.mp4,p17,m,train,14
Drink.Fromcup_p16_r00_v12_c03.mp4,p16,f,test,9
Walk_p14_r11_v08_c04.mp4,p14,m,test,30
Cook.Usestove_p09_r08_v13_c03.mp4,p09,m,train,5
Walk_p04_r11_v17_c06.mp4,p04,f,train,30
Walk_p15_r09_v04_c04.mp4,p15,m,train,30
WatchTV_p03_r02_v03_c05.mp4,p03,m,train,31
Walk_p17_r32_v04_c05.mp4,p17,m,train,30
Leave_p06_r01_v26_c01.mp4,p06,f,train,16
WatchTV_p04_r04_v06_c05.mp4,p04,f,train,31
Walk_p12_r03_v06_c05.mp4,p12,f,train,30
Sitdown_p10_r07_v10_c01.mp4,p10,f,test,25
Eat.Attable_p20_r17_v08_c01.mp4,p20,f,test,11
Drink.Fromcan_p25_r01_v15_c03.mp4,p25,f,train,8
Drink.Fromcup_p10_r03_v09_c01.mp4,p10,f,test,9
Sitdown_p07_r00_v01_c05.mp4,p07,f,train,25
WatchTV_p04_r02_v03_c04.mp4,p04,f,train,31
Drink.Fromcup_p25_r11_v01_c04.mp4,p25,f,train,9
Walk_p11_r00_v05_c04.mp4,p11,f,test,30
Eat.Attable_p09_r12_v08_c01.mp4,p09,m,train,11
Eat.Attable_p04_r12_v08_c02.mp4,p04,f,train,11
Leave_p10_r03_v13_c03.mp4,p10,f,test,16
Getup_p09_r00_v10_c01.mp4,p09,m,train,14
Eat.Attable_p13_r11_v08_c02.mp4,p13,f,train,11
Sitdown_p06_r01_v07_c02.mp4,p06,f,train,25
Walk_p15_r13_v16_c07.mp4,p15,m,train,30
Drink.Fromcup_p10_r02_v05_c04.mp4,p10,f,test,9
Eat.Attable_p07_r39_v08_c02.mp4,p07,f,train,11
Usetelephone_p03_r02_v11_c02.mp4,p03,m,train,29
Drink.Fromcup_p17_r01_v10_c02.mp4,p17,m,train,9
Readbook_p06_r04_v07_c02.mp4,p06,f,train,24
Walk_p15_r03_v13_c03.mp4,p15,m,train,30
Pour.Frombottle_p06_r02_v09_c02.mp4,p06,f,train,21
Takepills_p17_r00_v14_c03.mp4,p17,m,train,26
Sitdown_p17_r00_v07_c02.mp4,p17,m,train,25
Walk_p03_r05_v02_c05.mp4,p03,m,train,30
Cook.Stir_p09_r02_v13_c06.mp4,p09,m,train,4
Getup_p15_r01_v04_c04.mp4,p15,m,train,14
Takepills_p17_r01_v03_c04.mp4,p17,m,train,26
Drink.Fromcan_p14_r02_v10_c02.mp4,p14,m,test,8
Walk_p12_r15_v07_c05.mp4,p12,f,train,30
Walk_p15_r16_v17_c06.mp4,p15,m,train,30
Leave_p03_r00_v08_c05.mp4,p03,m,train,16
Walk_p04_r10_v05_c04.mp4,p04,f,train,30
Walk_p13_r00_v06_c04.mp4,p13,f,train,30
Walk_p02_r18_v18_c05.mp4,p02,f,test,30
Uselaptop_p06_r01_v05_c05.mp4,p06,f,train,27
Drink.Fromcup_p12_r00_v06_c05.mp4,p12,f,train,9
Drink.Fromcup_p09_r00_v15_c03.mp4,p09,m,train,9
Takepills_p17_r03_v03_c04.mp4,p17,m,train,26
Cook.Stir_p15_r01_v16_c06.mp4,p15,m,train,4
Drink.Fromcup_p04_r04_v08_c02.mp4,p04,f,train,9
Drink.Fromcup_p14_r09_v11_c02.mp4,p14,m,test,9
Makecoffee.Pourgrains_p03_r01_v16_c06.mp4,p03,m,train,17
Usetelephone_p13_r03_v04_c04.mp4,p13,f,train,29
WatchTV_p19_r01_v01_c05.mp4,p19,f,train,31
Leave_p06_r02_v26_c01.mp4,p06,f,train,16
Walk_p15_r00_v02_c04.mp4,p15,m,train,30
Takepills_p10_r00_v06_c05.mp4,p10,f,test,26
Drink.Fromcup_p09_r00_v01_c05.mp4,p09,m,train,9
Drink.Fromcup_p19_r00_v14_c06.mp4,p19,f,train,9
Readbook_p16_r05_v09_c01.mp4,p16,f,test,24
Drink.Fromcup_p15_r02_v04_c05.mp4,p15,m,train,9
Cook.Stir_p09_r02_v12_c06.mp4,p09,m,train,4
Cook.Stir_p02_r13_v14_c06.mp4,p02,f,test,4
Cook.Stir_p09_r09_v12_c07.mp4,p09,m,train,4
Takepills_p19_r00_v04_c04.mp4,p19,f,train,26
WatchTV_p04_r09_v05_c05.mp4,p04,f,train,31
Cook.Cleandishes_p17_r03_v15_c03.mp4,p17,m,train,1
Walk_p15_r01_v02_c04.mp4,p15,m,train,30
Walk_p04_r08_v15_c07.mp4,p04,f,train,30
Drink.Fromcan_p14_r00_v04_c04.mp4,p14,m,test,8
Walk_p03_r01_v03_c05.mp4,p03,m,train,30
Drink.Frombottle_p17_r02_v09_c02.mp4,p17,m,train,7
Walk_p03_r04_v10_c02.mp4,p03,m,train,30
Walk_p25_r12_v15_c06.mp4,p25,f,train,30
Leave_p09_r02_v14_c03.mp4,p09,m,train,16
Pour.Frombottle_p17_r00_v05_c05.mp4,p17,m,train,21
Usetelephone_p15_r01_v07_c04.mp4,p15,m,train,29
Drink.Fromcup_p06_r05_v12_c06.mp4,p06,f,train,9
Drink.Fromcup_p25_r05_v05_c05.mp4,p25,f,train,9
Usetelephone_p15_r02_v09_c02.mp4,p15,m,train,29
Sitdown_p14_r11_v02_c04.mp4,p14,m,test,25
Walk_p14_r03_v04_c05.mp4,p14,m,test,30
Walk_p12_r02_v06_c04.mp4,p12,f,train,30
Leave_p03_r02_v18_c03.mp4,p03,m,train,16
Walk_p07_r11_v06_c05.mp4,p07,f,train,30
WatchTV_p12_r01_v05_c05.mp4,p12,f,train,31
Eat.Attable_p20_r06_v08_c01.mp4,p20,f,test,11
Pour.Frombottle_p13_r02_v24_c04.mp4,p13,f,train,21
Readbook_p03_r11_v02_c05.mp4,p03,m,train,24
Readbook_p13_r04_v11_c01.mp4,p13,f,train,24
Drink.Fromcup_p02_r03_v14_c06.mp4,p02,f,test,9
WatchTV_p20_r07_v07_c05.mp4,p20,f,test,31
Readbook_p02_r01_v05_c04.mp4,p02,f,test,24
Drink.Fromcup_p06_r03_v12_c03.mp4,p06,f,train,9
Drink.Fromcup_p19_r05_v07_c01.mp4,p19,f,train,9
Maketea.Insertteabag_p13_r02_v21_c06.mp4,p13,f,train,20
Usetelephone_p15_r02_v11_c02.mp4,p15,m,train,29
Walk_p11_r08_v13_c06.mp4,p11,f,test,30
Drink.Frombottle_p15_r03_v04_c04.mp4,p15,m,train,7
Drink.Fromcup_p09_r14_v08_c01.mp4,p09,m,train,9
Drink.Fromcup_p10_r05_v03_c05.mp4,p10,f,test,9
Walk_p12_r09_v06_c05.mp4,p12,f,train,30
Drink.Fromcup_p19_r05_v02_c05.mp4,p19,f,train,9
Getup_p04_r00_v01_c04.mp4,p04,f,train,14
Cook.Stir_p10_r06_v12_c07.mp4,p10,f,test,4
Cook.Stir_p09_r20_v12_c07.mp4,p09,m,train,4
Leave_p17_r00_v03_c05.mp4,p17,m,train,16
Walk_p17_r08_v09_c02.mp4,p17,m,train,30
Getup_p25_r03_v10_c01.mp4,p25,f,train,14
Walk_p04_r00_v05_c04.mp4,p04,f,train,30
Eat.Attable_p03_r07_v10_c02.mp4,p03,m,train,11
Drink.Fromcan_p06_r06_v11_c02.mp4,p06,f,train,8
Drink.Frombottle_p12_r00_v02_c05.mp4,p12,f,train,7
Sitdown_p19_r03_v02_c04.mp4,p19,f,train,25
Sitdown_p16_r01_v06_c02.mp4,p16,f,test,25
Sitdown_p20_r06_v06_c04.mp4,p20,f,test,25
Walk_p10_r01_v06_c04.mp4,p10,f,test,30
Readbook_p16_r02_v02_c05.mp4,p16,f,test,24
Walk_p19_r15_v01_c05.mp4,p19,f,train,30
Drink.Fromglass_p25_r00_v11_c02.mp4,p25,f,train,10
Walk_p25_r19_v14_c07.mp4,p25,f,train,30
Walk_p03_r03_v16_c07.mp4,p03,m,train,30
Walk_p03_r34_v02_c04.mp4,p03,m,train,30
Leave_p17_r00_v12_c07.mp4,p17,m,train,16
Walk_p15_r00_v16_c03.mp4,p15,m,train,30
Leave_p14_r00_v06_c04.mp4,p14,m,test,16
Walk_p03_r22_v04_c04.mp4,p03,m,train,30
Readbook_p04_r04_v04_c05.mp4,p04,f,train,24
Leave_p25_r01_v05_c05.mp4,p25,f,train,16
Sitdown_p03_r01_v02_c05.mp4,p03,m,train,25
Drink.Fromcup_p19_r00_v09_c01.mp4,p19,f,train,9
Drink.Fromcup_p25_r02_v14_c06.mp4,p25,f,train,9
Cook.Cleandishes_p25_r02_v16_c03.mp4,p25,f,train,1
Uselaptop_p15_r00_v10_c01.mp4,p15,m,train,27
Walk_p12_r09_v12_c07.mp4,p12,f,train,30
Cook.Cleandishes_p19_r03_v13_c03.mp4,p19,f,train,1
Usetelephone_p10_r00_v12_c03.mp4,p10,f,test,29
Drink.Fromcup_p06_r03_v08_c01.mp4,p06,f,train,9
Walk_p15_r11_v04_c05.mp4,p15,m,train,30
Walk_p18_r04_v15_c07.mp4,p18,m,test,30
Getup_p04_r06_v04_c05.mp4,p04,f,train,14
Walk_p03_r08_v04_c04.mp4,p03,m,train,30
Drink.Fromcup_p15_r01_v05_c05.mp4,p15,m,train,9
Walk_p15_r00_v01_c05.mp4,p15,m,train,30
Walk_p10_r04_v12_c06.mp4,p10,f,test,30
Sitdown_p03_r06_v19_c04.mp4,p03,m,train,25
Cook.Cleandishes_p07_r13_v20_c03.mp4,p07,f,train,1
WatchTV_p15_r02_v03_c05.mp4,p15,m,train,31
Leave_p06_r00_v15_c02.mp4,p06,f,train,16
Cook.Cleanup_p11_r01_v13_c06.mp4,p11,f,test,2
Drink.Fromcup_p14_r00_v04_c05.mp4,p14,m,test,9
Drink.Fromcup_p16_r14_v12_c03.mp4,p16,f,test,9
Drink.Fromcan_p14_r01_v08_c05.mp4,p14,m,test,8
Drink.Fromcup_p13_r02_v19_c01.mp4,p13,f,train,9
Walk_p16_r35_v12_c06.mp4,p16,f,test,30
Eat.Attable_p13_r21_v19_c01.mp4,p13,f,train,11
Readbook_p04_r03_v01_c04.mp4,p04,f,train,24
Walk_p15_r20_v16_c06.mp4,p15,m,train,30
Uselaptop_p15_r01_v10_c02.mp4,p15,m,train,27
Eat.Attable_p09_r23_v08_c01.mp4,p09,m,train,11
Drink.Fromcup_p13_r11_v11_c01.mp4,p13,f,train,9
Usetelephone_p03_r01_v13_c02.mp4,p03,m,train,29
Readbook_p14_r00_v07_c04.mp4,p14,m,test,24
Sitdown_p06_r01_v27_c01.mp4,p06,f,train,25
Walk_p20_r06_v16_c07.mp4,p20,f,test,30
Getup_p14_r03_v11_c01.mp4,p14,m,test,14
Makecoffee.Pourwater_p15_r00_v17_c06.mp4,p15,m,train,18
Cook.Cleanup_p10_r08_v11_c03.mp4,p10,f,test,2
Readbook_p06_r00_v06_c05.mp4,p06,f,train,24
Leave_p17_r01_v04_c04.mp4,p17,m,train,16
Maketea.Insertteabag_p06_r01_v12_c06.mp4,p06,f,train,20
Walk_p15_r17_v16_c03.mp4,p15,m,train,30
Drink.Fromcup_p19_r00_v01_c04.mp4,p19,f,train,9
Leave_p03_r03_v19_c05.mp4,p03,m,train,16
Walk_p17_r18_v05_c05.mp4,p17,m,train,30
Enter_p20_r01_v15_c07.mp4,p20,f,test,13
Sitdown_p25_r00_v02_c04.mp4,p25,f,train,25
Walk_p04_r06_v15_c03.mp4,p04,f,train,30
Cook.Cleanup_p15_r01_v15_c06.mp4,p15,m,train,2
Takepills_p04_r05_v04_c04.mp4,p04,f,train,26
Cook.Cut_p09_r00_v12_c03.mp4,p09,m,train,3
Walk_p18_r14_v05_c05.mp4,p18,m,test,30
Drink.Fromcup_p07_r06_v04_c05.mp4,p07,f,train,9
Drink.Fromcup_p19_r07_v10_c02.mp4,p19,f,train,9
Cook.Cleandishes_p07_r04_v22_c03.mp4,p07,f,train,1
Walk_p03_r02_v12_c01.mp4,p03,m,train,30
Drink.Fromcup_p04_r05_v09_c02.mp4,p04,f,train,9
Drink.Fromcup_p03_r00_v02_c05.mp4,p03,m,train,9
WatchTV_p06_r06_v03_c05.mp4,p06,f,train,31
Walk_p17_r08_v10_c02.mp4,p17,m,train,30
Enter_p02_r00_v07_c04.mp4,p02,f,test,13
Cook.Stir_p09_r06_v13_c06.mp4,p09,m,train,4
Pour.Fromcan_p03_r00_v18_c06.mp4,p03,m,train,22
Walk_p15_r04_v05_c05.mp4,p15,m,train,30
Drink.Fromcup_p19_r06_v01_c05.mp4,p19,f,train,9
Readbook_p17_r03_v08_c02.mp4,p17,m,train,24
Walk_p10_r07_v12_c06.mp4,p10,f,test,30
Drink.Fromcup_p06_r04_v08_c01.mp4,p06,f,train,9
Readbook_p19_r07_v08_c01.mp4,p19,f,train,24
WatchTV_p25_r08_v01_c05.mp4,p25,f,train,31
Walk_p13_r02_v08_c02.mp4,p13,f,train,30
Drink.Fromcan_p03_r04_v07_c05.mp4,p03,m,train,8
Walk_p03_r06_v02_c04.mp4,p03,m,train,30
Walk_p17_r27_v09_c02.mp4,p17,m,train,30
Walk_p09_r02_v13_c07.mp4,p09,m,train,30
Readbook_p19_r06_v08_c02.mp4,p19,f,train,24
Drink.Frombottle_p16_r02_v14_c06.mp4,p16,f,test,7
Readbook_p17_r00_v05_c05.mp4,p17,m,train,24
Drink.Fromcup_p15_r05_v01_c04.mp4,p15,m,train,9
Walk_p16_r00_v05_c05.mp4,p16,f,test,30
Getup_p03_r09_v19_c04.mp4,p03,m,train,14
Sitdown_p15_r02_v02_c04.mp4,p15,m,train,25
Walk_p14_r02_v05_c05.mp4,p14,m,test,30
Drink.Frombottle_p04_r19_v04_c05.mp4,p04,f,train,7
Enter_p10_r01_v14_c07.mp4,p10,f,test,13
Walk_p13_r24_v04_c04.mp4,p13,f,train,30
Walk_p25_r03_v05_c05.mp4,p25,f,train,30
Walk_p09_r06_v12_c03.mp4,p09,m,train,30
Drink.Fromcup_p19_r02_v12_c03.mp4,p19,f,train,9
Drink.Fromcup_p02_r04_v04_c04.mp4,p02,f,test,9
Drink.Fromcan_p15_r01_v11_c02.mp4,p15,m,train,8
Sitdown_p14_r05_v02_c04.mp4,p14,m,test,25
Drink.Fromcup_p04_r07_v09_c01.mp4,p04,f,train,9
Drink.Fromcup_p19_r05_v12_c06.mp4,p19,f,train,9
Uselaptop_p03_r08_v03_c04.mp4,p03,m,train,27
Drink.Fromcup_p18_r01_v03_c05.mp4,p18,m,test,9
Drink.Fromcup_p02_r00_v04_c04.mp4,p02,f,test,9
Cutbread_p13_r01_v09_c01.mp4,p13,f,train,6
Walk_p18_r04_v12_c02.mp4,p18,m,test,30
Drink.Fromcup_p25_r09_v01_c05.mp4,p25,f,train,9
Eat.Snack_p19_r07_v09_c02.mp4,p19,f,train,12
WatchTV_p06_r02_v06_c05.mp4,p06,f,train,31
WatchTV_p12_r03_v06_c05.mp4,p12,f,train,31
Walk_p20_r01_v06_c05.mp4,p20,f,test,30
Enter_p11_r00_v13_c07.mp4,p11,f,test,13
Laydown_p03_r03_v06_c04.mp4,p03,m,train,15
Walk_p02_r22_v02_c07.mp4,p02,f,test,30
Readbook_p20_r00_v02_c05.mp4,p20,f,test,24
Drink.Fromcup_p20_r06_v02_c04.mp4,p20,f,test,9
Getup_p06_r04_v03_c04.mp4,p06,f,train,14
Takepills_p17_r02_v04_c05.mp4,p17,m,train,26
Drink.Fromcup_p20_r09_v02_c05.mp4,p20,f,test,9
Laydown_p10_r04_v03_c05.mp4,p10,f,test,15
Cook.Usestove_p06_r01_v13_c03.mp4,p06,f,train,5
WatchTV_p20_r00_v04_c05.mp4,p20,f,test,31
Eat.Snack_p17_r00_v09_c02.mp4,p17,m,train,12
Walk_p03_r16_v13_c02.mp4,p03,m,train,30
Eat.Attable_p16_r04_v06_c01.mp4,p16,f,test,11
Usetelephone_p13_r02_v10_c01.mp4,p13,f,train,29
Laydown_p14_r05_v02_c04.mp4,p14,m,test,15
Readbook_p13_r02_v11_c02.mp4,p13,f,train,24
Takepills_p06_r00_v10_c02.mp4,p06,f,train,26
Readbook_p25_r04_v10_c02.mp4,p25,f,train,24
Walk_p15_r06_v12_c02.mp4,p15,m,train,30
Cook.Cut_p09_r02_v13_c06.mp4,p09,m,train,3
Getup_p04_r00_v09_c01.mp4,p04,f,train,14
Sitdown_p18_r06_v05_c05.mp4,p18,m,test,25
Walk_p07_r02_v21_c06.mp4,p07,f,train,30
Laydown_p09_r00_v07_c05.mp4,p09,m,train,15
Walk_p25_r10_v14_c03.mp4,p25,f,train,30
Eat.Attable_p19_r13_v07_c01.mp4,p19,f,train,11
Cook.Cleandishes_p10_r01_v11_c03.mp4,p10,f,test,1
Walk_p19_r01_v11_c06.mp4,p19,f,train,30
Walk_p18_r02_v05_c05.mp4,p18,m,test,30
Enter_p10_r00_v12_c06.mp4,p10,f,test,13
Usetelephone_p15_r07_v02_c04.mp4,p15,m,train,29
Drink.Frombottle_p14_r01_v06_c04.mp4,p14,m,test,7
Cook.Stir_p13_r03_v23_c07.mp4,p13,f,train,4
Getup_p14_r04_v07_c04.mp4,p14,m,test,14
Sitdown_p18_r00_v01_c04.mp4,p18,m,test,25
Walk_p06_r02_v12_c07.mp4,p06,f,train,30
Walk_p25_r17_v05_c05.mp4,p25,f,train,30
Walk_p07_r04_v07_c05.mp4,p07,f,train,30
Cook.Cleanup_p07_r08_v20_c03.mp4,p07,f,train,2
Enter_p19_r00_v05_c04.mp4,p19,f,train,13
Sitdown_p18_r00_v08_c05.mp4,p18,m,test,25
Eat.Attable_p04_r21_v08_c01.mp4,p04,f,train,11
Drink.Frombottle_p10_r00_v03_c05.mp4,p10,f,test,7
Sitdown_p10_r11_v01_c04.mp4,p10,f,test,25
Readbook_p16_r05_v06_c02.mp4,p16,f,test,24
Leave_p07_r01_v06_c05.mp4,p07,f,train,16
Walk_p13_r13_v21_c06.mp4,p13,f,train,30
Makecoffee.Pourgrains_p04_r00_v14_c03.mp4,p04,f,train,17
Drink.Fromcup_p02_r07_v11_c02.mp4,p02,f,test,9
Sitdown_p25_r01_v11_c01.mp4,p25,f,train,25
Eat.Attable_p14_r10_v09_c01.mp4,p14,m,test,11
Sitdown_p12_r05_v04_c05.mp4,p12,f,train,25
WatchTV_p03_r00_v03_c05.mp4,p03,m,train,31
Cook.Stir_p15_r11_v16_c06.mp4,p15,m,train,4
Walk_p03_r03_v06_c04.mp4,p03,m,train,30
Makecoffee.Pourwater_p25_r00_v12_c03.mp4,p25,f,train,18
Pour.Fromkettle_p02_r01_v01_c06.mp4,p02,f,test,23
Drink.Fromcup_p19_r04_v02_c05.mp4,p19,f,train,9
WatchTV_p12_r05_v02_c05.mp4,p12,f,train,31
Walk_p13_r04_v10_c02.mp4,p13,f,train,30
Enter_p03_r02_v19_c05.mp4,p03,m,train,13
Enter_p25_r00_v02_c04.mp4,p25,f,train,13
Laydown_p16_r01_v05_c05.mp4,p16,f,test,15
Cook.Usestove_p09_r00_v12_c03.mp4,p09,m,train,5
Drink.Fromcup_p10_r02_v03_c05.mp4,p10,f,test,9
Walk_p17_r33_v12_c06.mp4,p17,m,train,30
Cook.Stir_p16_r04_v15_c07.mp4,p16,f,test,4
Drink.Fromcan_p03_r00_v18_c03.mp4,p03,m,train,8
Sitdown_p25_r08_v04_c05.mp4,p25,f,train,25
Readbook_p16_r01_v05_c05.mp4,p16,f,test,24
Drink.Fromcup_p13_r02_v11_c01.mp4,p13,f,train,9
Eat.Snack_p06_r09_v06_c05.mp4,p06,f,train,12
Getup_p18_r03_v12_c01.mp4,p18,m,test,14
Walk_p17_r05_v03_c05.mp4,p17,m,train,30
Walk_p11_r04_v12_c06.mp4,p11,f,test,30
Readbook_p13_r01_v05_c04.mp4,p13,f,train,24
Walk_p13_r16_v25_c04.mp4,p13,f,train,30
Drink.Fromcup_p04_r04_v15_c07.mp4,p04,f,train,9
Readbook_p16_r07_v02_c05.mp4,p16,f,test,24
Getup_p03_r10_v19_c05.mp4,p03,m,train,14
Cook.Cleanup_p10_r01_v11_c03.mp4,p10,f,test,2
Drink.Fromglass_p03_r09_v18_c03.mp4,p03,m,train,10
Drink.Fromcup_p09_r03_v10_c01.mp4,p09,m,train,9
Cook.Cleanup_p03_r05_v18_c03.mp4,p03,m,train,2
Drink.Fromcup_p02_r05_v01_c06.mp4,p02,f,test,9
Cook.Stir_p11_r11_v13_c07.mp4,p11,f,test,4
Leave_p19_r00_v03_c04.mp4,p19,f,train,16
Cook.Cut_p17_r14_v14_c06.mp4,p17,m,train,3
Enter_p06_r02_v13_c03.mp4,p06,f,train,13
WatchTV_p20_r02_v07_c05.mp4,p20,f,test,31
Readbook_p14_r00_v08_c05.mp4,p14,m,test,24
Walk_p15_r14_v02_c05.mp4,p15,m,train,30
Walk_p03_r19_v03_c04.mp4,p03,m,train,30
Drink.Fromcup_p13_r01_v25_c04.mp4,p13,f,train,9
Drink.Fromcup_p13_r03_v10_c02.mp4,p13,f,train,9
Drink.Fromcup_p03_r00_v10_c02.mp4,p03,m,train,9
Makecoffee.Pourwater_p09_r00_v15_c06.mp4,p09,m,train,18
Usetelephone_p04_r01_v06_c04.mp4,p04,f,train,29
Drink.Fromcup_p09_r01_v05_c04.mp4,p09,m,train,9
Walk_p20_r09_v13_c07.mp4,p20,f,test,30
Usetelephone_p16_r00_v01_c04.mp4,p16,f,test,29
Drink.Fromcup_p10_r05_v10_c01.mp4,p10,f,test,9
Walk_p17_r04_v09_c01.mp4,p17,m,train,30
Eat.Attable_p11_r05_v08_c01.mp4,p11,f,test,11
Walk_p19_r17_v01_c05.mp4,p19,f,train,30
Walk_p16_r00_v06_c02.mp4,p16,f,test,30
Cook.Stir_p25_r00_v15_c03.mp4,p25,f,train,4
Drink.Fromcup_p20_r06_v01_c05.mp4,p20,f,test,9
Walk_p04_r02_v07_c05.mp4,p04,f,train,30
Getup_p10_r02_v06_c04.mp4,p10,f,test,14
Pour.Frombottle_p13_r02_v24_c05.mp4,p13,f,train,21
Drink.Fromcup_p04_r01_v17_c06.mp4,p04,f,train,9
WatchTV_p09_r03_v07_c04.mp4,p09,m,train,31
Maketea.Boilwater_p15_r00_v14_c06.mp4,p15,m,train,19
Pour.Frombottle_p12_r02_v02_c04.mp4,p12,f,train,21
Drink.Fromcup_p02_r08_v11_c02.mp4,p02,f,test,9
Enter_p10_r02_v11_c03.mp4,p10,f,test,13
Walk_p02_r13_v09_c05.mp4,p02,f,test,30
Leave_p09_r02_v12_c03.mp4,p09,m,train,16
Walk_p25_r10_v12_c06.mp4,p25,f,train,30
Walk_p11_r18_v04_c04.mp4,p11,f,test,30
Walk_p13_r17_v04_c04.mp4,p13,f,train,30
Walk_p12_r05_v02_c05.mp4,p12,f,train,30
Usetelephone_p25_r00_v03_c05.mp4,p25,f,train,29
Drink.Frombottle_p14_r01_v07_c05.mp4,p14,m,test,7
Walk_p15_r17_v16_c07.mp4,p15,m,train,30
Readbook_p04_r12_v08_c01.mp4,p04,f,train,24
Leave_p16_r00_v05_c04.mp4,p16,f,test,16
Walk_p03_r08_v02_c04.mp4,p03,m,train,30
Readbook_p16_r01_v09_c01.mp4,p16,f,test,24
Sitdown_p07_r03_v09_c02.mp4,p07,f,train,25
Walk_p03_r14_v04_c05.mp4,p03,m,train,30
Cook.Stir_p17_r05_v15_c03.mp4,p17,m,train,4
Drink.Fromcup_p15_r06_v03_c04.mp4,p15,m,train,9
Walk_p15_r07_v02_c04.mp4,p15,m,train,30
Sitdown_p18_r00_v11_c01.mp4,p18,m,test,25
Cook.Stir_p20_r01_v16_c03.mp4,p20,f,test,4
Readbook_p19_r09_v08_c02.mp4,p19,f,train,24
Sitdown_p14_r19_v05_c05.mp4,p14,m,test,25
Drink.Fromcan_p02_r00_v13_c06.mp4,p02,f,test,8
Enter_p02_r02_v07_c04.mp4,p02,f,test,13
Usetelephone_p04_r00_v07_c04.mp4,p04,f,train,29
Sitdown_p09_r00_v02_c05.mp4,p09,m,train,25
WatchTV_p03_r01_v08_c04.mp4,p03,m,train,31
Walk_p02_r10_v14_c06.mp4,p02,f,test,30
Getup_p14_r09_v04_c04.mp4,p14,m,test,14
Pour.Frombottle_p25_r02_v05_c04.mp4,p25,f,train,21
Drink.Fromcup_p25_r01_v12_c06.mp4,p25,f,train,9
Walk_p18_r07_v10_c02.mp4,p18,m,test,30
Eat.Attable_p16_r05_v06_c01.mp4,p16,f,test,11
Cook.Stir_p07_r05_v21_c07.mp4,p07,f,train,4
Drink.Fromcup_p19_r04_v03_c05.mp4,p19,f,train,9
Drink.Frombottle_p10_r00_v03_c04.mp4,p10,f,test,7
Readbook_p10_r01_v05_c05.mp4,p10,f,test,24
Cook.Cut_p07_r01_v21_c06.mp4,p07,f,train,3
Drink.Fromglass_p03_r00_v19_c05.mp4,p03,m,train,10
Walk_p11_r26_v04_c04.mp4,p11,f,test,30
Walk_p15_r00_v17_c03.mp4,p15,m,train,30
Readbook_p02_r00_v08_c04.mp4,p02,f,test,24
Getup_p07_r02_v10_c01.mp4,p07,f,train,14
Leave_p15_r02_v03_c04.mp4,p15,m,train,16
Leave_p09_r00_v14_c07.mp4,p09,m,train,16
Pour.Frombottle_p14_r04_v03_c04.mp4,p14,m,test,21
Walk_p25_r00_v12_c03.mp4,p25,f,train,30
Walk_p20_r08_v03_c05.mp4,p20,f,test,30
Cook.Cleandishes_p25_r08_v12_c03.mp4,p25,f,train,1
Readbook_p17_r04_v04_c05.mp4,p17,m,train,24
Enter_p10_r00_v13_c07.mp4,p10,f,test,13
Cook.Stir_p15_r01_v17_c03.mp4,p15,m,train,4
Drink.Fromcup_p12_r03_v03_c04.mp4,p12,f,train,9
Drink.Fromcup_p19_r03_v11_c06.mp4,p19,f,train,9
Drink.Fromcup_p09_r03_v15_c06.mp4,p09,m,train,9
Readbook_p16_r02_v01_c05.mp4,p16,f,test,24
Usetelephone_p16_r00_v03_c05.mp4,p16,f,test,29
Sitdown_p14_r16_v05_c05.mp4,p14,m,test,25
Sitdown_p10_r05_v10_c01.mp4,p10,f,test,25
Cook.Cleanup_p20_r05_v13_c03.mp4,p20,f,test,2
Walk_p10_r02_v01_c04.mp4,p10,f,test,30
Walk_p11_r00_v09_c01.mp4,p11,f,test,30
Walk_p25_r16_v10_c02.mp4,p25,f,train,30
Walk_p12_r19_v06_c05.mp4,p12,f,train,30
Usetelephone_p03_r00_v18_c07.mp4,p03,m,train,29
Drink.Fromcup_p14_r01_v14_c07.mp4,p14,m,test,9
Readbook_p02_r02_v02_c07.mp4,p02,f,test,24
Drink.Fromglass_p25_r03_v11_c01.mp4,p25,f,train,10
Leave_p02_r01_v02_c03.mp4,p02,f,test,16
Walk_p16_r03_v14_c06.mp4,p16,f,test,30
Eat.Attable_p09_r35_v08_c01.mp4,p09,m,train,11
Sitdown_p14_r16_v07_c04.mp4,p14,m,test,25
Usetelephone_p14_r01_v10_c02.mp4,p14,m,test,29
Cook.Cleanup_p15_r03_v15_c06.mp4,p15,m,train,2
Eat.Attable_p07_r46_v08_c02.mp4,p07,f,train,11
Drink.Fromcan_p07_r01_v10_c02.mp4,p07,f,train,8
Walk_p11_r14_v05_c04.mp4,p11,f,test,30
Walk_p07_r02_v09_c01.mp4,p07,f,train,30
Drink.Fromcup_p16_r05_v02_c04.mp4,p16,f,test,9
Usetablet_p03_r00_v12_c02.mp4,p03,m,train,28
Walk_p17_r10_v06_c05.mp4,p17,m,train,30
Getup_p06_r02_v11_c02.mp4,p06,f,train,14
Readbook_p04_r08_v08_c01.mp4,p04,f,train,24
Drink.Fromcup_p16_r00_v07_c01.mp4,p16,f,test,9
Eat.Snack_p16_r00_v04_c04.mp4,p16,f,test,12
Uselaptop_p13_r02_v03_c04.mp4,p13,f,train,27
Walk_p15_r02_v17_c07.mp4,p15,m,train,30
Getup_p14_r10_v06_c05.mp4,p14,m,test,14
Sitdown_p09_r01_v07_c04.mp4,p09,m,train,25
Walk_p04_r00_v10_c02.mp4,p04,f,train,30
Drink.Fromcup_p14_r02_v14_c07.mp4,p14,m,test,9
WatchTV_p09_r05_v05_c04.mp4,p09,m,train,31
Walk_p13_r20_v04_c04.mp4,p13,f,train,30
Cook.Cleandishes_p11_r01_v11_c07.mp4,p11,f,test,1
Pour.Frombottle_p13_r01_v12_c01.mp4,p13,f,train,21
WatchTV_p09_r03_v03_c04.mp4,p09,m,train,31
Eat.Attable_p18_r04_v12_c02.mp4,p18,m,test,11
Walk_p17_r31_v05_c05.mp4,p17,m,train,30
Drink.Frombottle_p20_r02_v05_c05.mp4,p20,f,test,7
Getup_p03_r16_v07_c04.mp4,p03,m,train,14
Drink.Fromcup_p14_r05_v11_c02.mp4,p14,m,test,9
Drink.Fromcup_p03_r05_v16_c06.mp4,p03,m,train,9
Readbook_p14_r02_v11_c02.mp4,p14,m,test,24
Getup_p19_r02_v10_c01.mp4,p19,f,train,14
Walk_p03_r40_v02_c05.mp4,p03,m,train,30
Cook.Usestove_p04_r01_v17_c06.mp4,p04,f,train,5
Eat.Attable_p18_r31_v09_c02.mp4,p18,m,test,11
Cook.Cleandishes_p07_r03_v06_c03.mp4,p07,f,train,1
Drink.Fromcan_p04_r04_v11_c02.mp4,p04,f,train,8
Eat.Snack_p06_r06_v11_c01.mp4,p06,f,train,12
Pour.Frombottle_p17_r02_v03_c04.mp4,p17,m,train,21
Cook.Cleandishes_p15_r00_v16_c03.mp4,p15,m,train,1
Sitdown_p07_r03_v06_c05.mp4,p07,f,train,25
Eat.Snack_p13_r03_v21_c06.mp4,p13,f,train,12
Cook.Stir_p17_r11_v14_c06.mp4,p17,m,train,4
Drink.Fromcup_p13_r04_v21_c06.mp4,p13,f,train,9
Uselaptop_p14_r02_v02_c04.mp4,p14,m,test,27
Sitdown_p17_r09_v09_c02.mp4,p17,m,train,25
Cook.Stir_p16_r05_v15_c07.mp4,p16,f,test,4
Enter_p10_r00_v09_c01.mp4,p10,f,test,13
Cook.Stir_p07_r09_v21_c06.mp4,p07,f,train,4
Walk_p25_r02_v17_c02.mp4,p25,f,train,30
Leave_p06_r01_v11_c01.mp4,p06,f,train,16
Walk_p09_r05_v15_c07.mp4,p09,m,train,30
Walk_p16_r04_v12_c06.mp4,p16,f,test,30
WatchTV_p09_r01_v04_c04.mp4,p09,m,train,31
Pour.Fromkettle_p16_r00_v12_c03.mp4,p16,f,test,23
Walk_p12_r03_v04_c05.mp4,p12,f,train,30
WatchTV_p06_r01_v06_c05.mp4,p06,f,train,31
Drink.Fromcup_p07_r07_v08_c01.mp4,p07,f,train,9
Getup_p14_r00_v12_c02.mp4,p14,m,test,14
Drink.Fromcup_p04_r02_v16_c06.mp4,p04,f,train,9
Takepills_p11_r00_v09_c01.mp4,p11,f,test,26
Drink.Frombottle_p17_r01_v09_c01.mp4,p17,m,train,7
Walk_p10_r15_v13_c07.mp4,p10,f,test,30
Drink.Fromcup_p20_r02_v02_c04.mp4,p20,f,test,9
Cook.Cleanup_p03_r01_v16_c06.mp4,p03,m,train,2
Eat.Attable_p18_r04_v09_c01.mp4,p18,m,test,11
Walk_p02_r09_v18_c05.mp4,p02,f,test,30
Eat.Snack_p17_r00_v15_c06.mp4,p17,m,train,12
Getup_p06_r02_v10_c02.mp4,p06,f,train,14
Eat.Attable_p07_r09_v08_c01.mp4,p07,f,train,11
Eat.Attable_p20_r01_v08_c01.mp4,p20,f,test,11
WatchTV_p12_r03_v02_c05.mp4,p12,f,train,31
Walk_p14_r38_v05_c05.mp4,p14,m,test,30
Cook.Stir_p13_r07_v23_c03.mp4,p13,f,train,4
Pour.Frombottle_p20_r00_v11_c01.mp4,p20,f,test,21
Readbook_p18_r01_v10_c01.mp4,p18,m,test,24
Getup_p10_r16_v03_c05.mp4,p10,f,test,14
Walk_p07_r03_v03_c03.mp4,p07,f,train,30
Leave_p14_r00_v04_c04.mp4,p14,m,test,16
Sitdown_p14_r04_v05_c05.mp4,p14,m,test,25
Pour.Frombottle_p14_r02_v04_c04.mp4,p14,m,test,21
Getup_p18_r04_v10_c01.mp4,p18,m,test,14
Cook.Cleandishes_p19_r01_v13_c03.mp4,p19,f,train,1
WatchTV_p07_r01_v07_c04.mp4,p07,f,train,31
Pour.Fromkettle_p04_r01_v14_c07.mp4,p04,f,train,23
Walk_p03_r48_v04_c05.mp4,p03,m,train,30
Walk_p12_r18_v12_c06.mp4,p12,f,train,30
Walk_p14_r09_v15_c07.mp4,p14,m,test,30
Usetelephone_p13_r05_v13_c01.mp4,p13,f,train,29
Leave_p14_r02_v05_c04.mp4,p14,m,test,16
Usetelephone_p10_r01_v07_c04.mp4,p10,f,test,29
Drink.Fromcup_p04_r01_v01_c05.mp4,p04,f,train,9
WatchTV_p10_r05_v07_c05.mp4,p10,f,test,31
Walk_p04_r05_v16_c03.mp4,p04,f,train,30
Cutbread_p16_r00_v06_c02.mp4,p16,f,test,6
Pour.Frombottle_p03_r00_v06_c04.mp4,p03,m,train,21
Walk_p17_r06_v07_c02.mp4,p17,m,train,30
Cook.Stir_p25_r05_v16_c07.mp4,p25,f,train,4
Takepills_p18_r00_v12_c01.mp4,p18,m,test,26
Pour.Frombottle_p17_r02_v04_c05.mp4,p17,m,train,21
Cook.Cleanup_p11_r05_v11_c07.mp4,p11,f,test,2
Walk_p15_r00_v17_c06.mp4,p15,m,train,30
Eat.Attable_p11_r19_v08_c01.mp4,p11,f,test,11
Drink.Frombottle_p02_r02_v06_c05.mp4,p02,f,test,7
Usetelephone_p17_r02_v02_c05.mp4,p17,m,train,29
Drink.Fromcup_p04_r01_v08_c01.mp4,p04,f,train,9
Walk_p13_r08_v23_c06.mp4,p13,f,train,30
Eat.Attable_p13_r25_v08_c02.mp4,p13,f,train,11
Walk_p12_r07_v11_c06.mp4,p12,f,train,30
Getup_p11_r02_v09_c01.mp4,p11,f,test,14
Makecoffee.Pourwater_p17_r00_v12_c06.mp4,p17,m,train,18
Sitdown_p19_r00_v07_c01.mp4,p19,f,train,25
Getup_p09_r04_v11_c01.mp4,p09,m,train,14
Drink.Fromcup_p10_r06_v07_c05.mp4,p10,f,test,9
Pour.Fromcan_p14_r00_v13_c02.mp4,p14,m,test,22
Readbook_p19_r09_v08_c01.mp4,p19,f,train,24
Walk_p13_r03_v04_c04.mp4,p13,f,train,30
Uselaptop_p14_r03_v05_c05.mp4,p14,m,test,27
Eat.Snack_p12_r00_v12_c07.mp4,p12,f,train,12
Readbook_p09_r00_v06_c04.mp4,p09,m,train,24
Walk_p12_r08_v06_c04.mp4,p12,f,train,30
Sitdown_p09_r00_v05_c05.mp4,p09,m,train,25
Drink.Fromcan_p14_r01_v05_c04.mp4,p14,m,test,8
WatchTV_p07_r13_v04_c05.mp4,p07,f,train,31
Sitdown_p04_r08_v04_c04.mp4,p04,f,train,25
Walk_p12_r07_v12_c07.mp4,p12,f,train,30
Eat.Attable_p18_r34_v09_c01.mp4,p18,m,test,11
Uselaptop_p11_r01_v14_c01.mp4,p11,f,test,27
Drink.Fromcup_p25_r07_v05_c05.mp4,p25,f,train,9
Walk_p07_r02_v20_c03.mp4,p07,f,train,30
Drink.Frombottle_p03_r00_v05_c05.mp4,p03,m,train,7
Cook.Cleandishes_p07_r02_v06_c03.mp4,p07,f,train,1
Drink.Fromcup_p04_r09_v09_c02.mp4,p04,f,train,9
Drink.Fromcup_p15_r01_v11_c01.mp4,p15,m,train,9
Walk_p04_r06_v05_c05.mp4,p04,f,train,30
Pour.Fromkettle_p10_r02_v11_c03.mp4,p10,f,test,23
Enter_p14_r00_v02_c04.mp4,p14,m,test,13
Sitdown_p10_r02_v03_c04.mp4,p10,f,test,25
Readbook_p20_r01_v01_c05.mp4,p20,f,test,24
Drink.Fromcup_p18_r01_v12_c02.mp4,p18,m,test,9
Drink.Fromcup_p25_r05_v09_c02.mp4,p25,f,train,9
Eat.Attable_p13_r26_v08_c02.mp4,p13,f,train,11
Maketea.Boilwater_p13_r01_v21_c06.mp4,p13,f,train,19
Walk_p11_r03_v15_c01.mp4,p11,f,test,30
Eat.Attable_p02_r16_v11_c02.mp4,p02,f,test,11
Walk_p07_r00_v08_c02.mp4,p07,f,train,30
Enter_p13_r03_v04_c04.mp4,p13,f,train,13
Walk_p02_r10_v14_c03.mp4,p02,f,test,30
Takepills_p02_r01_v12_c02.mp4,p02,f,test,26
WatchTV_p09_r02_v04_c05.mp4,p09,m,train,31
Drink.Fromcup_p25_r02_v14_c03.mp4,p25,f,train,9
Walk_p07_r01_v21_c07.mp4,p07,f,train,30
Readbook_p12_r01_v05_c04.mp4,p12,f,train,24
WatchTV_p12_r03_v05_c05.mp4,p12,f,train,31
Pour.Frombottle_p18_r01_v12_c01.mp4,p18,m,test,21
Cook.Stir_p09_r01_v12_c03.mp4,p09,m,train,4
Cook.Stir_p25_r05_v15_c07.mp4,p25,f,train,4
Walk_p02_r25_v14_c03.mp4,p02,f,test,30
Walk_p07_r00_v03_c05.mp4,p07,f,train,30
Walk_p04_r02_v05_c04.mp4,p04,f,train,30
Walk_p06_r02_v14_c02.mp4,p06,f,train,30
Readbook_p13_r06_v05_c04.mp4,p13,f,train,24
Drink.Fromcup_p20_r05_v03_c05.mp4,p20,f,test,9
Sitdown_p07_r04_v02_c05.mp4,p07,f,train,25
Getup_p14_r02_v13_c01.mp4,p14,m,test,14
Uselaptop_p20_r00_v06_c04.mp4,p20,f,test,27
Enter_p10_r00_v12_c03.mp4,p10,f,test,13
Enter_p13_r00_v23_c03.mp4,p13,f,train,13
Readbook_p06_r06_v07_c01.mp4,p06,f,train,24
Readbook_p07_r03_v05_c05.mp4,p07,f,train,24
Takepills_p14_r00_v05_c05.mp4,p14,m,test,26
Walk_p03_r06_v15_c06.mp4,p03,m,train,30
Sitdown_p03_r04_v11_c02.mp4,p03,m,train,25
Eat.Attable_p07_r33_v08_c01.mp4,p07,f,train,11
Walk_p04_r16_v05_c05.mp4,p04,f,train,30
Cook.Cleanup_p25_r03_v12_c03.mp4,p25,f,train,2
Readbook_p16_r06_v09_c01.mp4,p16,f,test,24
Walk_p17_r04_v05_c05.mp4,p17,m,train,30
Cook.Cleandishes_p06_r01_v12_c03.mp4,p06,f,train,1
Sitdown_p19_r04_v04_c05.mp4,p19,f,train,25
Walk_p15_r14_v11_c02.mp4,p15,m,train,30
Cook.Cleanup_p25_r01_v16_c03.mp4,p25,f,train,2
Getup_p20_r00_v09_c01.mp4,p20,f,test,14
Sitdown_p10_r07_v06_c05.mp4,p10,f,test,25
Sitdown_p14_r01_v04_c04.mp4,p14,m,test,25
Cook.Usestove_p07_r07_v21_c06.mp4,p07,f,train,5
Readbook_p19_r04_v08_c02.mp4,p19,f,train,24
Walk_p11_r02_v05_c04.mp4,p11,f,test,30
Cook.Stir_p04_r01_v17_c06.mp4,p04,f,train,4
Walk_p20_r18_v06_c05.mp4,p20,f,test,30
Walk_p04_r12_v17_c07.mp4,p04,f,train,30
Drink.Fromcup_p07_r07_v21_c06.mp4,p07,f,train,9
Cook.Stir_p07_r12_v21_c06.mp4,p07,f,train,4
Drink.Fromcup_p20_r01_v06_c05.mp4,p20,f,test,9
Drink.Fromcup_p06_r00_v08_c01.mp4,p06,f,train,9
Drink.Fromcup_p15_r06_v03_c05.mp4,p15,m,train,9
Eat.Attable_p18_r01_v09_c02.mp4,p18,m,test,11
Walk_p03_r22_v03_c05.mp4,p03,m,train,30
Leave_p10_r00_v12_c03.mp4,p10,f,test,16
Cook.Cleanup_p20_r00_v16_c03.mp4,p20,f,test,2
Walk_p20_r09_v03_c05.mp4,p20,f,test,30
WatchTV_p18_r06_v07_c05.mp4,p18,m,test,31
Drink.Fromcup_p10_r00_v05_c04.mp4,p10,f,test,9
Readbook_p19_r00_v05_c04.mp4,p19,f,train,24
Eat.Snack_p18_r00_v12_c01.mp4,p18,m,test,12
Walk_p07_r10_v06_c05.mp4,p07,f,train,30
Pour.Frombottle_p02_r05_v09_c05.mp4,p02,f,test,21
Drink.Fromcup_p13_r06_v20_c07.mp4,p13,f,train,9
Drink.Fromcup_p04_r02_v09_c01.mp4,p04,f,train,9
Readbook_p18_r03_v12_c01.mp4,p18,m,test,24
Walk_p19_r08_v04_c05.mp4,p19,f,train,30
Walk_p14_r15_v06_c05.mp4,p14,m,test,30
Getup_p02_r02_v07_c04.mp4,p02,f,test,14
Readbook_p16_r11_v06_c02.mp4,p16,f,test,24
Walk_p13_r04_v23_c07.mp4,p13,f,train,30
Readbook_p15_r00_v06_c05.mp4,p15,m,train,24
Walk_p10_r02_v13_c07.mp4,p10,f,test,30
Drink.Frombottle_p02_r07_v12_c02.mp4,p02,f,test,7
Walk_p15_r16_v15_c06.mp4,p15,m,train,30
Drink.Fromcup_p17_r03_v03_c05.mp4,p17,m,train,9
Usetelephone_p12_r00_v07_c05.mp4,p12,f,train,29
Walk_p17_r08_v12_c03.mp4,p17,m,train,30
Walk_p19_r01_v09_c02.mp4,p19,f,train,30
Walk_p15_r12_v14_c06.mp4,p15,m,train,30
Walk_p06_r14_v13_c06.mp4,p06,f,train,30
Drink.Fromcup_p12_r19_v01_c04.mp4,p12,f,train,9
Readbook_p02_r00_v07_c05.mp4,p02,f,test,24
Drink.Fromcup_p09_r08_v08_c01.mp4,p09,m,train,9
Usetelephone_p10_r04_v07_c05.mp4,p10,f,test,29
Eat.Attable_p07_r28_v08_c02.mp4,p07,f,train,11
Sitdown_p13_r00_v07_c04.mp4,p13,f,train,25
Walk_p14_r21_v05_c05.mp4,p14,m,test,30
Pour.Frombottle_p17_r00_v05_c04.mp4,p17,m,train,21
Walk_p03_r08_v13_c01.mp4,p03,m,train,30
Sitdown_p09_r01_v04_c04.mp4,p09,m,train,25
Cook.Stir_p13_r01_v23_c03.mp4,p13,f,train,4
Getup_p07_r05_v03_c05.mp4,p07,f,train,14
Cook.Cleanup_p10_r00_v14_c03.mp4,p10,f,test,2
Drink.Fromcup_p03_r01_v11_c01.mp4,p03,m,train,9
Sitdown_p14_r00_v01_c04.mp4,p14,m,test,25
Cook.Stir_p11_r07_v13_c03.mp4,p11,f,test,4
Walk_p13_r07_v13_c02.mp4,p13,f,train,30
Walk_p18_r03_v13_c07.mp4,p18,m,test,30
Walk_p11_r12_v04_c04.mp4,p11,f,test,30
Walk_p13_r09_v13_c02.mp4,p13,f,train,30
Drink.Fromcup_p06_r00_v07_c01.mp4,p06,f,train,9
Cook.Stir_p15_r01_v16_c07.mp4,p15,m,train,4
Drink.Fromcan_p12_r00_v06_c05.mp4,p12,f,train,8
Eat.Attable_p18_r07_v09_c02.mp4,p18,m,test,11
Drink.Frombottle_p03_r03_v05_c05.mp4,p03,m,train,7
Makecoffee.Pourgrains_p25_r00_v12_c03.mp4,p25,f,train,17
Enter_p25_r03_v06_c04.mp4,p25,f,train,13
Cook.Stir_p09_r02_v13_c07.mp4,p09,m,train,4
Drink.Fromcup_p25_r02_v04_c05.mp4,p25,f,train,9
Laydown_p25_r03_v03_c05.mp4,p25,f,train,15
Cook.Stir_p20_r07_v16_c03.mp4,p20,f,test,4
Cook.Stir_p15_r09_v16_c06.mp4,p15,m,train,4
Drink.Fromcup_p06_r00_v13_c06.mp4,p06,f,train,9
Leave_p10_r00_v05_c04.mp4,p10,f,test,16
Sitdown_p17_r01_v06_c04.mp4,p17,m,train,25
Walk_p04_r24_v05_c04.mp4,p04,f,train,30
Cook.Cleandishes_p07_r00_v21_c06.mp4,p07,f,train,1
Drink.Fromcup_p12_r15_v01_c04.mp4,p12,f,train,9
Walk_p12_r15_v06_c05.mp4,p12,f,train,30
Drink.Fromcan_p25_r07_v15_c03.mp4,p25,f,train,8
Readbook_p20_r03_v01_c05.mp4,p20,f,test,24
Sitdown_p09_r04_v11_c01.mp4,p09,m,train,25
Drink.Fromcup_p12_r01_v07_c04.mp4,p12,f,train,9
Enter_p04_r00_v04_c05.mp4,p04,f,train,13
Leave_p09_r00_v15_c06.mp4,p09,m,train,16
Walk_p11_r01_v04_c04.mp4,p11,f,test,30
Maketea.Boilwater_p18_r00_v14_c03.mp4,p18,m,test,19
Drink.Fromcup_p14_r01_v13_c01.mp4,p14,m,test,9
Drink.Fromcup_p13_r07_v21_c07.mp4,p13,f,train,9
Readbook_p16_r05_v02_c05.mp4,p16,f,test,24
Walk_p12_r04_v07_c05.mp4,p12,f,train,30
Getup_p12_r06_v04_c05.mp4,p12,f,train,14
Cook.Cleanup_p15_r01_v15_c03.mp4,p15,m,train,2
Usetablet_p06_r00_v01_c04.mp4,p06,f,train,28
WatchTV_p19_r07_v01_c05.mp4,p19,f,train,31
Walk_p19_r03_v03_c05.mp4,p19,f,train,30
Drink.Fromcan_p06_r02_v11_c01.mp4,p06,f,train,8
Sitdown_p19_r00_v05_c05.mp4,p19,f,train,25
Readbook_p12_r02_v07_c05.mp4,p12,f,train,24
Walk_p15_r03_v14_c07.mp4,p15,m,train,30
Getup_p07_r01_v10_c01.mp4,p07,f,train,14
Drink.Frombottle_p02_r09_v12_c02.mp4,p02,f,test,7
Walk_p20_r04_v03_c05.mp4,p20,f,test,30
Sitdown_p06_r00_v02_c05.mp4,p06,f,train,25
Walk_p07_r15_v06_c05.mp4,p07,f,train,30
Getup_p14_r20_v05_c05.mp4,p14,m,test,14
Drink.Fromcup_p16_r07_v14_c06.mp4,p16,f,test,9
Walk_p14_r07_v12_c02.mp4,p14,m,test,30
Walk_p03_r22_v02_c05.mp4,p03,m,train,30
Walk_p20_r00_v07_c04.mp4,p20,f,test,30
Walk_p02_r12_v02_c07.mp4,p02,f,test,30
Cook.Stir_p25_r03_v16_c03.mp4,p25,f,train,4
Sitdown_p20_r00_v11_c01.mp4,p20,f,test,25
Walk_p18_r02_v14_c03.mp4,p18,m,test,30
Drink.Fromcup_p19_r00_v02_c04.mp4,p19,f,train,9
Cook.Usestove_p04_r03_v17_c03.mp4,p04,f,train,5
Walk_p25_r01_v09_c02.mp4,p25,f,train,30
Walk_p17_r17_v15_c07.mp4,p17,m,train,30
Takepills_p06_r01_v06_c04.mp4,p06,f,train,26
Getup_p04_r01_v07_c04.mp4,p04,f,train,14
Sitdown_p25_r08_v10_c01.mp4,p25,f,train,25
Walk_p20_r03_v06_c05.mp4,p20,f,test,30
Getup_p10_r10_v10_c01.mp4,p10,f,test,14
Drink.Frombottle_p14_r04_v10_c02.mp4,p14,m,test,7
Walk_p17_r22_v05_c05.mp4,p17,m,train,30
Drink.Fromcup_p15_r01_v12_c01.mp4,p15,m,train,9
Cook.Stir_p20_r10_v15_c07.mp4,p20,f,test,4
Maketea.Insertteabag_p14_r00_v15_c07.mp4,p14,m,test,20
Drink.Fromcup_p17_r01_v11_c06.mp4,p17,m,train,9
Walk_p09_r06_v15_c03.mp4,p09,m,train,30
Enter_p13_r00_v04_c04.mp4,p13,f,train,13
Sitdown_p10_r00_v01_c04.mp4,p10,f,test,25
Pour.Frombottle_p16_r00_v04_c05.mp4,p16,f,test,21
Drink.Fromcup_p10_r01_v05_c04.mp4,p10,f,test,9
Leave_p04_r00_v14_c06.mp4,p04,f,train,16
Walk_p13_r04_v07_c04.mp4,p13,f,train,30
Walk_p19_r10_v03_c05.mp4,p19,f,train,30
Walk_p13_r03_v21_c07.mp4,p13,f,train,30
Walk_p15_r24_v17_c06.mp4,p15,m,train,30
Drink.Fromcup_p25_r05_v14_c06.mp4,p25,f,train,9
Takepills_p15_r00_v05_c05.mp4,p15,m,train,26
Walk_p13_r03_v05_c04.mp4,p13,f,train,30
WatchTV_p12_r05_v07_c05.mp4,p12,f,train,31
Drink.Fromcup_p12_r03_v06_c05.mp4,p12,f,train,9
Getup_p15_r01_v01_c05.mp4,p15,m,train,14
Cook.Cleanup_p07_r07_v06_c03.mp4,p07,f,train,2
Cook.Cleandishes_p16_r01_v15_c03.mp4,p16,f,test,1
Walk_p16_r10_v12_c06.mp4,p16,f,test,30
Enter_p06_r00_v04_c04.mp4,p06,f,train,13
Cook.Stir_p02_r14_v14_c06.mp4,p02,f,test,4
Walk_p15_r17_v09_c02.mp4,p15,m,train,30
Drink.Fromcup_p25_r09_v12_c03.mp4,p25,f,train,9
Cook.Stir_p16_r01_v14_c03.mp4,p16,f,test,4
Walk_p14_r11_v13_c02.mp4,p14,m,test,30
Laydown_p14_r02_v02_c04.mp4,p14,m,test,15
Leave_p09_r00_v04_c04.mp4,p09,m,train,16
Drink.Fromcup_p20_r01_v07_c05.mp4,p20,f,test,9
Drink.Fromcan_p03_r04_v07_c04.mp4,p03,m,train,8
Makecoffee.Pourgrains_p11_r00_v12_c06.mp4,p11,f,test,17
Walk_p15_r07_v05_c05.mp4,p15,m,train,30
Getup_p04_r06_v04_c04.mp4,p04,f,train,14
Sitdown_p19_r01_v08_c01.mp4,p19,f,train,25
Eat.Attable_p09_r05_v08_c01.mp4,p09,m,train,11
Drink.Fromcup_p03_r00_v16_c03.mp4,p03,m,train,9
WatchTV_p15_r08_v03_c05.mp4,p15,m,train,31
Drink.Fromcup_p15_r03_v04_c04.mp4,p15,m,train,9
Walk_p11_r09_v06_c04.mp4,p11,f,test,30
Takepills_p12_r01_v05_c05.mp4,p12,f,train,26
Readbook_p12_r03_v02_c04.mp4,p12,f,train,24
Walk_p17_r09_v12_c03.mp4,p17,m,train,30
Drink.Fromcup_p19_r05_v11_c06.mp4,p19,f,train,9
Readbook_p02_r00_v05_c05.mp4,p02,f,test,24
Sitdown_p19_r03_v04_c05.mp4,p19,f,train,25
Uselaptop_p11_r02_v09_c01.mp4,p11,f,test,27
Walk_p20_r06_v13_c03.mp4,p20,f,test,30
Walk_p07_r08_v07_c04.mp4,p07,f,train,30
Drink.Fromcan_p04_r05_v03_c05.mp4,p04,f,train,8
Sitdown_p12_r13_v05_c05.mp4,p12,f,train,25
Walk_p03_r16_v02_c05.mp4,p03,m,train,30
Drink.Fromcan_p18_r04_v08_c05.mp4,p18,m,test,8
Walk_p25_r08_v09_c02.mp4,p25,f,train,30
Drink.Fromcup_p07_r04_v02_c05.mp4,p07,f,train,9
Eat.Attable_p07_r01_v08_c02.mp4,p07,f,train,11
Walk_p10_r00_v14_c06.mp4,p10,f,test,30
Readbook_p19_r01_v04_c05.mp4,p19,f,train,24
Takepills_p03_r04_v04_c05.mp4,p03,m,train,26
Takepills_p15_r00_v10_c02.mp4,p15,m,train,26
Drink.Fromcan_p14_r00_v12_c02.mp4,p14,m,test,8
Uselaptop_p25_r01_v04_c04.mp4,p25,f,train,27
WatchTV_p12_r17_v02_c05.mp4,p12,f,train,31
Cook.Stir_p11_r01_v13_c07.mp4,p11,f,test,4
Readbook_p03_r01_v06_c05.mp4,p03,m,train,24
Walk_p10_r02_v06_c05.mp4,p10,f,test,30
Readbook_p17_r03_v02_c04.mp4,p17,m,train,24
Walk_p17_r01_v11_c03.mp4,p17,m,train,30
WatchTV_p19_r18_v01_c05.mp4,p19,f,train,31
Walk_p02_r00_v03_c07.mp4,p02,f,test,30
Drink.Fromcup_p19_r00_v04_c05.mp4,p19,f,train,9
Drink.Fromcup_p19_r02_v04_c04.mp4,p19,f,train,9
Walk_p12_r05_v04_c05.mp4,p12,f,train,30
Walk_p09_r09_v13_c06.mp4,p09,m,train,30
Walk_p15_r08_v17_c06.mp4,p15,m,train,30
Walk_p25_r00_v03_c04.mp4,p25,f,train,30
Sitdown_p09_r01_v06_c04.mp4,p09,m,train,25
Walk_p25_r04_v03_c05.mp4,p25,f,train,30
Enter_p11_r01_v13_c07.mp4,p11,f,test,13
Eat.Attable_p06_r06_v07_c01.mp4,p06,f,train,11
Readbook_p03_r02_v05_c05.mp4,p03,m,train,24
Readbook_p04_r01_v01_c04.mp4,p04,f,train,24
Walk_p14_r13_v04_c05.mp4,p14,m,test,30
Usetelephone_p03_r00_v19_c05.mp4,p03,m,train,29
Sitdown_p14_r09_v05_c05.mp4,p14,m,test,25
Walk_p07_r02_v04_c07.mp4,p07,f,train,30
Readbook_p20_r00_v02_c04.mp4,p20,f,test,24
Sitdown_p06_r00_v05_c04.mp4,p06,f,train,25
Walk_p09_r00_v15_c07.mp4,p09,m,train,30
Drink.Fromcup_p14_r00_v07_c05.mp4,p14,m,test,9
Makecoffee.Pourgrains_p03_r00_v16_c06.mp4,p03,m,train,17
Walk_p03_r11_v12_c01.mp4,p03,m,train,30
WatchTV_p12_r07_v06_c05.mp4,p12,f,train,31
Walk_p19_r01_v02_c05.mp4,p19,f,train,30
Sitdown_p18_r00_v05_c05.mp4,p18,m,test,25
Walk_p17_r03_v04_c04.mp4,p17,m,train,30
Walk_p16_r31_v12_c06.mp4,p16,f,test,30
Readbook_p15_r01_v02_c04.mp4,p15,m,train,24
Drink.Fromcup_p19_r05_v02_c04.mp4,p19,f,train,9
Cutbread_p18_r00_v09_c01.mp4,p18,m,test,6
Drink.Fromcup_p12_r00_v12_c06.mp4,p12,f,train,9
Sitdown_p12_r00_v06_c05.mp4,p12,f,train,25
Readbook_p04_r05_v05_c05.mp4,p04,f,train,24
Cook.Stir_p15_r04_v16_c07.mp4,p15,m,train,4
Walk_p17_r01_v12_c03.mp4,p17,m,train,30
Drink.Fromcup_p13_r09_v19_c01.mp4,p13,f,train,9
Takepills_p09_r00_v06_c05.mp4,p09,m,train,26
Leave_p07_r00_v02_c05.mp4,p07,f,train,16
Walk_p04_r06_v14_c03.mp4,p04,f,train,30
Sitdown_p04_r01_v08_c02.mp4,p04,f,train,25
Eat.Attable_p06_r02_v07_c01.mp4,p06,f,train,11
Walk_p03_r15_v03_c04.mp4,p03,m,train,30
Getup_p14_r05_v04_c05.mp4,p14,m,test,14
Eat.Attable_p17_r06_v10_c02.mp4,p17,m,train,11
Takepills_p03_r08_v04_c05.mp4,p03,m,train,26
Drink.Fromcup_p04_r00_v06_c05.mp4,p04,f,train,9
Walk_p10_r07_v01_c05.mp4,p10,f,test,30
Walk_p15_r03_v08_c02.mp4,p15,m,train,30
Drink.Fromcup_p20_r02_v14_c07.mp4,p20,f,test,9
Usetelephone_p11_r00_v10_c01.mp4,p11,f,test,29
Leave_p07_r02_v04_c07.mp4,p07,f,train,16
Readbook_p02_r02_v17_c05.mp4,p02,f,test,24
Getup_p06_r05_v09_c01.mp4,p06,f,train,14
Drink.Fromcup_p14_r08_v05_c05.mp4,p14,m,test,9
Walk_p17_r24_v12_c06.mp4,p17,m,train,30
WatchTV_p16_r01_v02_c05.mp4,p16,f,test,31
Cook.Cleandishes_p18_r06_v13_c03.mp4,p18,m,test,1
Makecoffee.Pourgrains_p15_r00_v13_c06.mp4,p15,m,train,17
Readbook_p03_r01_v19_c04.mp4,p03,m,train,24
Cook.Cleandishes_p15_r02_v17_c03.mp4,p15,m,train,1
Walk_p13_r01_v21_c06.mp4,p13,f,train,30
Leave_p09_r00_v15_c07.mp4,p09,m,train,16
Walk_p14_r49_v05_c05.mp4,p14,m,test,30
Getup_p10_r09_v03_c05.mp4,p10,f,test,14
Drink.Fromcup_p16_r07_v12_c06.mp4,p16,f,test,9
Enter_p03_r00_v11_c02.mp4,p03,m,train,13
Walk_p25_r05_v12_c03.mp4,p25,f,train,30
Getup_p15_r03_v02_c04.mp4,p15,m,train,14
Enter_p17_r00_v11_c07.mp4,p17,m,train,13
Drink.Fromcup_p04_r03_v17_c07.mp4,p04,f,train,9
WatchTV_p17_r03_v02_c05.mp4,p17,m,train,31
Laydown_p10_r05_v03_c05.mp4,p10,f,test,15
Drink.Fromcup_p18_r06_v09_c01.mp4,p18,m,test,9
Drink.Fromcup_p25_r03_v09_c02.mp4,p25,f,train,9
Usetablet_p03_r00_v19_c04.mp4,p03,m,train,28
Laydown_p25_r04_v05_c04.mp4,p25,f,train,15
Walk_p02_r01_v08_c04.mp4,p02,f,test,30
Walk_p14_r10_v02_c05.mp4,p14,m,test,30
Usetelephone_p11_r00_v15_c01.mp4,p11,f,test,29
Leave_p15_r00_v17_c03.mp4,p15,m,train,16
Sitdown_p20_r04_v06_c04.mp4,p20,f,test,25
Cook.Cleandishes_p17_r08_v15_c03.mp4,p17,m,train,1
Pour.Frombottle_p14_r00_v03_c05.mp4,p14,m,test,21
Walk_p02_r04_v16_c06.mp4,p02,f,test,30
Walk_p14_r23_v02_c05.mp4,p14,m,test,30
Leave_p15_r00_v07_c04.mp4,p15,m,train,16
Walk_p16_r03_v14_c07.mp4,p16,f,test,30
Usetelephone_p14_r04_v01_c04.mp4,p14,m,test,29
Drink.Fromcup_p04_r05_v15_c07.mp4,p04,f,train,9
Laydown_p25_r03_v05_c05.mp4,p25,f,train,15
Getup_p17_r00_v09_c01.mp4,p17,m,train,14
Walk_p12_r08_v13_c07.mp4,p12,f,train,30
Walk_p11_r11_v06_c04.mp4,p11,f,test,30
Walk_p15_r00_v15_c07.mp4,p15,m,train,30
Takepills_p04_r09_v04_c04.mp4,p04,f,train,26
Drink.Fromcup_p04_r04_v16_c06.mp4,p04,f,train,9
Enter_p06_r02_v05_c04.mp4,p06,f,train,13
Getup_p20_r00_v04_c04.mp4,p20,f,test,14
Walk_p03_r04_v03_c04.mp4,p03,m,train,30
Walk_p14_r12_v07_c04.mp4,p14,m,test,30
Drink.Fromcup_p12_r07_v07_c04.mp4,p12,f,train,9
Cook.Stir_p04_r01_v17_c07.mp4,p04,f,train,4
Drink.Fromcup_p19_r02_v03_c04.mp4,p19,f,train,9
Cook.Cleanup_p06_r01_v13_c06.mp4,p06,f,train,2
WatchTV_p20_r09_v05_c05.mp4,p20,f,test,31
Walk_p12_r11_v05_c05.mp4,p12,f,train,30
Walk_p17_r08_v05_c05.mp4,p17,m,train,30
Readbook_p15_r01_v07_c05.mp4,p15,m,train,24
Sitdown_p02_r01_v07_c05.mp4,p02,f,test,25
Drink.Fromcup_p17_r04_v14_c03.mp4,p17,m,train,9
Enter_p09_r00_v13_c03.mp4,p09,m,train,13
Walk_p17_r01_v11_c07.mp4,p17,m,train,30
Walk_p16_r06_v12_c07.mp4,p16,f,test,30
Walk_p14_r36_v05_c05.mp4,p14,m,test,30
Walk_p25_r05_v06_c05.mp4,p25,f,train,30
Sitdown_p12_r00_v01_c04.mp4,p12,f,train,25
Drink.Fromcup_p15_r04_v12_c01.mp4,p15,m,train,9
WatchTV_p25_r03_v01_c04.mp4,p25,f,train,31
Cook.Cut_p17_r03_v14_c03.mp4,p17,m,train,3
Cook.Cut_p09_r00_v12_c06.mp4,p09,m,train,3
Cook.Stir_p10_r06_v12_c03.mp4,p10,f,test,4
Drink.Fromcup_p15_r00_v04_c05.mp4,p15,m,train,9
Drink.Fromcup_p13_r08_v20_c07.mp4,p13,f,train,9
Walk_p14_r14_v08_c04.mp4,p14,m,test,30
Drink.Fromcup_p12_r03_v07_c05.mp4,p12,f,train,9
Getup_p14_r03_v11_c02.mp4,p14,m,test,14
Getup_p11_r01_v09_c01.mp4,p11,f,test,14
Eat.Snack_p10_r01_v13_c03.mp4,p10,f,test,12
Sitdown_p19_r00_v10_c02.mp4,p19,f,train,25
Cook.Stir_p09_r11_v12_c07.mp4,p09,m,train,4
Drink.Fromcup_p04_r03_v08_c01.mp4,p04,f,train,9
Walk_p25_r21_v04_c05.mp4,p25,f,train,30
Eat.Attable_p02_r20_v11_c01.mp4,p02,f,test,11
Enter_p19_r00_v05_c05.mp4,p19,f,train,13
Getup_p12_r03_v03_c04.mp4,p12,f,train,14
Enter_p16_r00_v05_c04.mp4,p16,f,test,13
Drink.Fromcup_p06_r04_v08_c02.mp4,p06,f,train,9
Drink.Fromcup_p12_r02_v02_c05.mp4,p12,f,train,9
Walk_p04_r06_v14_c07.mp4,p04,f,train,30
Getup_p09_r05_v06_c05.mp4,p09,m,train,14
Walk_p15_r06_v11_c02.mp4,p15,m,train,30
Uselaptop_p14_r00_v13_c01.mp4,p14,m,test,27
Walk_p03_r30_v02_c05.mp4,p03,m,train,30
Drink.Fromcup_p19_r04_v11_c03.mp4,p19,f,train,9
Leave_p06_r00_v14_c01.mp4,p06,f,train,16
Drink.Fromcup_p02_r00_v17_c05.mp4,p02,f,test,9
Readbook_p13_r00_v25_c05.mp4,p13,f,train,24
Readbook_p16_r09_v02_c05.mp4,p16,f,test,24
Walk_p20_r04_v05_c05.mp4,p20,f,test,30
Laydown_p18_r01_v06_c04.mp4,p18,m,test,15
Drink.Fromcup_p13_r06_v11_c02.mp4,p13,f,train,9
Eat.Attable_p13_r24_v08_c02.mp4,p13,f,train,11
Uselaptop_p12_r00_v05_c04.mp4,p12,f,train,27
Walk_p06_r12_v13_c06.mp4,p06,f,train,30
WatchTV_p02_r07_v05_c04.mp4,p02,f,test,31
Usetelephone_p10_r00_v05_c04.mp4,p10,f,test,29
Drink.Fromcup_p03_r14_v04_c04.mp4,p03,m,train,9
Drink.Fromcan_p12_r02_v03_c05.mp4,p12,f,train,8
WatchTV_p10_r01_v01_c04.mp4,p10,f,test,31
Walk_p15_r02_v14_c07.mp4,p15,m,train,30
Readbook_p17_r00_v02_c05.mp4,p17,m,train,24
Sitdown_p14_r12_v06_c04.mp4,p14,m,test,25
Cook.Cleandishes_p04_r02_v14_c03.mp4,p04,f,train,1
Eat.Attable_p02_r14_v11_c02.mp4,p02,f,test,11
WatchTV_p06_r03_v04_c05.mp4,p06,f,train,31
Walk_p19_r12_v05_c05.mp4,p19,f,train,30
Enter_p06_r00_v13_c07.mp4,p06,f,train,13
Getup_p03_r03_v06_c05.mp4,p03,m,train,14
Walk_p03_r15_v03_c05.mp4,p03,m,train,30
Walk_p10_r12_v13_c03.mp4,p10,f,test,30
Drink.Fromcup_p07_r00_v22_c06.mp4,p07,f,train,9
Eat.Attable_p13_r06_v19_c01.mp4,p13,f,train,11
Drink.Fromcan_p06_r00_v11_c01.mp4,p06,f,train,8
Walk_p04_r09_v17_c06.mp4,p04,f,train,30
Cook.Cleandishes_p07_r04_v06_c03.mp4,p07,f,train,1
Drink.Fromcan_p14_r04_v04_c04.mp4,p14,m,test,8
Walk_p02_r09_v01_c07.mp4,p02,f,test,30
WatchTV_p09_r03_v07_c05.mp4,p09,m,train,31
Readbook_p25_r09_v14_c07.mp4,p25,f,train,24
Walk_p07_r00_v05_c05.mp4,p07,f,train,30
Walk_p12_r06_v05_c04.mp4,p12,f,train,30
Cook.Cleandishes_p03_r13_v18_c06.mp4,p03,m,train,1
Walk_p25_r00_v17_c02.mp4,p25,f,train,30
Sitdown_p10_r06_v05_c04.mp4,p10,f,test,25
Walk_p14_r10_v07_c04.mp4,p14,m,test,30
Getup_p04_r00_v13_c01.mp4,p04,f,train,14
Walk_p18_r01_v03_c05.mp4,p18,m,test,30
Sitdown_p04_r02_v08_c01.mp4,p04,f,train,25
Walk_p15_r14_v16_c07.mp4,p15,m,train,30
Walk_p14_r05_v15_c07.mp4,p14,m,test,30
Pour.Frombottle_p03_r04_v06_c05.mp4,p03,m,train,21
Eat.Snack_p12_r01_v13_c06.mp4,p12,f,train,12
Walk_p25_r25_v14_c06.mp4,p25,f,train,30
Walk_p02_r11_v02_c03.mp4,p02,f,test,30
Laydown_p03_r02_v06_c04.mp4,p03,m,train,15
Cook.Cut_p10_r00_v12_c07.mp4,p10,f,test,3
Enter_p25_r01_v06_c04.mp4,p25,f,train,13
Laydown_p10_r03_v03_c04.mp4,p10,f,test,15
Cook.Stir_p09_r13_v12_c07.mp4,p09,m,train,4
Walk_p02_r00_v12_c02.mp4,p02,f,test,30
Walk_p18_r04_v08_c05.mp4,p18,m,test,30
Cook.Cleanup_p07_r03_v22_c03.mp4,p07,f,train,2
Drink.Fromcan_p12_r01_v05_c04.mp4,p12,f,train,8
Cook.Stir_p02_r15_v14_c06.mp4,p02,f,test,4
Walk_p15_r09_v08_c02.mp4,p15,m,train,30
Cook.Stir_p09_r13_v12_c03.mp4,p09,m,train,4
Drink.Fromcup_p14_r08_v09_c01.mp4,p14,m,test,9
Drink.Fromcan_p25_r02_v06_c05.mp4,p25,f,train,8
Readbook_p12_r03_v01_c04.mp4,p12,f,train,24
Readbook_p16_r07_v09_c02.mp4,p16,f,test,24
Eat.Attable_p17_r01_v10_c02.mp4,p17,m,train,11
Readbook_p04_r09_v08_c01.mp4,p04,f,train,24
Getup_p12_r07_v14_c05.mp4,p12,f,train,14
Walk_p07_r04_v21_c07.mp4,p07,f,train,30
Eat.Attable_p04_r03_v12_c01.mp4,p04,f,train,11
Readbook_p11_r13_v01_c04.mp4,p11,f,test,24
Drink.Fromcup_p06_r06_v03_c05.mp4,p06,f,train,9
Walk_p04_r04_v07_c05.mp4,p04,f,train,30
Cook.Cleandishes_p09_r02_v12_c03.mp4,p09,m,train,1
Cook.Usestove_p09_r02_v12_c03.mp4,p09,m,train,5
Walk_p16_r01_v01_c05.mp4,p16,f,test,30
Maketea.Boilwater_p15_r03_v14_c06.mp4,p15,m,train,19
Eat.Attable_p16_r28_v06_c01.mp4,p16,f,test,11
Drink.Fromcan_p06_r06_v11_c01.mp4,p06,f,train,8
Drink.Fromcan_p25_r03_v06_c05.mp4,p25,f,train,8
Walk_p19_r13_v08_c02.mp4,p19,f,train,30
Leave_p06_r01_v12_c03.mp4,p06,f,train,16
Walk_p18_r06_v09_c02.mp4,p18,m,test,30
Walk_p17_r06_v04_c05.mp4,p17,m,train,30
Makecoffee.Pourwater_p10_r00_v13_c06.mp4,p10,f,test,18
Walk_p14_r45_v05_c05.mp4,p14,m,test,30
Sitdown_p09_r01_v01_c04.mp4,p09,m,train,25
Drink.Fromcup_p03_r00_v15_c06.mp4,p03,m,train,9
Eat.Attable_p09_r31_v08_c01.mp4,p09,m,train,11
Readbook_p17_r12_v08_c01.mp4,p17,m,train,24
Cook.Cut_p04_r02_v17_c07.mp4,p04,f,train,3
Cutbread_p04_r00_v08_c01.mp4,p04,f,train,6
Cook.Cleandishes_p04_r01_v17_c03.mp4,p04,f,train,1
Cook.Cleandishes_p10_r06_v14_c03.mp4,p10,f,test,1
Usetelephone_p03_r00_v15_c07.mp4,p03,m,train,29
Cook.Cut_p17_r07_v14_c06.mp4,p17,m,train,3
Drink.Fromcup_p13_r00_v25_c04.mp4,p13,f,train,9
Sitdown_p19_r02_v10_c01.mp4,p19,f,train,25
Uselaptop_p19_r01_v03_c05.mp4,p19,f,train,27
Drink.Fromcup_p14_r07_v09_c01.mp4,p14,m,test,9
Drink.Fromcup_p20_r07_v13_c07.mp4,p20,f,test,9
Eat.Attable_p16_r24_v06_c02.mp4,p16,f,test,11
Drink.Fromcup_p19_r04_v07_c01.mp4,p19,f,train,9
Drink.Frombottle_p10_r01_v05_c05.mp4,p10,f,test,7
Eat.Attable_p04_r00_v08_c02.mp4,p04,f,train,11
Sitdown_p11_r01_v04_c04.mp4,p11,f,test,25
Walk_p04_r12_v16_c03.mp4,p04,f,train,30
Readbook_p16_r15_v06_c02.mp4,p16,f,test,24
Sitdown_p03_r05_v12_c01.mp4,p03,m,train,25
Walk_p16_r04_v15_c07.mp4,p16,f,test,30
Walk_p02_r08_v14_c03.mp4,p02,f,test,30
Eat.Attable_p17_r08_v10_c01.mp4,p17,m,train,11
Walk_p13_r06_v21_c03.mp4,p13,f,train,30
Walk_p11_r18_v05_c04.mp4,p11,f,test,30
Drink.Fromcup_p25_r07_v09_c02.mp4,p25,f,train,9
Takepills_p17_r00_v09_c01.mp4,p17,m,train,26
Getup_p10_r07_v06_c05.mp4,p10,f,test,14
Cook.Cut_p16_r01_v15_c07.mp4,p16,f,test,3
Walk_p15_r10_v04_c04.mp4,p15,m,train,30
Eat.Snack_p09_r00_v13_c07.mp4,p09,m,train,12
Walk_p02_r34_v09_c05.mp4,p02,f,test,30
Walk_p02_r07_v02_c07.mp4,p02,f,test,30
Drink.Fromcup_p20_r00_v08_c01.mp4,p20,f,test,9
Walk_p12_r03_v03_c05.mp4,p12,f,train,30
Eat.Snack_p11_r04_v13_c03.mp4,p11,f,test,12
Walk_p13_r09_v23_c06.mp4,p13,f,train,30
Enter_p12_r01_v07_c04.mp4,p12,f,train,13
Walk_p11_r01_v06_c04.mp4,p11,f,test,30
Readbook_p12_r06_v01_c04.mp4,p12,f,train,24
Getup_p15_r00_v04_c05.mp4,p15,m,train,14
Drink.Fromcup_p16_r03_v08_c02.mp4,p16,f,test,9
Drink.Fromcan_p04_r08_v03_c05.mp4,p04,f,train,8
Walk_p07_r02_v10_c01.mp4,p07,f,train,30
Walk_p13_r01_v24_c05.mp4,p13,f,train,30
Drink.Fromcan_p12_r02_v03_c04.mp4,p12,f,train,8
Eat.Attable_p14_r10_v09_c02.mp4,p14,m,test,11
Drink.Fromcup_p10_r04_v02_c05.mp4,p10,f,test,9
Takepills_p14_r01_v13_c02.mp4,p14,m,test,26
Walk_p14_r12_v08_c04.mp4,p14,m,test,30
Walk_p15_r06_v17_c06.mp4,p15,m,train,30
Walk_p19_r04_v13_c06.mp4,p19,f,train,30
Walk_p02_r05_v01_c06.mp4,p02,f,test,30
Getup_p14_r02_v04_c05.mp4,p14,m,test,14
Cook.Cleanup_p03_r07_v18_c07.mp4,p03,m,train,2
Drink.Fromcup_p10_r04_v02_c04.mp4,p10,f,test,9
Cook.Cleanup_p17_r02_v15_c03.mp4,p17,m,train,2
Walk_p13_r20_v25_c04.mp4,p13,f,train,30
Readbook_p02_r03_v04_c04.mp4,p02,f,test,24
Enter_p07_r00_v22_c06.mp4,p07,f,train,13
Sitdown_p14_r03_v02_c05.mp4,p14,m,test,25
Walk_p02_r00_v03_c03.mp4,p02,f,test,30
Drink.Fromcup_p15_r03_v12_c02.mp4,p15,m,train,9
Walk_p04_r03_v15_c06.mp4,p04,f,train,30
Walk_p02_r07_v14_c06.mp4,p02,f,test,30
Eat.Attable_p06_r09_v07_c02.mp4,p06,f,train,11
Usetablet_p03_r01_v06_c04.mp4,p03,m,train,28
WatchTV_p09_r03_v04_c04.mp4,p09,m,train,31
Eat.Attable_p16_r17_v06_c02.mp4,p16,f,test,11
Walk_p15_r10_v02_c05.mp4,p15,m,train,30
Cook.Cleandishes_p25_r01_v16_c03.mp4,p25,f,train,1
Cook.Cut_p19_r02_v12_c06.mp4,p19,f,train,3
Walk_p06_r08_v13_c06.mp4,p06,f,train,30
Drink.Fromcup_p19_r14_v01_c05.mp4,p19,f,train,9
Sitdown_p06_r02_v06_c05.mp4,p06,f,train,25
Readbook_p04_r11_v08_c01.mp4,p04,f,train,24
Walk_p20_r00_v15_c07.mp4,p20,f,test,30
Takepills_p03_r05_v04_c05.mp4,p03,m,train,26
Cook.Stir_p17_r04_v15_c03.mp4,p17,m,train,4
Getup_p17_r00_v01_c04.mp4,p17,m,train,14
WatchTV_p09_r00_v07_c05.mp4,p09,m,train,31
Usetelephone_p03_r02_v06_c05.mp4,p03,m,train,29
Pour.Frombottle_p19_r01_v05_c04.mp4,p19,f,train,21
Drink.Frombottle_p10_r02_v01_c04.mp4,p10,f,test,7
Eat.Attable_p04_r05_v12_c02.mp4,p04,f,train,11
Sitdown_p07_r01_v05_c05.mp4,p07,f,train,25
Walk_p14_r27_v06_c05.mp4,p14,m,test,30
Walk_p02_r11_v01_c06.mp4,p02,f,test,30
Pour.Frombottle_p07_r00_v21_c06.mp4,p07,f,train,21
Usetelephone_p15_r01_v16_c06.mp4,p15,m,train,29
Enter_p07_r02_v06_c05.mp4,p07,f,train,13
Cook.Stir_p16_r00_v14_c06.mp4,p16,f,test,4
Cook.Cleanup_p04_r02_v18_c06.mp4,p04,f,train,2
Walk_p03_r23_v02_c05.mp4,p03,m,train,30
Walk_p19_r10_v10_c02.mp4,p19,f,train,30
Drink.Fromcup_p12_r08_v07_c04.mp4,p12,f,train,9
Drink.Fromcup_p09_r00_v08_c01.mp4,p09,m,train,9
Drink.Fromcup_p13_r05_v20_c03.mp4,p13,f,train,9
Takepills_p11_r00_v03_c04.mp4,p11,f,test,26
Getup_p10_r11_v07_c05.mp4,p10,f,test,14
Getup_p25_r00_v11_c01.mp4,p25,f,train,14
Cook.Cleandishes_p15_r00_v14_c03.mp4,p15,m,train,1
Walk_p07_r07_v21_c06.mp4,p07,f,train,30
Walk_p12_r04_v06_c05.mp4,p12,f,train,30
Drink.Fromcup_p14_r05_v03_c04.mp4,p14,m,test,9
Drink.Frombottle_p13_r02_v03_c04.mp4,p13,f,train,7
WatchTV_p04_r03_v04_c05.mp4,p04,f,train,31
Walk_p15_r05_v16_c06.mp4,p15,m,train,30
Pour.Fromkettle_p07_r00_v22_c06.mp4,p07,f,train,23
Eat.Attable_p07_r02_v08_c01.mp4,p07,f,train,11
Uselaptop_p10_r10_v10_c01.mp4,p10,f,test,27
Getup_p19_r02_v03_c04.mp4,p19,f,train,14
Drink.Fromcup_p20_r01_v02_c05.mp4,p20,f,test,9
Walk_p15_r01_v14_c07.mp4,p15,m,train,30
Walk_p12_r12_v07_c04.mp4,p12,f,train,30
Walk_p17_r05_v15_c03.mp4,p17,m,train,30
WatchTV_p10_r00_v05_c05.mp4,p10,f,test,31
Cook.Stir_p09_r09_v13_c03.mp4,p09,m,train,4
WatchTV_p20_r12_v02_c05.mp4,p20,f,test,31
WatchTV_p03_r03_v08_c04.mp4,p03,m,train,31
Sitdown_p17_r03_v08_c02.mp4,p17,m,train,25
Pour.Frombottle_p06_r01_v02_c05.mp4,p06,f,train,21
Walk_p03_r04_v07_c04.mp4,p03,m,train,30
Cook.Stir_p09_r08_v13_c06.mp4,p09,m,train,4
Drink.Fromcup_p14_r10_v05_c05.mp4,p14,m,test,9
Eat.Attable_p13_r21_v09_c01.mp4,p13,f,train,11
Uselaptop_p02_r09_v12_c02.mp4,p02,f,test,27
Getup_p09_r03_v11_c01.mp4,p09,m,train,14
Cook.Cut_p11_r01_v13_c07.mp4,p11,f,test,3
Cook.Cleanup_p04_r00_v15_c06.mp4,p04,f,train,2
Sitdown_p09_r00_v02_c04.mp4,p09,m,train,25
Drink.Frombottle_p06_r01_v10_c01.mp4,p06,f,train,7
Leave_p07_r01_v05_c05.mp4,p07,f,train,16
Eat.Attable_p16_r11_v06_c01.mp4,p16,f,test,11
Walk_p11_r01_v02_c04.mp4,p11,f,test,30
Readbook_p25_r00_v02_c04.mp4,p25,f,train,24
Cook.Cleanup_p10_r04_v12_c06.mp4,p10,f,test,2
Drink.Fromcup_p09_r01_v15_c07.mp4,p09,m,train,9
Drink.Fromcup_p17_r01_v04_c05.mp4,p17,m,train,9
Cook.Cleandishes_p03_r07_v18_c03.mp4,p03,m,train,1
Laydown_p14_r07_v02_c05.mp4,p14,m,test,15
Readbook_p18_r02_v01_c04.mp4,p18,m,test,24
Drink.Fromcup_p14_r00_v04_c04.mp4,p14,m,test,9
Walk_p07_r01_v09_c01.mp4,p07,f,train,30
Enter_p07_r02_v04_c07.mp4,p07,f,train,13
Uselaptop_p19_r06_v10_c01.mp4,p19,f,train,27
Sitdown_p20_r04_v05_c04.mp4,p20,f,test,25
Getup_p12_r09_v14_c05.mp4,p12,f,train,14
Makecoffee.Pourwater_p15_r00_v13_c06.mp4,p15,m,train,18
Drink.Fromcup_p03_r00_v10_c01.mp4,p03,m,train,9
Getup_p14_r15_v07_c05.mp4,p14,m,test,14
Walk_p15_r10_v09_c02.mp4,p15,m,train,30
Cook.Cleanup_p10_r00_v14_c06.mp4,p10,f,test,2
Drink.Fromcan_p04_r10_v03_c05.mp4,p04,f,train,8
WatchTV_p14_r02_v08_c05.mp4,p14,m,test,31
Drink.Fromcup_p04_r04_v16_c03.mp4,p04,f,train,9
Eat.Attable_p20_r10_v08_c01.mp4,p20,f,test,11
Uselaptop_p13_r00_v24_c05.mp4,p13,f,train,27
Drink.Fromcup_p16_r03_v14_c06.mp4,p16,f,test,9
Getup_p10_r11_v03_c05.mp4,p10,f,test,14
Drink.Fromcup_p13_r06_v21_c06.mp4,p13,f,train,9
Drink.Fromcup_p03_r04_v10_c02.mp4,p03,m,train,9
Uselaptop_p14_r01_v05_c05.mp4,p14,m,test,27
Sitdown_p04_r02_v06_c04.mp4,p04,f,train,25
Getup_p07_r01_v06_c05.mp4,p07,f,train,14
Drink.Frombottle_p15_r02_v10_c01.mp4,p15,m,train,7
Eat.Attable_p13_r22_v09_c01.mp4,p13,f,train,11
Getup_p03_r01_v12_c02.mp4,p03,m,train,14
Walk_p11_r00_v11_c07.mp4,p11,f,test,30
Drink.Fromcan_p18_r08_v08_c05.mp4,p18,m,test,8
Cook.Cleandishes_p10_r04_v13_c03.mp4,p10,f,test,1
Cook.Cut_p15_r00_v15_c06.mp4,p15,m,train,3
Drink.Fromcan_p06_r04_v11_c02.mp4,p06,f,train,8
Drink.Fromcup_p15_r08_v08_c02.mp4,p15,m,train,9
Drink.Fromcup_p18_r07_v12_c02.mp4,p18,m,test,9
Enter_p06_r02_v12_c07.mp4,p06,f,train,13
Pour.Frombottle_p17_r01_v04_c04.mp4,p17,m,train,21
WatchTV_p14_r04_v07_c05.mp4,p14,m,test,31
Leave_p15_r00_v04_c04.mp4,p15,m,train,16
Getup_p19_r02_v05_c05.mp4,p19,f,train,14
Walk_p04_r05_v15_c07.mp4,p04,f,train,30
Pour.Fromkettle_p09_r00_v14_c03.mp4,p09,m,train,23
Drink.Frombottle_p04_r21_v04_c05.mp4,p04,f,train,7
Takepills_p17_r00_v09_c02.mp4,p17,m,train,26
Enter_p09_r02_v08_c01.mp4,p09,m,train,13
WatchTV_p12_r15_v14_c05.mp4,p12,f,train,31
Getup_p04_r01_v10_c01.mp4,p04,f,train,14
Drink.Fromcup_p17_r00_v11_c06.mp4,p17,m,train,9
Pour.Fromcan_p03_r01_v18_c06.mp4,p03,m,train,22
Pour.Fromkettle_p19_r00_v11_c06.mp4,p19,f,train,23
Walk_p13_r08_v10_c02.mp4,p13,f,train,30
Leave_p09_r02_v08_c01.mp4,p09,m,train,16
Sitdown_p19_r05_v10_c01.mp4,p19,f,train,25
Sitdown_p10_r00_v07_c05.mp4,p10,f,test,25
Walk_p14_r11_v05_c05.mp4,p14,m,test,30
Cook.Stir_p15_r08_v16_c07.mp4,p15,m,train,4
Cook.Cleanup_p03_r05_v18_c06.mp4,p03,m,train,2
Sitdown_p06_r05_v10_c02.mp4,p06,f,train,25
Eat.Attable_p19_r09_v07_c01.mp4,p19,f,train,11
Drink.Frombottle_p10_r00_v05_c04.mp4,p10,f,test,7
Drink.Fromcup_p12_r04_v03_c04.mp4,p12,f,train,9
Cook.Cleanup_p09_r01_v13_c03.mp4,p09,m,train,2
Sitdown_p25_r01_v09_c01.mp4,p25,f,train,25
Drink.Fromcup_p06_r01_v07_c01.mp4,p06,f,train,9
Walk_p07_r00_v06_c03.mp4,p07,f,train,30
Cook.Stir_p13_r08_v23_c03.mp4,p13,f,train,4
Uselaptop_p14_r01_v02_c05.mp4,p14,m,test,27
Walk_p16_r24_v12_c06.mp4,p16,f,test,30
Eat.Snack_p09_r08_v13_c03.mp4,p09,m,train,12
Cook.Cleanup_p06_r03_v13_c03.mp4,p06,f,train,2
Walk_p06_r07_v13_c07.mp4,p06,f,train,30
Walk_p17_r04_v07_c02.mp4,p17,m,train,30
Walk_p15_r00_v03_c04.mp4,p15,m,train,30
Readbook_p03_r05_v02_c04.mp4,p03,m,train,24
Eat.Attable_p02_r00_v11_c01.mp4,p02,f,test,11
Readbook_p04_r01_v08_c01.mp4,p04,f,train,24
Drink.Fromcup_p09_r01_v03_c04.mp4,p09,m,train,9
Cook.Cleanup_p04_r03_v18_c06.mp4,p04,f,train,2
Uselaptop_p18_r01_v03_c05.mp4,p18,m,test,27
Sitdown_p14_r03_v04_c04.mp4,p14,m,test,25
Walk_p17_r26_v12_c06.mp4,p17,m,train,30
Eat.Snack_p15_r01_v14_c06.mp4,p15,m,train,12
Takepills_p17_r03_v09_c02.mp4,p17,m,train,26
WatchTV_p14_r01_v08_c05.mp4,p14,m,test,31
Sitdown_p19_r01_v05_c04.mp4,p19,f,train,25
Drink.Fromcup_p04_r01_v17_c03.mp4,p04,f,train,9
Drink.Fromcup_p25_r03_v14_c03.mp4,p25,f,train,9
Uselaptop_p04_r01_v03_c05.mp4,p04,f,train,27
Usetelephone_p14_r00_v04_c05.mp4,p14,m,test,29
Walk_p12_r23_v04_c05.mp4,p12,f,train,30
Readbook_p12_r05_v06_c04.mp4,p12,f,train,24
Usetelephone_p13_r01_v12_c01.mp4,p13,f,train,29
Drink.Fromcan_p18_r07_v08_c04.mp4,p18,m,test,8
Usetelephone_p14_r00_v01_c05.mp4,p14,m,test,29
Takepills_p17_r01_v05_c05.mp4,p17,m,train,26
Sitdown_p03_r20_v04_c05.mp4,p03,m,train,25
Walk_p04_r12_v17_c03.mp4,p04,f,train,30
Walk_p15_r06_v16_c06.mp4,p15,m,train,30
Drink.Fromcup_p02_r06_v04_c05.mp4,p02,f,test,9
Drink.Fromcan_p07_r01_v03_c05.mp4,p07,f,train,8
Drink.Fromcup_p15_r00_v01_c05.mp4,p15,m,train,9
Cook.Stir_p19_r06_v12_c03.mp4,p19,f,train,4
Readbook_p03_r04_v03_c04.mp4,p03,m,train,24
Eat.Attable_p18_r01_v09_c01.mp4,p18,m,test,11
Leave_p17_r01_v05_c04.mp4,p17,m,train,16
WatchTV_p10_r05_v03_c05.mp4,p10,f,test,31
Walk_p10_r03_v06_c05.mp4,p10,f,test,30
Walk_p04_r10_v16_c07.mp4,p04,f,train,30
Readbook_p12_r00_v02_c04.mp4,p12,f,train,24
Drink.Fromcup_p04_r00_v15_c07.mp4,p04,f,train,9
Drink.Fromcup_p18_r02_v09_c01.mp4,p18,m,test,9
Enter_p06_r01_v13_c03.mp4,p06,f,train,13
Drink.Fromcan_p03_r00_v08_c05.mp4,p03,m,train,8
Walk_p18_r04_v01_c05.mp4,p18,m,test,30
Walk_p12_r21_v04_c05.mp4,p12,f,train,30
Getup_p06_r03_v09_c02.mp4,p06,f,train,14
Drink.Fromcup_p19_r08_v01_c05.mp4,p19,f,train,9
Walk_p03_r00_v02_c05.mp4,p03,m,train,30
Takepills_p17_r01_v15_c03.mp4,p17,m,train,26
Walk_p03_r15_v13_c02.mp4,p03,m,train,30
WatchTV_p19_r01_v05_c05.mp4,p19,f,train,31
Walk_p03_r03_v02_c04.mp4,p03,m,train,30
Walk_p17_r13_v05_c05.mp4,p17,m,train,30
Enter_p02_r01_v07_c04.mp4,p02,f,test,13
Walk_p17_r01_v13_c06.mp4,p17,m,train,30
Getup_p20_r02_v07_c05.mp4,p20,f,test,14
Drink.Fromcup_p14_r06_v09_c02.mp4,p14,m,test,9
Usetelephone_p03_r03_v12_c01.mp4,p03,m,train,29
Drink.Fromcup_p15_r00_v08_c01.mp4,p15,m,train,9
Drink.Fromcup_p10_r11_v02_c05.mp4,p10,f,test,9
Cook.Stir_p20_r00_v16_c07.mp4,p20,f,test,4
Readbook_p12_r07_v02_c05.mp4,p12,f,train,24
Walk_p19_r18_v01_c05.mp4,p19,f,train,30
Readbook_p14_r00_v01_c04.mp4,p14,m,test,24
Walk_p10_r11_v13_c07.mp4,p10,f,test,30
Cook.Stir_p17_r08_v14_c07.mp4,p17,m,train,4
Walk_p18_r00_v01_c05.mp4,p18,m,test,30
Drink.Fromcup_p07_r10_v08_c02.mp4,p07,f,train,9
Readbook_p03_r01_v11_c01.mp4,p03,m,train,24
Drink.Fromglass_p13_r02_v06_c04.mp4,p13,f,train,10
Cook.Stir_p02_r12_v14_c06.mp4,p02,f,test,4
Getup_p10_r05_v05_c05.mp4,p10,f,test,14
Drink.Fromcan_p04_r08_v03_c04.mp4,p04,f,train,8
Drink.Fromglass_p03_r00_v18_c06.mp4,p03,m,train,10
Cook.Stir_p09_r18_v12_c07.mp4,p09,m,train,4
Getup_p12_r08_v06_c04.mp4,p12,f,train,14
Cook.Cleanup_p15_r00_v13_c03.mp4,p15,m,train,2
Drink.Fromcup_p13_r09_v21_c07.mp4,p13,f,train,9
Walk_p12_r02_v13_c06.mp4,p12,f,train,30
Walk_p04_r02_v04_c04.mp4,p04,f,train,30
Drink.Fromcup_p17_r02_v05_c05.mp4,p17,m,train,9
Walk_p06_r03_v12_c03.mp4,p06,f,train,30
Uselaptop_p13_r01_v07_c04.mp4,p13,f,train,27
Readbook_p11_r01_v14_c01.mp4,p11,f,test,24
Eat.Attable_p20_r03_v08_c01.mp4,p20,f,test,11
Uselaptop_p12_r01_v07_c05.mp4,p12,f,train,27
Walk_p03_r06_v04_c05.mp4,p03,m,train,30
Walk_p16_r06_v14_c07.mp4,p16,f,test,30
Drink.Fromcup_p10_r03_v03_c04.mp4,p10,f,test,9
Walk_p03_r32_v04_c05.mp4,p03,m,train,30
Drink.Fromcup_p25_r05_v14_c03.mp4,p25,f,train,9
Walk_p17_r00_v11_c07.mp4,p17,m,train,30
Leave_p10_r02_v06_c04.mp4,p10,f,test,16
WatchTV_p07_r08_v06_c05.mp4,p07,f,train,31
Readbook_p02_r10_v05_c04.mp4,p02,f,test,24
Drink.Fromcan_p12_r03_v07_c04.mp4,p12,f,train,8
Walk_p03_r07_v15_c07.mp4,p03,m,train,30
WatchTV_p07_r04_v03_c05.mp4,p07,f,train,31
Cook.Cleandishes_p10_r04_v11_c03.mp4,p10,f,test,1
Sitdown_p03_r02_v13_c02.mp4,p03,m,train,25
Walk_p14_r01_v03_c05.mp4,p14,m,test,30
Drink.Fromcup_p06_r03_v02_c04.mp4,p06,f,train,9
Cook.Cut_p09_r00_v12_c07.mp4,p09,m,train,3
Usetelephone_p04_r00_v10_c02.mp4,p04,f,train,29
Sitdown_p20_r03_v09_c01.mp4,p20,f,test,25
Walk_p11_r19_v04_c04.mp4,p11,f,test,30
Getup_p15_r00_v01_c04.mp4,p15,m,train,14
Getup_p04_r05_v04_c05.mp4,p04,f,train,14
Readbook_p16_r01_v03_c05.mp4,p16,f,test,24
Takepills_p02_r01_v15_c06.mp4,p02,f,test,26
Drink.Fromcup_p02_r05_v11_c01.mp4,p02,f,test,9
Walk_p02_r09_v02_c03.mp4,p02,f,test,30
Walk_p25_r16_v05_c05.mp4,p25,f,train,30
Walk_p17_r00_v11_c03.mp4,p17,m,train,30
Takepills_p04_r07_v04_c05.mp4,p04,f,train,26
Walk_p04_r07_v16_c03.mp4,p04,f,train,30
Drink.Fromcan_p14_r02_v08_c05.mp4,p14,m,test,8
Maketea.Boilwater_p15_r00_v17_c06.mp4,p15,m,train,19
Walk_p17_r02_v04_c05.mp4,p17,m,train,30
Drink.Fromcup_p13_r01_v11_c01.mp4,p13,f,train,9
Enter_p02_r01_v02_c07.mp4,p02,f,test,13
Readbook_p16_r05_v02_c04.mp4,p16,f,test,24
Eat.Snack_p12_r02_v06_c05.mp4,p12,f,train,12
Walk_p25_r19_v04_c05.mp4,p25,f,train,30
Eat.Attable_p07_r14_v08_c02.mp4,p07,f,train,11
Cook.Usestove_p04_r00_v17_c03.mp4,p04,f,train,5
Uselaptop_p10_r04_v02_c04.mp4,p10,f,test,27
Laydown_p11_r01_v02_c04.mp4,p11,f,test,15
Sitdown_p09_r07_v03_c04.mp4,p09,m,train,25
Readbook_p19_r00_v01_c04.mp4,p19,f,train,24
Takepills_p17_r01_v14_c03.mp4,p17,m,train,26
Sitdown_p15_r01_v09_c02.mp4,p15,m,train,25
Walk_p03_r05_v08_c05.mp4,p03,m,train,30
Sitdown_p06_r00_v03_c04.mp4,p06,f,train,25
Readbook_p17_r05_v08_c02.mp4,p17,m,train,24
Usetelephone_p03_r06_v02_c04.mp4,p03,m,train,29
Walk_p03_r01_v18_c07.mp4,p03,m,train,30
Drink.Fromcup_p20_r07_v02_c04.mp4,p20,f,test,9
WatchTV_p06_r01_v06_c04.mp4,p06,f,train,31
Walk_p12_r14_v05_c04.mp4,p12,f,train,30
Usetelephone_p25_r00_v02_c05.mp4,p25,f,train,29
WatchTV_p12_r04_v06_c05.mp4,p12,f,train,31
Getup_p04_r00_v11_c02.mp4,p04,f,train,14
Walk_p12_r14_v07_c05.mp4,p12,f,train,30
Sitdown_p09_r03_v03_c04.mp4,p09,m,train,25
Drink.Fromcup_p04_r07_v17_c06.mp4,p04,f,train,9
Enter_p15_r00_v15_c03.mp4,p15,m,train,13
Usetelephone_p03_r02_v02_c04.mp4,p03,m,train,29
Eat.Snack_p09_r07_v13_c03.mp4,p09,m,train,12
Sitdown_p07_r03_v09_c01.mp4,p07,f,train,25
Drink.Frombottle_p13_r00_v07_c04.mp4,p13,f,train,7
Drink.Fromcup_p14_r01_v03_c04.mp4,p14,m,test,9
WatchTV_p09_r04_v06_c05.mp4,p09,m,train,31
Drink.Frombottle_p04_r20_v04_c05.mp4,p04,f,train,7
WatchTV_p06_r00_v04_c05.mp4,p06,f,train,31
Cook.Cleandishes_p03_r06_v18_c03.mp4,p03,m,train,1
WatchTV_p14_r06_v08_c05.mp4,p14,m,test,31
Walk_p15_r10_v16_c07.mp4,p15,m,train,30
WatchTV_p25_r09_v01_c04.mp4,p25,f,train,31
Leave_p15_r00_v14_c07.mp4,p15,m,train,16
Laydown_p02_r02_v07_c05.mp4,p02,f,test,15
Drink.Fromcup_p14_r03_v05_c04.mp4,p14,m,test,9
Drink.Fromcup_p11_r00_v14_c01.mp4,p11,f,test,9
WatchTV_p03_r00_v19_c04.mp4,p03,m,train,31
Cook.Cleanup_p10_r02_v13_c06.mp4,p10,f,test,2
Enter_p20_r01_v16_c07.mp4,p20,f,test,13
Drink.Fromcup_p19_r16_v01_c05.mp4,p19,f,train,9
Leave_p06_r02_v15_c01.mp4,p06,f,train,16
Readbook_p04_r06_v09_c01.mp4,p04,f,train,24
Readbook_p03_r01_v02_c04.mp4,p03,m,train,24
Walk_p06_r07_v12_c06.mp4,p06,f,train,30
Cook.Cleanup_p25_r00_v14_c03.mp4,p25,f,train,2
Walk_p19_r04_v08_c02.mp4,p19,f,train,30
Usetelephone_p14_r01_v06_c04.mp4,p14,m,test,29
Getup_p25_r00_v02_c04.mp4,p25,f,train,14
Sitdown_p25_r00_v03_c04.mp4,p25,f,train,25
Sitdown_p03_r06_v19_c05.mp4,p03,m,train,25
Cook.Cleanup_p17_r01_v15_c03.mp4,p17,m,train,2
Walk_p25_r17_v14_c07.mp4,p25,f,train,30
Readbook_p02_r12_v12_c02.mp4,p02,f,test,24
Takepills_p03_r03_v19_c04.mp4,p03,m,train,26
Getup_p14_r03_v08_c04.mp4,p14,m,test,14
Usetablet_p20_r02_v02_c04.mp4,p20,f,test,28
Walk_p02_r05_v12_c02.mp4,p02,f,test,30
Eat.Snack_p12_r03_v06_c04.mp4,p12,f,train,12
WatchTV_p18_r09_v08_c05.mp4,p18,m,test,31
Drink.Fromcan_p15_r00_v10_c01.mp4,p15,m,train,8
Walk_p12_r22_v04_c05.mp4,p12,f,train,30
Eat.Snack_p15_r00_v04_c04.mp4,p15,m,train,12
Uselaptop_p06_r01_v15_c02.mp4,p06,f,train,27
Eat.Snack_p16_r02_v04_c05.mp4,p16,f,test,12
Readbook_p16_r02_v05_c04.mp4,p16,f,test,24
Eat.Snack_p20_r00_v05_c04.mp4,p20,f,test,12
Getup_p13_r02_v05_c04.mp4,p13,f,train,14
Getup_p04_r02_v04_c05.mp4,p04,f,train,14
Walk_p14_r02_v14_c06.mp4,p14,m,test,30
Pour.Fromcan_p15_r01_v10_c02.mp4,p15,m,train,22
Leave_p07_r04_v06_c05.mp4,p07,f,train,16
Walk_p02_r10_v02_c07.mp4,p02,f,test,30
Readbook_p13_r03_v03_c04.mp4,p13,f,train,24
Maketea.Boilwater_p09_r00_v14_c03.mp4,p09,m,train,19
Walk_p10_r04_v11_c07.mp4,p10,f,test,30
WatchTV_p09_r09_v05_c04.mp4,p09,m,train,31
Walk_p25_r13_v04_c04.mp4,p25,f,train,30
Usetelephone_p12_r00_v05_c04.mp4,p12,f,train,29
Cook.Stir_p10_r07_v12_c07.mp4,p10,f,test,4
Cook.Cleanup_p07_r00_v06_c03.mp4,p07,f,train,2
Leave_p04_r04_v05_c05.mp4,p04,f,train,16
Laydown_p25_r00_v05_c05.mp4,p25,f,train,15
Getup_p06_r01_v03_c04.mp4,p06,f,train,14
Drink.Fromcup_p03_r00_v13_c02.mp4,p03,m,train,9
Cook.Cut_p15_r01_v15_c06.mp4,p15,m,train,3
Enter_p17_r00_v14_c03.mp4,p17,m,train,13
Drink.Fromcup_p16_r02_v05_c04.mp4,p16,f,test,9
Cook.Cleandishes_p11_r04_v11_c07.mp4,p11,f,test,1
Drink.Fromcup_p03_r05_v16_c03.mp4,p03,m,train,9
Walk_p07_r01_v22_c07.mp4,p07,f,train,30
Cook.Cleandishes_p09_r01_v13_c06.mp4,p09,m,train,1
Walk_p12_r15_v12_c06.mp4,p12,f,train,30
Eat.Attable_p02_r03_v11_c01.mp4,p02,f,test,11
Walk_p02_r09_v14_c06.mp4,p02,f,test,30
Walk_p10_r01_v02_c05.mp4,p10,f,test,30
Drink.Fromcup_p15_r02_v03_c05.mp4,p15,m,train,9
Readbook_p19_r01_v01_c04.mp4,p19,f,train,24
Walk_p14_r30_v05_c05.mp4,p14,m,test,30
Eat.Snack_p09_r01_v13_c03.mp4,p09,m,train,12
Walk_p15_r00_v02_c05.mp4,p15,m,train,30
Sitdown_p02_r03_v09_c05.mp4,p02,f,test,25
Cook.Cleanup_p07_r01_v22_c03.mp4,p07,f,train,2
WatchTV_p12_r18_v02_c05.mp4,p12,f,train,31
Cook.Cleanup_p02_r02_v13_c06.mp4,p02,f,test,2
Cook.Cleanup_p04_r01_v17_c03.mp4,p04,f,train,2
Drink.Fromcan_p02_r02_v08_c04.mp4,p02,f,test,8
Drink.Fromcup_p14_r03_v09_c01.mp4,p14,m,test,9
Readbook_p13_r01_v11_c02.mp4,p13,f,train,24
WatchTV_p06_r06_v06_c05.mp4,p06,f,train,31
Sitdown_p15_r02_v01_c05.mp4,p15,m,train,25
Walk_p03_r06_v13_c02.mp4,p03,m,train,30
Eat.Attable_p14_r14_v09_c02.mp4,p14,m,test,11
Sitdown_p09_r01_v10_c01.mp4,p09,m,train,25
Sitdown_p02_r02_v09_c05.mp4,p02,f,test,25
Leave_p14_r03_v02_c04.mp4,p14,m,test,16
Sitdown_p20_r06_v09_c01.mp4,p20,f,test,25
Readbook_p19_r02_v08_c01.mp4,p19,f,train,24
Walk_p07_r02_v06_c06.mp4,p07,f,train,30
Drink.Fromcup_p03_r03_v16_c06.mp4,p03,m,train,9
Uselaptop_p04_r00_v07_c04.mp4,p04,f,train,27
Drink.Frombottle_p14_r03_v06_c04.mp4,p14,m,test,7
Getup_p14_r09_v06_c04.mp4,p14,m,test,14
Walk_p02_r08_v14_c06.mp4,p02,f,test,30
Usetelephone_p16_r00_v13_c07.mp4,p16,f,test,29
Walk_p12_r05_v03_c04.mp4,p12,f,train,30
Walk_p04_r00_v06_c05.mp4,p04,f,train,30
Drink.Frombottle_p02_r06_v12_c02.mp4,p02,f,test,7
Drink.Fromcup_p11_r02_v08_c01.mp4,p11,f,test,9
Walk_p16_r03_v13_c07.mp4,p16,f,test,30
Walk_p17_r04_v03_c04.mp4,p17,m,train,30
Walk_p02_r22_v14_c03.mp4,p02,f,test,30
WatchTV_p16_r04_v01_c05.mp4,p16,f,test,31
Drink.Fromcup_p04_r02_v17_c03.mp4,p04,f,train,9
Walk_p17_r05_v07_c02.mp4,p17,m,train,30
Drink.Fromcup_p09_r01_v09_c01.mp4,p09,m,train,9
Usetelephone_p09_r01_v01_c05.mp4,p09,m,train,29
Uselaptop_p03_r04_v03_c04.mp4,p03,m,train,27
Drink.Frombottle_p03_r06_v03_c04.mp4,p03,m,train,7
Walk_p14_r34_v05_c05.mp4,p14,m,test,30
Walk_p03_r11_v19_c05.mp4,p03,m,train,30
Readbook_p25_r04_v12_c07.mp4,p25,f,train,24
Drink.Fromcup_p16_r01_v06_c02.mp4,p16,f,test,9
Drink.Fromcup_p19_r28_v07_c01.mp4,p19,f,train,9
Walk_p02_r01_v01_c07.mp4,p02,f,test,30
Walk_p03_r28_v02_c05.mp4,p03,m,train,30
Sitdown_p17_r01_v05_c04.mp4,p17,m,train,25
Drink.Frombottle_p20_r00_v05_c04.mp4,p20,f,test,7
Sitdown_p14_r22_v05_c05.mp4,p14,m,test,25
Drink.Fromcup_p04_r08_v15_c03.mp4,p04,f,train,9
Getup_p06_r03_v15_c01.mp4,p06,f,train,14
Getup_p04_r01_v03_c04.mp4,p04,f,train,14
Sitdown_p10_r14_v10_c01.mp4,p10,f,test,25
Cutbread_p11_r01_v08_c01.mp4,p11,f,test,6
Walk_p12_r05_v12_c06.mp4,p12,f,train,30
Getup_p16_r01_v07_c01.mp4,p16,f,test,14
Drink.Fromcup_p18_r08_v12_c02.mp4,p18,m,test,9
Readbook_p06_r01_v03_c05.mp4,p06,f,train,24
Walk_p15_r08_v17_c07.mp4,p15,m,train,30
Drink.Fromcup_p19_r01_v03_c05.mp4,p19,f,train,9
Eat.Snack_p16_r00_v15_c06.mp4,p16,f,test,12
Enter_p03_r00_v03_c04.mp4,p03,m,train,13
Drink.Fromcup_p03_r00_v11_c01.mp4,p03,m,train,9
Sitdown_p12_r03_v03_c04.mp4,p12,f,train,25
Laydown_p07_r01_v03_c05.mp4,p07,f,train,15
Makecoffee.Pourwater_p16_r02_v12_c06.mp4,p16,f,test,18
Walk_p18_r05_v10_c02.mp4,p18,m,test,30
Walk_p02_r04_v14_c03.mp4,p02,f,test,30
Walk_p20_r06_v06_c05.mp4,p20,f,test,30
Sitdown_p06_r02_v03_c04.mp4,p06,f,train,25
Eat.Attable_p06_r10_v07_c02.mp4,p06,f,train,11
Walk_p09_r03_v07_c05.mp4,p09,m,train,30
Drink.Fromcup_p13_r04_v08_c02.mp4,p13,f,train,9
Readbook_p25_r03_v02_c04.mp4,p25,f,train,24
Sitdown_p17_r01_v06_c05.mp4,p17,m,train,25
Eat.Attable_p14_r17_v09_c02.mp4,p14,m,test,11
Usetelephone_p19_r01_v10_c02.mp4,p19,f,train,29
Drink.Frombottle_p14_r00_v05_c05.mp4,p14,m,test,7
Walk_p13_r16_v04_c04.mp4,p13,f,train,30
Readbook_p07_r03_v02_c05.mp4,p07,f,train,24
Readbook_p06_r02_v14_c02.mp4,p06,f,train,24
Walk_p15_r09_v07_c05.mp4,p15,m,train,30
Walk_p03_r00_v12_c02.mp4,p03,m,train,30
Walk_p14_r22_v05_c05.mp4,p14,m,test,30
Walk_p15_r02_v04_c04.mp4,p15,m,train,30
Usetelephone_p10_r01_v05_c04.mp4,p10,f,test,29
Cook.Cleandishes_p04_r00_v15_c03.mp4,p04,f,train,1
Sitdown_p02_r00_v06_c05.mp4,p02,f,test,25
Drink.Fromcup_p06_r00_v13_c03.mp4,p06,f,train,9
Getup_p03_r02_v02_c05.mp4,p03,m,train,14
Cook.Cleanup_p07_r01_v20_c07.mp4,p07,f,train,2
Readbook_p19_r02_v05_c05.mp4,p19,f,train,24
Drink.Fromcup_p07_r06_v20_c03.mp4,p07,f,train,9
Walk_p13_r04_v20_c06.mp4,p13,f,train,30
Pour.Frombottle_p20_r00_v07_c04.mp4,p20,f,test,21
Walk_p04_r08_v16_c07.mp4,p04,f,train,30
Uselaptop_p03_r00_v03_c05.mp4,p03,m,train,27
Drink.Fromcup_p16_r02_v09_c01.mp4,p16,f,test,9
Walk_p12_r10_v13_c07.mp4,p12,f,train,30
WatchTV_p04_r03_v03_c05.mp4,p04,f,train,31
Cook.Cut_p19_r03_v12_c06.mp4,p19,f,train,3
Drink.Fromcup_p20_r05_v03_c04.mp4,p20,f,test,9
Readbook_p02_r03_v06_c05.mp4,p02,f,test,24
Getup_p06_r02_v26_c01.mp4,p06,f,train,14
Drink.Fromcup_p09_r05_v08_c01.mp4,p09,m,train,9
Sitdown_p25_r01_v17_c01.mp4,p25,f,train,25
Walk_p07_r01_v02_c05.mp4,p07,f,train,30
Pour.Fromkettle_p02_r00_v02_c03.mp4,p02,f,test,23
Walk_p02_r03_v08_c05.mp4,p02,f,test,30
Walk_p15_r21_v13_c06.mp4,p15,m,train,30
Uselaptop_p17_r00_v03_c04.mp4,p17,m,train,27
Drink.Frombottle_p03_r00_v03_c04.mp4,p03,m,train,7
Uselaptop_p11_r00_v03_c04.mp4,p11,f,test,27
Drink.Fromcup_p16_r02_v01_c05.mp4,p16,f,test,9
Drink.Fromcup_p15_r02_v09_c02.mp4,p15,m,train,9
Eat.Snack_p10_r02_v12_c03.mp4,p10,f,test,12
Drink.Fromcup_p14_r02_v11_c02.mp4,p14,m,test,9
Walk_p20_r01_v07_c04.mp4,p20,f,test,30
Sitdown_p04_r00_v08_c02.mp4,p04,f,train,25
WatchTV_p07_r00_v03_c05.mp4,p07,f,train,31
Drink.Fromcup_p16_r00_v01_c04.mp4,p16,f,test,9
Leave_p17_r00_v13_c03.mp4,p17,m,train,16
Eat.Attable_p14_r13_v09_c01.mp4,p14,m,test,11
Readbook_p11_r01_v01_c04.mp4,p11,f,test,24
Readbook_p19_r00_v04_c05.mp4,p19,f,train,24
Drink.Fromcup_p07_r03_v02_c05.mp4,p07,f,train,9
Enter_p10_r00_v14_c07.mp4,p10,f,test,13
Drink.Fromcup_p16_r01_v06_c01.mp4,p16,f,test,9
Walk_p10_r14_v13_c03.mp4,p10,f,test,30
Cook.Stir_p17_r04_v15_c07.mp4,p17,m,train,4
Takepills_p15_r02_v10_c01.mp4,p15,m,train,26
Eat.Attable_p18_r08_v09_c01.mp4,p18,m,test,11
Enter_p12_r00_v07_c04.mp4,p12,f,train,13
Walk_p03_r00_v18_c07.mp4,p03,m,train,30
Sitdown_p06_r04_v11_c02.mp4,p06,f,train,25
Maketea.Insertteabag_p17_r01_v13_c06.mp4,p17,m,train,20
Drink.Fromcup_p18_r03_v11_c02.mp4,p18,m,test,9
Walk_p19_r03_v02_c05.mp4,p19,f,train,30
Walk_p11_r13_v13_c07.mp4,p11,f,test,30
Walk_p16_r29_v12_c06.mp4,p16,f,test,30
Takepills_p03_r02_v19_c05.mp4,p03,m,train,26
Walk_p06_r02_v13_c07.mp4,p06,f,train,30
Walk_p25_r15_v12_c06.mp4,p25,f,train,30
Pour.Frombottle_p10_r00_v12_c06.mp4,p10,f,test,21
Usetelephone_p13_r02_v04_c04.mp4,p13,f,train,29
Walk_p15_r03_v03_c05.mp4,p15,m,train,30
Leave_p13_r02_v04_c04.mp4,p13,f,train,16
Drink.Fromcup_p14_r06_v03_c05.mp4,p14,m,test,9
Pour.Frombottle_p17_r00_v09_c02.mp4,p17,m,train,21
Walk_p17_r05_v04_c05.mp4,p17,m,train,30
Pour.Frombottle_p25_r00_v04_c05.mp4,p25,f,train,21
Walk_p03_r34_v04_c04.mp4,p03,m,train,30
Walk_p04_r11_v04_c05.mp4,p04,f,train,30
Drink.Fromcup_p10_r01_v07_c05.mp4,p10,f,test,9
Readbook_p04_r00_v13_c01.mp4,p04,f,train,24
Getup_p10_r14_v09_c01.mp4,p10,f,test,14
Getup_p10_r04_v02_c05.mp4,p10,f,test,14
Maketea.Boilwater_p04_r01_v16_c03.mp4,p04,f,train,19
Drink.Fromcan_p09_r02_v04_c05.mp4,p09,m,train,8
Sitdown_p17_r06_v05_c05.mp4,p17,m,train,25
Drink.Fromcup_p03_r00_v04_c05.mp4,p03,m,train,9
Walk_p19_r12_v02_c05.mp4,p19,f,train,30
Readbook_p12_r01_v04_c05.mp4,p12,f,train,24
Getup_p12_r01_v05_c05.mp4,p12,f,train,14
Sitdown_p09_r00_v01_c05.mp4,p09,m,train,25
Drink.Fromcup_p19_r04_v05_c04.mp4,p19,f,train,9
Cook.Cleanup_p25_r02_v16_c03.mp4,p25,f,train,2
Eat.Attable_p09_r26_v08_c01.mp4,p09,m,train,11
Eat.Attable_p09_r24_v08_c01.mp4,p09,m,train,11
Walk_p20_r06_v05_c05.mp4,p20,f,test,30
Drink.Fromcup_p15_r01_v09_c01.mp4,p15,m,train,9
Drink.Fromcan_p04_r06_v03_c05.mp4,p04,f,train,8
Walk_p11_r04_v03_c04.mp4,p11,f,test,30
Walk_p15_r11_v03_c05.mp4,p15,m,train,30
Uselaptop_p03_r04_v03_c05.mp4,p03,m,train,27
Drink.Fromcup_p03_r06_v16_c03.mp4,p03,m,train,9
Usetelephone_p18_r01_v08_c05.mp4,p18,m,test,29
Walk_p09_r03_v10_c01.mp4,p09,m,train,30
Drink.Frombottle_p14_r01_v11_c02.mp4,p14,m,test,7
Drink.Fromcup_p09_r03_v15_c03.mp4,p09,m,train,9
Readbook_p20_r01_v10_c01.mp4,p20,f,test,24
Usetelephone_p14_r00_v07_c05.mp4,p14,m,test,29
Walk_p11_r00_v12_c03.mp4,p11,f,test,30
Drink.Fromcup_p04_r00_v09_c02.mp4,p04,f,train,9
Cook.Cut_p02_r00_v14_c06.mp4,p02,f,test,3
Walk_p02_r14_v09_c05.mp4,p02,f,test,30
Walk_p17_r37_v03_c05.mp4,p17,m,train,30
Walk_p13_r05_v13_c02.mp4,p13,f,train,30
Drink.Fromcup_p03_r13_v04_c04.mp4,p03,m,train,9
Pour.Fromkettle_p18_r00_v13_c03.mp4,p18,m,test,23
WatchTV_p06_r02_v02_c04.mp4,p06,f,train,31
Enter_p09_r00_v05_c05.mp4,p09,m,train,13
Pour.Frombottle_p03_r00_v10_c02.mp4,p03,m,train,21
Readbook_p19_r01_v08_c01.mp4,p19,f,train,24
Uselaptop_p10_r01_v10_c01.mp4,p10,f,test,27
Getup_p18_r02_v12_c02.mp4,p18,m,test,14
Walk_p25_r06_v15_c07.mp4,p25,f,train,30
Drink.Fromcup_p02_r09_v02_c03.mp4,p02,f,test,9
Walk_p03_r13_v03_c04.mp4,p03,m,train,30
Walk_p15_r09_v16_c07.mp4,p15,m,train,30
Cook.Cleanup_p07_r04_v06_c03.mp4,p07,f,train,2
Walk_p17_r00_v14_c03.mp4,p17,m,train,30
Pour.Fromkettle_p04_r02_v14_c06.mp4,p04,f,train,23
Walk_p18_r00_v14_c03.mp4,p18,m,test,30
Sitdown_p19_r05_v08_c02.mp4,p19,f,train,25
Uselaptop_p06_r00_v11_c02.mp4,p06,f,train,27
Drink.Fromcan_p07_r00_v10_c01.mp4,p07,f,train,8
Walk_p10_r01_v11_c06.mp4,p10,f,test,30
Enter_p11_r01_v13_c06.mp4,p11,f,test,13
Walk_p17_r01_v01_c05.mp4,p17,m,train,30
Cook.Cleanup_p09_r00_v13_c03.mp4,p09,m,train,2
Walk_p25_r18_v14_c07.mp4,p25,f,train,30
WatchTV_p04_r01_v04_c05.mp4,p04,f,train,31
Drink.Fromcup_p16_r05_v09_c02.mp4,p16,f,test,9
Readbook_p04_r05_v04_c05.mp4,p04,f,train,24
Pour.Frombottle_p14_r02_v03_c04.mp4,p14,m,test,21
Walk_p12_r12_v06_c05.mp4,p12,f,train,30
Getup_p13_r03_v13_c01.mp4,p13,f,train,14
Uselaptop_p25_r00_v10_c02.mp4,p25,f,train,27
Readbook_p14_r02_v05_c04.mp4,p14,m,test,24
Walk_p15_r19_v17_c06.mp4,p15,m,train,30
Takepills_p15_r02_v11_c02.mp4,p15,m,train,26
Walk_p15_r07_v09_c02.mp4,p15,m,train,30
Cook.Usestove_p09_r03_v13_c03.mp4,p09,m,train,5
Walk_p03_r06_v18_c03.mp4,p03,m,train,30
Walk_p14_r23_v06_c05.mp4,p14,m,test,30
Getup_p14_r00_v07_c04.mp4,p14,m,test,14
Cook.Cleanup_p04_r01_v14_c07.mp4,p04,f,train,2
Walk_p11_r13_v06_c04.mp4,p11,f,test,30
Sitdown_p17_r06_v09_c02.mp4,p17,m,train,25
Getup_p14_r05_v10_c01.mp4,p14,m,test,14
Readbook_p19_r01_v03_c05.mp4,p19,f,train,24
Readbook_p17_r02_v08_c02.mp4,p17,m,train,24
Getup_p12_r00_v06_c05.mp4,p12,f,train,14
Drink.Fromcup_p19_r06_v01_c04.mp4,p19,f,train,9
Walk_p25_r26_v14_c06.mp4,p25,f,train,30
Cook.Stir_p20_r09_v15_c07.mp4,p20,f,test,4
Sitdown_p15_r03_v09_c02.mp4,p15,m,train,25
Drink.Fromcup_p10_r08_v10_c01.mp4,p10,f,test,9
Drink.Fromcan_p15_r00_v12_c01.mp4,p15,m,train,8
Uselaptop_p03_r00_v07_c04.mp4,p03,m,train,27
Walk_p09_r04_v12_c07.mp4,p09,m,train,30
Cook.Cleandishes_p07_r13_v06_c06.mp4,p07,f,train,1
Readbook_p19_r08_v08_c02.mp4,p19,f,train,24
Eat.Attable_p07_r05_v08_c02.mp4,p07,f,train,11
Cook.Stir_p17_r02_v15_c06.mp4,p17,m,train,4
Takepills_p18_r00_v10_c02.mp4,p18,m,test,26
Walk_p15_r06_v07_c05.mp4,p15,m,train,30
Sitdown_p11_r00_v08_c01.mp4,p11,f,test,25
Drink.Fromcup_p04_r02_v17_c07.mp4,p04,f,train,9
Readbook_p06_r00_v09_c01.mp4,p06,f,train,24
Cook.Stir_p09_r07_v12_c07.mp4,p09,m,train,4
Drink.Fromcup_p14_r00_v09_c01.mp4,p14,m,test,9
Walk_p15_r19_v10_c02.mp4,p15,m,train,30
Readbook_p16_r24_v06_c02.mp4,p16,f,test,24
WatchTV_p04_r06_v05_c05.mp4,p04,f,train,31
Drink.Fromcup_p16_r03_v09_c02.mp4,p16,f,test,9
Leave_p11_r02_v13_c07.mp4,p11,f,test,16
Drink.Fromcan_p14_r00_v08_c05.mp4,p14,m,test,8
Sitdown_p14_r08_v12_c02.mp4,p14,m,test,25
Drink.Fromcup_p17_r05_v02_c05.mp4,p17,m,train,9
Sitdown_p10_r05_v05_c05.mp4,p10,f,test,25
Usetelephone_p12_r00_v05_c05.mp4,p12,f,train,29
Drink.Fromcan_p06_r01_v11_c01.mp4,p06,f,train,8
Walk_p20_r01_v11_c01.mp4,p20,f,test,30
Getup_p19_r03_v02_c04.mp4,p19,f,train,14
Usetelephone_p15_r02_v16_c06.mp4,p15,m,train,29
Getup_p03_r11_v06_c04.mp4,p03,m,train,14
Walk_p15_r03_v02_c04.mp4,p15,m,train,30
Drink.Fromcup_p19_r03_v04_c05.mp4,p19,f,train,9
Leave_p09_r00_v07_c05.mp4,p09,m,train,16
Walk_p18_r12_v05_c05.mp4,p18,m,test,30
Usetelephone_p25_r00_v02_c04.mp4,p25,f,train,29
WatchTV_p18_r02_v08_c05.mp4,p18,m,test,31
Readbook_p04_r06_v08_c01.mp4,p04,f,train,24
Walk_p14_r01_v09_c02.mp4,p14,m,test,30
Getup_p14_r04_v03_c04.mp4,p14,m,test,14
Walk_p15_r06_v17_c07.mp4,p15,m,train,30
Walk_p25_r33_v12_c06.mp4,p25,f,train,30
Drink.Fromcup_p25_r00_v01_c04.mp4,p25,f,train,9
Walk_p15_r03_v01_c04.mp4,p15,m,train,30
Walk_p25_r07_v10_c02.mp4,p25,f,train,30
Sitdown_p12_r02_v04_c05.mp4,p12,f,train,25
Drink.Fromcup_p17_r00_v14_c06.mp4,p17,m,train,9
Takepills_p11_r01_v03_c04.mp4,p11,f,test,26
Pour.Frombottle_p19_r00_v04_c04.mp4,p19,f,train,21
Walk_p25_r20_v04_c04.mp4,p25,f,train,30
Walk_p14_r17_v05_c05.mp4,p14,m,test,30
Pour.Frombottle_p25_r02_v04_c05.mp4,p25,f,train,21
Readbook_p03_r10_v02_c04.mp4,p03,m,train,24
WatchTV_p12_r08_v07_c05.mp4,p12,f,train,31
Drink.Fromcup_p17_r03_v09_c02.mp4,p17,m,train,9
Walk_p02_r00_v16_c06.mp4,p02,f,test,30
Drink.Fromcup_p25_r00_v14_c06.mp4,p25,f,train,9
Enter_p17_r00_v06_c04.mp4,p17,m,train,13
Drink.Fromcup_p10_r01_v09_c01.mp4,p10,f,test,9
Eat.Attable_p18_r23_v09_c02.mp4,p18,m,test,11
Drink.Fromcup_p13_r04_v10_c01.mp4,p13,f,train,9
Makecoffee.Pourwater_p18_r00_v13_c07.mp4,p18,m,test,18
Getup_p19_r03_v02_c05.mp4,p19,f,train,14
Drink.Frombottle_p04_r01_v06_c05.mp4,p04,f,train,7
Maketea.Boilwater_p03_r01_v15_c06.mp4,p03,m,train,19
Laydown_p18_r01_v03_c05.mp4,p18,m,test,15
Sitdown_p10_r03_v10_c01.mp4,p10,f,test,25
WatchTV_p09_r08_v05_c05.mp4,p09,m,train,31
Cook.Cut_p20_r09_v15_c07.mp4,p20,f,test,3
Walk_p12_r02_v12_c07.mp4,p12,f,train,30
Sitdown_p09_r03_v10_c01.mp4,p09,m,train,25
Sitdown_p13_r00_v25_c04.mp4,p13,f,train,25
Cook.Cleandishes_p04_r01_v15_c03.mp4,p04,f,train,1
Eat.Attable_p18_r29_v09_c01.mp4,p18,m,test,11
Drink.Fromcup_p17_r05_v09_c02.mp4,p17,m,train,9
Drink.Fromcup_p19_r07_v02_c04.mp4,p19,f,train,9
WatchTV_p16_r19_v02_c05.mp4,p16,f,test,31
Walk_p14_r46_v05_c05.mp4,p14,m,test,30
Getup_p03_r08_v19_c05.mp4,p03,m,train,14
Drink.Fromcup_p19_r23_v07_c01.mp4,p19,f,train,9
Readbook_p14_r00_v12_c02.mp4,p14,m,test,24
Getup_p06_r00_v03_c04.mp4,p06,f,train,14
Walk_p15_r04_v16_c06.mp4,p15,m,train,30
Sitdown_p09_r04_v04_c04.mp4,p09,m,train,25
Eat.Attable_p09_r32_v08_c01.mp4,p09,m,train,11
Walk_p11_r08_v05_c04.mp4,p11,f,test,30
Walk_p07_r10_v05_c05.mp4,p07,f,train,30
Walk_p02_r10_v13_c06.mp4,p02,f,test,30
Takepills_p03_r02_v18_c06.mp4,p03,m,train,26
Walk_p12_r13_v13_c06.mp4,p12,f,train,30
WatchTV_p07_r11_v04_c05.mp4,p07,f,train,31
Walk_p14_r31_v06_c05.mp4,p14,m,test,30
Getup_p19_r04_v01_c04.mp4,p19,f,train,14
Sitdown_p09_r04_v03_c04.mp4,p09,m,train,25
Cook.Cleanup_p07_r07_v20_c06.mp4,p07,f,train,2
Readbook_p12_r02_v04_c05.mp4,p12,f,train,24
Sitdown_p06_r00_v01_c04.mp4,p06,f,train,25
Walk_p12_r17_v13_c06.mp4,p12,f,train,30
Eat.Attable_p07_r45_v08_c01.mp4,p07,f,train,11
Pour.Frombottle_p13_r00_v24_c04.mp4,p13,f,train,21
Walk_p12_r03_v02_c04.mp4,p12,f,train,30
Getup_p11_r06_v03_c04.mp4,p11,f,test,14
Walk_p25_r22_v04_c05.mp4,p25,f,train,30
Eat.Attable_p04_r22_v08_c01.mp4,p04,f,train,11
Drink.Fromcup_p25_r06_v10_c02.mp4,p25,f,train,9
Drink.Fromcup_p03_r05_v04_c04.mp4,p03,m,train,9
Walk_p02_r31_v09_c05.mp4,p02,f,test,30
Walk_p12_r00_v03_c04.mp4,p12,f,train,30
Enter_p06_r02_v15_c01.mp4,p06,f,train,13
Readbook_p15_r01_v02_c05.mp4,p15,m,train,24
Cook.Cleanup_p04_r00_v14_c07.mp4,p04,f,train,2
Walk_p14_r27_v07_c04.mp4,p14,m,test,30
Readbook_p17_r01_v04_c05.mp4,p17,m,train,24
Sitdown_p18_r01_v08_c05.mp4,p18,m,test,25
Walk_p20_r03_v03_c05.mp4,p20,f,test,30
Maketea.Boilwater_p11_r01_v12_c03.mp4,p11,f,test,19
WatchTV_p07_r20_v04_c05.mp4,p07,f,train,31
Sitdown_p10_r10_v05_c04.mp4,p10,f,test,25
Sitdown_p18_r00_v10_c01.mp4,p18,m,test,25
Readbook_p02_r07_v05_c04.mp4,p02,f,test,24
Cook.Cut_p16_r00_v14_c06.mp4,p16,f,test,3
Drink.Fromcup_p25_r00_v09_c01.mp4,p25,f,train,9
Sitdown_p11_r03_v04_c04.mp4,p11,f,test,25
Eat.Attable_p04_r21_v08_c02.mp4,p04,f,train,11
Cook.Cleandishes_p03_r11_v18_c03.mp4,p03,m,train,1
Pour.Fromkettle_p25_r01_v12_c07.mp4,p25,f,train,23
Pour.Fromcan_p13_r02_v11_c01.mp4,p13,f,train,22
Walk_p11_r01_v13_c07.mp4,p11,f,test,30
Pour.Frombottle_p02_r00_v14_c06.mp4,p02,f,test,21
WatchTV_p16_r14_v02_c05.mp4,p16,f,test,31
Leave_p09_r02_v15_c06.mp4,p09,m,train,16
Drink.Fromcup_p04_r02_v15_c07.mp4,p04,f,train,9
Walk_p17_r04_v11_c07.mp4,p17,m,train,30
Makecoffee.Pourgrains_p19_r00_v11_c06.mp4,p19,f,train,17
Walk_p19_r05_v01_c05.mp4,p19,f,train,30
Walk_p09_r00_v10_c01.mp4,p09,m,train,30
Pour.Frombottle_p14_r03_v04_c04.mp4,p14,m,test,21
Usetelephone_p17_r01_v08_c01.mp4,p17,m,train,29
Leave_p10_r04_v13_c07.mp4,p10,f,test,16
Makecoffee.Pourgrains_p07_r00_v20_c06.mp4,p07,f,train,17
Enter_p11_r02_v12_c06.mp4,p11,f,test,13
Eat.Snack_p13_r04_v21_c06.mp4,p13,f,train,12
Sitdown_p17_r02_v09_c02.mp4,p17,m,train,25
Sitdown_p16_r02_v09_c02.mp4,p16,f,test,25
Drink.Fromcup_p15_r01_v01_c04.mp4,p15,m,train,9
WatchTV_p03_r01_v06_c04.mp4,p03,m,train,31
Drink.Fromcup_p16_r06_v12_c06.mp4,p16,f,test,9
Drink.Fromcup_p10_r03_v11_c03.mp4,p10,f,test,9
Drink.Fromcan_p14_r02_v04_c04.mp4,p14,m,test,8
Drink.Fromcup_p04_r00_v05_c05.mp4,p04,f,train,9
Getup_p07_r00_v12_c01.mp4,p07,f,train,14
Eat.Attable_p16_r06_v06_c02.mp4,p16,f,test,11
Drink.Fromcup_p14_r14_v03_c05.mp4,p14,m,test,9
Sitdown_p12_r04_v03_c05.mp4,p12,f,train,25
Readbook_p18_r01_v01_c05.mp4,p18,m,test,24
WatchTV_p07_r03_v05_c05.mp4,p07,f,train,31
Drink.Fromcup_p14_r00_v15_c07.mp4,p14,m,test,9
Leave_p06_r02_v05_c04.mp4,p06,f,train,16
Cook.Cleandishes_p07_r10_v06_c06.mp4,p07,f,train,1
Cook.Stir_p04_r00_v17_c06.mp4,p04,f,train,4
Drink.Fromcan_p12_r03_v03_c05.mp4,p12,f,train,8
Eat.Attable_p14_r08_v09_c02.mp4,p14,m,test,11
Walk_p04_r13_v17_c06.mp4,p04,f,train,30
Makecoffee.Pourwater_p04_r00_v15_c03.mp4,p04,f,train,18
Walk_p04_r17_v05_c05.mp4,p04,f,train,30
Walk_p10_r10_v12_c07.mp4,p10,f,test,30
Cook.Cut_p04_r00_v17_c03.mp4,p04,f,train,3
Walk_p06_r00_v13_c06.mp4,p06,f,train,30
Walk_p17_r05_v09_c02.mp4,p17,m,train,30
Eat.Snack_p11_r06_v13_c03.mp4,p11,f,test,12
Enter_p07_r00_v06_c03.mp4,p07,f,train,13
Walk_p20_r00_v06_c05.mp4,p20,f,test,30
Drink.Fromcup_p06_r04_v26_c01.mp4,p06,f,train,9
Cook.Stir_p09_r01_v13_c03.mp4,p09,m,train,4
Drink.Fromcup_p13_r05_v10_c02.mp4,p13,f,train,9
Cook.Stir_p16_r05_v14_c07.mp4,p16,f,test,4
Walk_p03_r00_v10_c02.mp4,p03,m,train,30
Cook.Cleandishes_p10_r02_v11_c03.mp4,p10,f,test,1
Usetelephone_p10_r03_v10_c01.mp4,p10,f,test,29
Drink.Fromcan_p11_r00_v09_c01.mp4,p11,f,test,8
Cook.Cleanup_p11_r00_v11_c07.mp4,p11,f,test,2
Drink.Fromcan_p07_r01_v10_c01.mp4,p07,f,train,8
Makecoffee.Pourwater_p07_r00_v20_c07.mp4,p07,f,train,18
Pour.Fromkettle_p04_r00_v15_c06.mp4,p04,f,train,23
Drink.Fromglass_p25_r01_v09_c02.mp4,p25,f,train,10
Walk_p14_r17_v06_c05.mp4,p14,m,test,30
Sitdown_p17_r09_v09_c01.mp4,p17,m,train,25
Drink.Fromcan_p18_r01_v15_c03.mp4,p18,m,test,8
Readbook_p19_r11_v01_c05.mp4,p19,f,train,24
Cook.Stir_p25_r11_v15_c07.mp4,p25,f,train,4
Cook.Stir_p19_r08_v12_c06.mp4,p19,f,train,4
Eat.Attable_p06_r04_v07_c01.mp4,p06,f,train,11
Sitdown_p14_r06_v04_c04.mp4,p14,m,test,25
Usetelephone_p10_r00_v05_c05.mp4,p10,f,test,29
Drink.Fromcup_p04_r01_v15_c03.mp4,p04,f,train,9
Usetelephone_p04_r00_v07_c05.mp4,p04,f,train,29
Drink.Fromcup_p13_r07_v11_c02.mp4,p13,f,train,9
Sitdown_p18_r00_v01_c05.mp4,p18,m,test,25
Eat.Attable_p14_r07_v09_c02.mp4,p14,m,test,11
Walk_p15_r04_v09_c02.mp4,p15,m,train,30
Readbook_p03_r00_v07_c04.mp4,p03,m,train,24
WatchTV_p14_r03_v05_c05.mp4,p14,m,test,31
Walk_p02_r23_v02_c07.mp4,p02,f,test,30
Uselaptop_p17_r04_v08_c02.mp4,p17,m,train,27
Readbook_p03_r18_v02_c04.mp4,p03,m,train,24
Walk_p03_r38_v02_c05.mp4,p03,m,train,30
Leave_p03_r01_v18_c07.mp4,p03,m,train,16
Walk_p25_r14_v14_c07.mp4,p25,f,train,30
WatchTV_p19_r17_v01_c05.mp4,p19,f,train,31
Drink.Fromcup_p04_r03_v06_c04.mp4,p04,f,train,9
Leave_p09_r03_v14_c03.mp4,p09,m,train,16
Usetelephone_p03_r00_v05_c05.mp4,p03,m,train,29
Sitdown_p07_r00_v06_c05.mp4,p07,f,train,25
Cutbread_p09_r00_v08_c01.mp4,p09,m,train,6
Sitdown_p06_r04_v15_c01.mp4,p06,f,train,25
Cook.Usestove_p06_r00_v13_c07.mp4,p06,f,train,5
Enter_p20_r01_v14_c07.mp4,p20,f,test,13
Walk_p06_r05_v13_c07.mp4,p06,f,train,30
Uselaptop_p19_r01_v04_c04.mp4,p19,f,train,27
Readbook_p06_r00_v08_c02.mp4,p06,f,train,24
Cook.Stir_p09_r19_v12_c07.mp4,p09,m,train,4
Drink.Fromcup_p16_r02_v01_c04.mp4,p16,f,test,9
Readbook_p25_r00_v10_c02.mp4,p25,f,train,24
Uselaptop_p04_r03_v03_c04.mp4,p04,f,train,27
Eat.Attable_p13_r03_v08_c02.mp4,p13,f,train,11
Leave_p17_r01_v03_c04.mp4,p17,m,train,16
Drink.Fromcup_p20_r08_v13_c07.mp4,p20,f,test,9
Walk_p16_r02_v13_c03.mp4,p16,f,test,30
Cook.Cleandishes_p06_r02_v13_c06.mp4,p06,f,train,1
Cook.Stir_p15_r00_v15_c06.mp4,p15,m,train,4
Uselaptop_p03_r01_v03_c05.mp4,p03,m,train,27
Enter_p10_r00_v06_c05.mp4,p10,f,test,13
Readbook_p14_r00_v04_c04.mp4,p14,m,test,24
Leave_p02_r00_v07_c04.mp4,p02,f,test,16
Drink.Frombottle_p15_r02_v04_c05.mp4,p15,m,train,7
Laydown_p15_r00_v06_c05.mp4,p15,m,train,15
Walk_p02_r04_v12_c02.mp4,p02,f,test,30
Drink.Frombottle_p09_r01_v03_c04.mp4,p09,m,train,7
Getup_p20_r09_v09_c01.mp4,p20,f,test,14
Sitdown_p06_r00_v02_c04.mp4,p06,f,train,25
Cook.Cleandishes_p09_r00_v13_c06.mp4,p09,m,train,1
Walk_p25_r26_v12_c06.mp4,p25,f,train,30
Drink.Fromcup_p17_r02_v02_c04.mp4,p17,m,train,9
Drink.Fromcup_p07_r01_v20_c06.mp4,p07,f,train,9
WatchTV_p10_r02_v02_c05.mp4,p10,f,test,31
Walk_p07_r01_v20_c07.mp4,p07,f,train,30
Getup_p12_r07_v02_c04.mp4,p12,f,train,14
Cook.Stir_p17_r07_v14_c06.mp4,p17,m,train,4
Readbook_p03_r00_v03_c05.mp4,p03,m,train,24
Takepills_p10_r02_v07_c04.mp4,p10,f,test,26
Takepills_p13_r02_v03_c04.mp4,p13,f,train,26
Eat.Attable_p02_r09_v11_c02.mp4,p02,f,test,11
Pour.Fromkettle_p15_r00_v17_c06.mp4,p15,m,train,23
Drink.Fromcup_p02_r05_v04_c04.mp4,p02,f,test,9
Usetablet_p06_r03_v04_c04.mp4,p06,f,train,28
Walk_p03_r19_v03_c05.mp4,p03,m,train,30
Drink.Frombottle_p16_r01_v07_c02.mp4,p16,f,test,7
Eat.Attable_p07_r35_v08_c01.mp4,p07,f,train,11
Readbook_p14_r02_v13_c01.mp4,p14,m,test,24
Walk_p14_r09_v02_c05.mp4,p14,m,test,30
Walk_p02_r01_v08_c05.mp4,p02,f,test,30
Drink.Fromcup_p20_r03_v01_c05.mp4,p20,f,test,9
Sitdown_p10_r02_v05_c05.mp4,p10,f,test,25
Walk_p14_r10_v12_c02.mp4,p14,m,test,30
Pour.Fromkettle_p11_r00_v12_c06.mp4,p11,f,test,23
Walk_p16_r02_v14_c06.mp4,p16,f,test,30
Leave_p06_r02_v12_c07.mp4,p06,f,train,16
Eat.Snack_p09_r00_v13_c06.mp4,p09,m,train,12
Walk_p03_r00_v16_c07.mp4,p03,m,train,30
Drink.Fromcup_p04_r05_v17_c03.mp4,p04,f,train,9
Readbook_p07_r04_v02_c05.mp4,p07,f,train,24
Cook.Stir_p17_r06_v15_c03.mp4,p17,m,train,4
Pour.Frombottle_p16_r00_v03_c04.mp4,p16,f,test,21
Takepills_p25_r00_v11_c02.mp4,p25,f,train,26
Walk_p16_r03_v05_c05.mp4,p16,f,test,30
Sitdown_p15_r04_v11_c02.mp4,p15,m,train,25
Drink.Fromcup_p20_r02_v13_c07.mp4,p20,f,test,9
Walk_p17_r00_v13_c03.mp4,p17,m,train,30
Walk_p17_r08_v11_c06.mp4,p17,m,train,30
Usetelephone_p19_r00_v04_c05.mp4,p19,f,train,29
Drink.Fromcan_p16_r00_v14_c06.mp4,p16,f,test,8
Walk_p19_r13_v04_c05.mp4,p19,f,train,30
WatchTV_p04_r06_v03_c05.mp4,p04,f,train,31
Cook.Cleandishes_p10_r07_v14_c06.mp4,p10,f,test,1
Drink.Fromcup_p13_r02_v21_c07.mp4,p13,f,train,9
Readbook_p14_r00_v11_c01.mp4,p14,m,test,24
Cook.Cut_p02_r02_v15_c06.mp4,p02,f,test,3
Cook.Cleandishes_p16_r10_v12_c07.mp4,p16,f,test,1
Pour.Frombottle_p14_r00_v05_c04.mp4,p14,m,test,21
Readbook_p13_r01_v10_c02.mp4,p13,f,train,24
Drink.Fromcup_p19_r03_v10_c01.mp4,p19,f,train,9
Drink.Frombottle_p04_r03_v04_c04.mp4,p04,f,train,7
Drink.Fromcup_p15_r04_v08_c02.mp4,p15,m,train,9
Cook.Stir_p20_r11_v16_c03.mp4,p20,f,test,4
Cook.Cleanup_p25_r01_v12_c03.mp4,p25,f,train,2
Walk_p03_r04_v07_c05.mp4,p03,m,train,30
Sitdown_p14_r00_v05_c05.mp4,p14,m,test,25
Walk_p14_r18_v07_c04.mp4,p14,m,test,30
Drink.Fromcup_p14_r05_v04_c05.mp4,p14,m,test,9
Sitdown_p03_r01_v12_c02.mp4,p03,m,train,25
Sitdown_p09_r05_v10_c01.mp4,p09,m,train,25
Leave_p09_r01_v13_c07.mp4,p09,m,train,16
Sitdown_p14_r20_v05_c05.mp4,p14,m,test,25
Walk_p13_r10_v25_c04.mp4,p13,f,train,30
Cook.Cleanup_p07_r01_v20_c06.mp4,p07,f,train,2
Drink.Fromcup_p17_r07_v09_c02.mp4,p17,m,train,9
Drink.Fromcup_p16_r04_v01_c04.mp4,p16,f,test,9
Eat.Snack_p09_r04_v15_c06.mp4,p09,m,train,12
WatchTV_p06_r10_v03_c04.mp4,p06,f,train,31
Eat.Attable_p18_r00_v12_c02.mp4,p18,m,test,11
Cook.Stir_p09_r16_v12_c06.mp4,p09,m,train,4
Getup_p04_r01_v04_c04.mp4,p04,f,train,14
Leave_p03_r00_v13_c01.mp4,p03,m,train,16
Walk_p15_r07_v03_c05.mp4,p15,m,train,30
Eat.Attable_p19_r06_v07_c01.mp4,p19,f,train,11
Eat.Snack_p11_r10_v13_c03.mp4,p11,f,test,12
Walk_p12_r06_v02_c05.mp4,p12,f,train,30
Getup_p06_r03_v10_c01.mp4,p06,f,train,14
Drink.Fromcup_p25_r04_v14_c06.mp4,p25,f,train,9
Sitdown_p19_r02_v02_c04.mp4,p19,f,train,25
Walk_p02_r00_v15_c06.mp4,p02,f,test,30
Leave_p09_r00_v08_c01.mp4,p09,m,train,16
Pour.Fromkettle_p19_r01_v11_c03.mp4,p19,f,train,23
Walk_p16_r03_v04_c05.mp4,p16,f,test,30
Drink.Fromcup_p15_r03_v08_c01.mp4,p15,m,train,9
Drink.Fromcup_p14_r04_v11_c02.mp4,p14,m,test,9
Sitdown_p17_r07_v04_c04.mp4,p17,m,train,25
Eat.Attable_p13_r16_v09_c01.mp4,p13,f,train,11
Walk_p11_r17_v13_c06.mp4,p11,f,test,30
Cook.Cleanup_p10_r08_v11_c06.mp4,p10,f,test,2
Readbook_p19_r01_v07_c01.mp4,p19,f,train,24
Cook.Stir_p02_r17_v14_c06.mp4,p02,f,test,4
Walk_p12_r05_v13_c06.mp4,p12,f,train,30
Readbook_p17_r07_v08_c01.mp4,p17,m,train,24
Drink.Fromcan_p18_r10_v08_c05.mp4,p18,m,test,8
Drink.Fromcan_p14_r02_v04_c05.mp4,p14,m,test,8
Walk_p02_r03_v01_c07.mp4,p02,f,test,30
Eat.Snack_p14_r01_v07_c04.mp4,p14,m,test,12
Cook.Cleanup_p16_r00_v15_c06.mp4,p16,f,test,2
Walk_p15_r06_v02_c04.mp4,p15,m,train,30
Walk_p15_r01_v17_c06.mp4,p15,m,train,30
Sitdown_p14_r01_v04_c05.mp4,p14,m,test,25
Pour.Fromkettle_p17_r00_v13_c06.mp4,p17,m,train,23
WatchTV_p07_r11_v06_c05.mp4,p07,f,train,31
Eat.Attable_p07_r39_v08_c01.mp4,p07,f,train,11
Pour.Frombottle_p13_r00_v12_c01.mp4,p13,f,train,21
WatchTV_p03_r00_v19_c05.mp4,p03,m,train,31
Walk_p18_r06_v12_c02.mp4,p18,m,test,30
Cook.Stir_p07_r02_v21_c06.mp4,p07,f,train,4
Cook.Cleanup_p10_r02_v11_c03.mp4,p10,f,test,2
Drink.Fromcan_p18_r09_v08_c05.mp4,p18,m,test,8
Readbook_p25_r02_v12_c07.mp4,p25,f,train,24
Readbook_p06_r01_v14_c02.mp4,p06,f,train,24
Maketea.Boilwater_p04_r00_v16_c06.mp4,p04,f,train,19
Readbook_p03_r01_v07_c05.mp4,p03,m,train,24
WatchTV_p06_r00_v06_c04.mp4,p06,f,train,31
Readbook_p19_r00_v08_c01.mp4,p19,f,train,24
Walk_p15_r04_v16_c07.mp4,p15,m,train,30
Drink.Fromcup_p06_r02_v02_c05.mp4,p06,f,train,9
Uselaptop_p10_r03_v10_c01.mp4,p10,f,test,27
Usetelephone_p03_r00_v08_c05.mp4,p03,m,train,29
Eat.Snack_p16_r05_v04_c04.mp4,p16,f,test,12
Drink.Fromcup_p19_r05_v08_c01.mp4,p19,f,train,9
Eat.Attable_p13_r20_v09_c01.mp4,p13,f,train,11
Sitdown_p12_r07_v04_c05.mp4,p12,f,train,25
Walk_p12_r12_v01_c04.mp4,p12,f,train,30
Sitdown_p06_r00_v26_c01.mp4,p06,f,train,25
Cook.Cleandishes_p07_r05_v22_c03.mp4,p07,f,train,1
Readbook_p02_r01_v18_c05.mp4,p02,f,test,24
Leave_p20_r00_v14_c07.mp4,p20,f,test,16
WatchTV_p20_r08_v07_c05.mp4,p20,f,test,31
Takepills_p17_r00_v04_c05.mp4,p17,m,train,26
Drink.Fromcup_p16_r03_v09_c01.mp4,p16,f,test,9
Uselaptop_p19_r03_v09_c01.mp4,p19,f,train,27
Sitdown_p15_r03_v10_c01.mp4,p15,m,train,25
Walk_p19_r13_v05_c05.mp4,p19,f,train,30
Enter_p07_r02_v03_c05.mp4,p07,f,train,13
Getup_p06_r00_v03_c05.mp4,p06,f,train,14
Drink.Fromcup_p02_r10_v11_c01.mp4,p02,f,test,9
Cook.Cleandishes_p18_r00_v13_c03.mp4,p18,m,test,1
Walk_p25_r02_v14_c06.mp4,p25,f,train,30
Walk_p03_r11_v04_c05.mp4,p03,m,train,30
Eat.Attable_p02_r02_v11_c02.mp4,p02,f,test,11
Enter_p09_r01_v08_c01.mp4,p09,m,train,13
Readbook_p13_r05_v11_c02.mp4,p13,f,train,24
Drink.Frombottle_p12_r01_v04_c05.mp4,p12,f,train,7
Leave_p10_r00_v01_c04.mp4,p10,f,test,16
Readbook_p17_r02_v04_c05.mp4,p17,m,train,24
Sitdown_p09_r01_v07_c05.mp4,p09,m,train,25
Drink.Fromcup_p18_r03_v03_c04.mp4,p18,m,test,9
Cook.Cleanup_p04_r01_v14_c06.mp4,p04,f,train,2
Cook.Cleanup_p03_r02_v18_c03.mp4,p03,m,train,2
Drink.Fromcan_p12_r00_v06_c04.mp4,p12,f,train,8
Enter_p11_r00_v03_c04.mp4,p11,f,test,13
Pour.Frombottle_p10_r12_v10_c01.mp4,p10,f,test,21
Sitdown_p03_r00_v10_c02.mp4,p03,m,train,25
Drink.Fromcup_p16_r02_v05_c05.mp4,p16,f,test,9
Enter_p02_r00_v02_c07.mp4,p02,f,test,13
Drink.Fromcup_p14_r04_v13_c02.mp4,p14,m,test,9
Sitdown_p16_r00_v06_c01.mp4,p16,f,test,25
Takepills_p03_r08_v04_c04.mp4,p03,m,train,26
Walk_p07_r06_v06_c03.mp4,p07,f,train,30
Sitdown_p06_r00_v08_c01.mp4,p06,f,train,25
Drink.Fromcup_p18_r02_v12_c02.mp4,p18,m,test,9
Walk_p03_r02_v18_c06.mp4,p03,m,train,30
Walk_p17_r14_v04_c05.mp4,p17,m,train,30
Walk_p02_r03_v02_c07.mp4,p02,f,test,30
WatchTV_p04_r02_v07_c05.mp4,p04,f,train,31
Leave_p09_r01_v02_c05.mp4,p09,m,train,16
Drink.Fromcan_p04_r00_v03_c05.mp4,p04,f,train,8
Getup_p18_r04_v10_c02.mp4,p18,m,test,14
Cook.Cleanup_p09_r00_v13_c06.mp4,p09,m,train,2
Drink.Fromcup_p16_r06_v14_c06.mp4,p16,f,test,9
Walk_p10_r05_v13_c06.mp4,p10,f,test,30
Drink.Fromcup_p10_r01_v02_c05.mp4,p10,f,test,9
Walk_p17_r05_v03_c04.mp4,p17,m,train,30
Readbook_p18_r05_v07_c05.mp4,p18,m,test,24
Walk_p13_r04_v20_c03.mp4,p13,f,train,30
Cook.Cleandishes_p25_r04_v12_c03.mp4,p25,f,train,1
Walk_p20_r03_v13_c03.mp4,p20,f,test,30
WatchTV_p20_r03_v05_c05.mp4,p20,f,test,31
Walk_p18_r11_v12_c02.mp4,p18,m,test,30
Getup_p06_r00_v15_c02.mp4,p06,f,train,14
Walk_p06_r05_v13_c06.mp4,p06,f,train,30
Drink.Fromcup_p17_r06_v01_c04.mp4,p17,m,train,9
Readbook_p20_r00_v05_c04.mp4,p20,f,test,24
Takepills_p10_r01_v10_c01.mp4,p10,f,test,26
Drink.Frombottle_p14_r05_v10_c02.mp4,p14,m,test,7
WatchTV_p04_r01_v05_c05.mp4,p04,f,train,31
Walk_p03_r15_v04_c05.mp4,p03,m,train,30
Leave_p11_r00_v05_c04.mp4,p11,f,test,16
Drink.Fromcup_p13_r07_v10_c02.mp4,p13,f,train,9
Drink.Fromcup_p13_r12_v19_c01.mp4,p13,f,train,9
Walk_p11_r20_v05_c04.mp4,p11,f,test,30
Walk_p14_r19_v02_c05.mp4,p14,m,test,30
Walk_p03_r08_v04_c05.mp4,p03,m,train,30
Getup_p06_r00_v01_c04.mp4,p06,f,train,14
Eat.Attable_p18_r08_v09_c02.mp4,p18,m,test,11
Walk_p20_r03_v04_c05.mp4,p20,f,test,30
Walk_p14_r04_v03_c05.mp4,p14,m,test,30
Readbook_p12_r02_v14_c05.mp4,p12,f,train,24
Drink.Fromcan_p12_r03_v07_c05.mp4,p12,f,train,8
Cook.Cleanup_p17_r00_v14_c03.mp4,p17,m,train,2
Drink.Fromglass_p03_r05_v18_c03.mp4,p03,m,train,10
Drink.Frombottle_p06_r02_v10_c01.mp4,p06,f,train,7
Getup_p07_r06_v05_c05.mp4,p07,f,train,14
Walk_p25_r11_v09_c02.mp4,p25,f,train,30
Sitdown_p14_r02_v10_c02.mp4,p14,m,test,25
Takepills_p15_r02_v05_c05.mp4,p15,m,train,26
Pour.Fromcan_p13_r01_v11_c02.mp4,p13,f,train,22
Drink.Fromglass_p06_r00_v13_c03.mp4,p06,f,train,10
Pour.Fromkettle_p10_r01_v11_c03.mp4,p10,f,test,23
Sitdown_p10_r07_v01_c04.mp4,p10,f,test,25
Walk_p13_r04_v24_c05.mp4,p13,f,train,30
WatchTV_p02_r01_v04_c05.mp4,p02,f,test,31
Eat.Attable_p18_r16_v09_c01.mp4,p18,m,test,11
Usetablet_p20_r00_v03_c04.mp4,p20,f,test,28
Enter_p03_r01_v19_c04.mp4,p03,m,train,13
WatchTV_p09_r00_v04_c05.mp4,p09,m,train,31
Sitdown_p10_r09_v02_c04.mp4,p10,f,test,25
Enter_p09_r02_v06_c04.mp4,p09,m,train,13
Readbook_p16_r08_v06_c02.mp4,p16,f,test,24
Eat.Attable_p18_r27_v09_c02.mp4,p18,m,test,11
Walk_p15_r02_v05_c05.mp4,p15,m,train,30
Makecoffee.Pourgrains_p20_r00_v13_c03.mp4,p20,f,test,17
Usetelephone_p25_r00_v03_c04.mp4,p25,f,train,29
Walk_p02_r42_v14_c06.mp4,p02,f,test,30
Sitdown_p15_r00_v08_c01.mp4,p15,m,train,25
Readbook_p03_r02_v03_c04.mp4,p03,m,train,24
Walk_p03_r08_v15_c06.mp4,p03,m,train,30
Drink.Fromcup_p09_r21_v08_c01.mp4,p09,m,train,9
Getup_p14_r08_v04_c05.mp4,p14,m,test,14
Eat.Attable_p06_r12_v07_c01.mp4,p06,f,train,11
Readbook_p18_r00_v07_c05.mp4,p18,m,test,24
Cook.Cut_p15_r00_v16_c07.mp4,p15,m,train,3
WatchTV_p18_r03_v06_c05.mp4,p18,m,test,31
Drink.Fromcup_p13_r04_v21_c07.mp4,p13,f,train,9
Cook.Cleandishes_p10_r05_v13_c03.mp4,p10,f,test,1
Walk_p25_r15_v04_c04.mp4,p25,f,train,30
Getup_p16_r00_v07_c02.mp4,p16,f,test,14
Usetelephone_p13_r02_v24_c04.mp4,p13,f,train,29
Uselaptop_p17_r01_v04_c05.mp4,p17,m,train,27
Eat.Snack_p16_r02_v04_c04.mp4,p16,f,test,12
Walk_p17_r03_v15_c03.mp4,p17,m,train,30
Enter_p09_r01_v13_c03.mp4,p09,m,train,13
Drink.Fromcup_p14_r02_v04_c04.mp4,p14,m,test,9
Laydown_p20_r00_v02_c05.mp4,p20,f,test,15
Drink.Fromcup_p15_r03_v14_c06.mp4,p15,m,train,9
Cook.Cleandishes_p20_r02_v13_c03.mp4,p20,f,test,1
Walk_p04_r01_v05_c05.mp4,p04,f,train,30
Enter_p07_r00_v08_c02.mp4,p07,f,train,13
Walk_p15_r08_v04_c05.mp4,p15,m,train,30
Readbook_p12_r03_v14_c05.mp4,p12,f,train,24
Cook.Cleandishes_p10_r01_v11_c06.mp4,p10,f,test,1
Laydown_p03_r00_v02_c05.mp4,p03,m,train,15
WatchTV_p12_r07_v05_c05.mp4,p12,f,train,31
Sitdown_p12_r05_v05_c05.mp4,p12,f,train,25
Readbook_p13_r03_v25_c05.mp4,p13,f,train,24
Walk_p04_r10_v17_c07.mp4,p04,f,train,30
Walk_p03_r01_v01_c05.mp4,p03,m,train,30
WatchTV_p02_r04_v04_c04.mp4,p02,f,test,31
Drink.Fromcup_p14_r02_v13_c01.mp4,p14,m,test,9
Cook.Stir_p11_r09_v13_c06.mp4,p11,f,test,4
Pour.Frombottle_p25_r00_v11_c02.mp4,p25,f,train,21
Drink.Fromcan_p03_r01_v07_c04.mp4,p03,m,train,8
Drink.Fromcup_p16_r06_v02_c05.mp4,p16,f,test,9
Walk_p02_r35_v14_c06.mp4,p02,f,test,30
Drink.Frombottle_p18_r07_v05_c04.mp4,p18,m,test,7
Cook.Stir_p16_r00_v14_c07.mp4,p16,f,test,4
Eat.Snack_p06_r00_v11_c02.mp4,p06,f,train,12
Cook.Cleanup_p17_r00_v14_c06.mp4,p17,m,train,2
Drink.Fromglass_p03_r00_v19_c04.mp4,p03,m,train,10
Usetelephone_p09_r00_v06_c04.mp4,p09,m,train,29
Drink.Fromcup_p18_r02_v03_c04.mp4,p18,m,test,9
Readbook_p12_r08_v02_c05.mp4,p12,f,train,24
Walk_p15_r20_v02_c04.mp4,p15,m,train,30
Sitdown_p15_r06_v11_c02.mp4,p15,m,train,25
Eat.Attable_p14_r19_v09_c02.mp4,p14,m,test,11
Eat.Attable_p13_r26_v19_c01.mp4,p13,f,train,11
Enter_p17_r00_v14_c07.mp4,p17,m,train,13
WatchTV_p03_r05_v07_c04.mp4,p03,m,train,31
Walk_p20_r04_v07_c04.mp4,p20,f,test,30
Getup_p14_r22_v05_c05.mp4,p14,m,test,14
Walk_p03_r04_v18_c06.mp4,p03,m,train,30
Pour.Frombottle_p12_r00_v02_c04.mp4,p12,f,train,21
Takepills_p10_r02_v05_c05.mp4,p10,f,test,26
Leave_p10_r02_v12_c03.mp4,p10,f,test,16
Drink.Fromcup_p13_r02_v25_c05.mp4,p13,f,train,9
Drink.Fromcup_p13_r07_v24_c04.mp4,p13,f,train,9
Drink.Fromcan_p04_r01_v03_c04.mp4,p04,f,train,8
Enter_p06_r00_v27_c01.mp4,p06,f,train,13
Drink.Fromcup_p17_r07_v01_c05.mp4,p17,m,train,9
Drink.Fromcup_p14_r02_v06_c04.mp4,p14,m,test,9
Drink.Fromcup_p03_r12_v04_c05.mp4,p03,m,train,9
Cook.Cleanup_p25_r00_v12_c06.mp4,p25,f,train,2
Walk_p16_r09_v12_c07.mp4,p16,f,test,30
Walk_p25_r05_v10_c02.mp4,p25,f,train,30
Readbook_p16_r04_v02_c05.mp4,p16,f,test,24
Drink.Fromcup_p10_r04_v11_c03.mp4,p10,f,test,9
Walk_p02_r18_v02_c07.mp4,p02,f,test,30
Walk_p03_r06_v04_c04.mp4,p03,m,train,30
Walk_p15_r13_v14_c06.mp4,p15,m,train,30
Sitdown_p15_r01_v05_c05.mp4,p15,m,train,25
Getup_p07_r04_v03_c05.mp4,p07,f,train,14
Walk_p09_r02_v15_c03.mp4,p09,m,train,30
Cook.Stir_p19_r08_v12_c03.mp4,p19,f,train,4
Usetelephone_p10_r00_v06_c04.mp4,p10,f,test,29
Drink.Fromcup_p12_r03_v03_c05.mp4,p12,f,train,9
Usetelephone_p03_r02_v05_c05.mp4,p03,m,train,29
Getup_p12_r09_v04_c05.mp4,p12,f,train,14
Getup_p17_r00_v07_c02.mp4,p17,m,train,14
Cook.Usestove_p09_r08_v13_c06.mp4,p09,m,train,5
Pour.Frombottle_p02_r03_v09_c05.mp4,p02,f,test,21
Walk_p18_r03_v11_c02.mp4,p18,m,test,30
Getup_p12_r06_v05_c05.mp4,p12,f,train,14
Leave_p06_r03_v12_c07.mp4,p06,f,train,16
Drink.Fromcup_p25_r03_v14_c06.mp4,p25,f,train,9
Walk_p09_r01_v06_c05.mp4,p09,m,train,30
Eat.Attable_p18_r13_v09_c01.mp4,p18,m,test,11
Maketea.Boilwater_p03_r00_v15_c03.mp4,p03,m,train,19
Leave_p25_r02_v05_c05.mp4,p25,f,train,16
Getup_p11_r00_v01_c04.mp4,p11,f,test,14
Getup_p15_r00_v02_c05.mp4,p15,m,train,14
Drink.Fromcup_p06_r01_v02_c04.mp4,p06,f,train,9
Getup_p13_r00_v08_c02.mp4,p13,f,train,14
Leave_p06_r00_v05_c05.mp4,p06,f,train,16
Drink.Fromcup_p15_r01_v17_c06.mp4,p15,m,train,9
Sitdown_p10_r00_v06_c05.mp4,p10,f,test,25
Sitdown_p03_r11_v07_c05.mp4,p03,m,train,25
Drink.Frombottle_p18_r08_v05_c04.mp4,p18,m,test,7
Drink.Fromcup_p19_r11_v08_c02.mp4,p19,f,train,9
Readbook_p13_r04_v04_c04.mp4,p13,f,train,24
Laydown_p03_r01_v06_c04.mp4,p03,m,train,15
Pour.Fromcan_p06_r00_v12_c06.mp4,p06,f,train,22
Drink.Frombottle_p16_r01_v04_c05.mp4,p16,f,test,7
Drink.Fromcup_p15_r07_v03_c04.mp4,p15,m,train,9
Pour.Fromcan_p14_r01_v04_c04.mp4,p14,m,test,22
Drink.Fromcup_p02_r08_v02_c03.mp4,p02,f,test,9
Drink.Fromcup_p13_r05_v24_c05.mp4,p13,f,train,9
Walk_p07_r04_v02_c03.mp4,p07,f,train,30
Eat.Attable_p20_r05_v08_c01.mp4,p20,f,test,11
Walk_p25_r29_v14_c06.mp4,p25,f,train,30
Readbook_p19_r01_v03_c04.mp4,p19,f,train,24
Sitdown_p06_r02_v14_c02.mp4,p06,f,train,25
Usetelephone_p03_r05_v02_c05.mp4,p03,m,train,29
Cook.Stir_p09_r05_v13_c07.mp4,p09,m,train,4
Readbook_p03_r09_v02_c04.mp4,p03,m,train,24
Getup_p15_r01_v05_c04.mp4,p15,m,train,14
Getup_p25_r06_v06_c04.mp4,p25,f,train,14
Cook.Cut_p19_r01_v12_c06.mp4,p19,f,train,3
Sitdown_p06_r02_v09_c02.mp4,p06,f,train,25
Eat.Attable_p07_r02_v08_c02.mp4,p07,f,train,11
Getup_p20_r01_v08_c01.mp4,p20,f,test,14
Cook.Cleandishes_p16_r01_v12_c03.mp4,p16,f,test,1
Readbook_p25_r01_v14_c07.mp4,p25,f,train,24
Pour.Frombottle_p10_r01_v13_c06.mp4,p10,f,test,21
Readbook_p20_r00_v06_c05.mp4,p20,f,test,24
Sitdown_p04_r06_v04_c04.mp4,p04,f,train,25
Eat.Attable_p13_r01_v19_c01.mp4,p13,f,train,11
Drink.Fromcup_p17_r06_v10_c02.mp4,p17,m,train,9
Laydown_p25_r02_v05_c05.mp4,p25,f,train,15
Takepills_p17_r00_v15_c06.mp4,p17,m,train,26
Walk_p13_r00_v07_c04.mp4,p13,f,train,30
Walk_p12_r03_v06_c04.mp4,p12,f,train,30
Drink.Fromcup_p02_r00_v01_c06.mp4,p02,f,test,9
Cook.Stir_p13_r03_v23_c03.mp4,p13,f,train,4
WatchTV_p17_r01_v01_c05.mp4,p17,m,train,31
Pour.Frombottle_p14_r00_v11_c01.mp4,p14,m,test,21
Getup_p07_r06_v03_c05.mp4,p07,f,train,14
Eat.Attable_p13_r11_v19_c01.mp4,p13,f,train,11
Walk_p14_r02_v02_c05.mp4,p14,m,test,30
Walk_p06_r01_v04_c05.mp4,p06,f,train,30
Eat.Attable_p07_r04_v08_c02.mp4,p07,f,train,11
Walk_p15_r04_v15_c07.mp4,p15,m,train,30
WatchTV_p06_r04_v03_c05.mp4,p06,f,train,31
Getup_p14_r07_v06_c04.mp4,p14,m,test,14
Cook.Stir_p25_r09_v15_c03.mp4,p25,f,train,4
WatchTV_p04_r05_v03_c05.mp4,p04,f,train,31
Leave_p12_r00_v02_c04.mp4,p12,f,train,16
Sitdown_p11_r00_v06_c04.mp4,p11,f,test,25
Cook.Cut_p25_r00_v16_c07.mp4,p25,f,train,3
Uselaptop_p15_r00_v04_c04.mp4,p15,m,train,27
Takepills_p13_r00_v13_c02.mp4,p13,f,train,26
Drink.Fromcup_p03_r01_v12_c01.mp4,p03,m,train,9
Cook.Cut_p20_r01_v15_c07.mp4,p20,f,test,3
Laydown_p10_r01_v03_c04.mp4,p10,f,test,15
Sitdown_p09_r08_v03_c04.mp4,p09,m,train,25
Walk_p12_r10_v01_c04.mp4,p12,f,train,30
Laydown_p25_r06_v05_c05.mp4,p25,f,train,15
Walk_p03_r25_v02_c04.mp4,p03,m,train,30
Walk_p02_r01_v06_c05.mp4,p02,f,test,30
WatchTV_p12_r08_v02_c05.mp4,p12,f,train,31
Drink.Fromcup_p12_r03_v05_c04.mp4,p12,f,train,9
Sitdown_p04_r09_v04_c04.mp4,p04,f,train,25
Walk_p17_r06_v03_c04.mp4,p17,m,train,30
Sitdown_p16_r01_v07_c02.mp4,p16,f,test,25
Leave_p10_r00_v14_c07.mp4,p10,f,test,16
Drink.Fromcup_p19_r27_v07_c01.mp4,p19,f,train,9
Leave_p12_r00_v06_c04.mp4,p12,f,train,16
Laydown_p25_r09_v03_c04.mp4,p25,f,train,15
Drink.Fromcup_p10_r05_v02_c04.mp4,p10,f,test,9
Cook.Stir_p16_r01_v15_c06.mp4,p16,f,test,4
Readbook_p06_r02_v07_c01.mp4,p06,f,train,24
Walk_p03_r05_v03_c04.mp4,p03,m,train,30
Drink.Fromcup_p13_r00_v19_c01.mp4,p13,f,train,9
WatchTV_p03_r06_v07_c05.mp4,p03,m,train,31
Eat.Attable_p07_r13_v08_c01.mp4,p07,f,train,11
Drink.Fromcup_p14_r02_v05_c05.mp4,p14,m,test,9
Drink.Fromcup_p25_r10_v01_c05.mp4,p25,f,train,9
Getup_p09_r01_v07_c05.mp4,p09,m,train,14
Readbook_p19_r09_v01_c05.mp4,p19,f,train,24
Readbook_p14_r00_v07_c05.mp4,p14,m,test,24
Walk_p03_r02_v10_c02.mp4,p03,m,train,30
Walk_p15_r04_v03_c04.mp4,p15,m,train,30
Readbook_p25_r10_v10_c02.mp4,p25,f,train,24
Walk_p15_r07_v13_c07.mp4,p15,m,train,30
Walk_p12_r03_v14_c05.mp4,p12,f,train,30
Walk_p13_r02_v11_c02.mp4,p13,f,train,30
Usetelephone_p20_r03_v03_c05.mp4,p20,f,test,29
Drink.Fromcup_p20_r00_v07_c04.mp4,p20,f,test,9
Eat.Attable_p07_r03_v08_c01.mp4,p07,f,train,11
Drink.Fromcup_p16_r04_v07_c01.mp4,p16,f,test,9
Walk_p12_r22_v06_c04.mp4,p12,f,train,30
Walk_p03_r15_v02_c04.mp4,p03,m,train,30
Cook.Stir_p02_r06_v14_c03.mp4,p02,f,test,4
Sitdown_p18_r04_v05_c05.mp4,p18,m,test,25
Pour.Frombottle_p19_r00_v10_c02.mp4,p19,f,train,21
Walk_p15_r18_v02_c05.mp4,p15,m,train,30
Pour.Frombottle_p16_r00_v09_c01.mp4,p16,f,test,21
Cook.Cleandishes_p10_r00_v13_c03.mp4,p10,f,test,1
Walk_p03_r36_v02_c04.mp4,p03,m,train,30
Walk_p25_r18_v14_c03.mp4,p25,f,train,30
Walk_p13_r01_v05_c04.mp4,p13,f,train,30
Makecoffee.Pourgrains_p15_r00_v17_c03.mp4,p15,m,train,17
Cutbread_p14_r01_v09_c02.mp4,p14,m,test,6
Readbook_p25_r00_v02_c05.mp4,p25,f,train,24
Getup_p03_r03_v02_c05.mp4,p03,m,train,14
Walk_p14_r10_v04_c05.mp4,p14,m,test,30
Readbook_p13_r04_v03_c04.mp4,p13,f,train,24
Walk_p11_r27_v04_c04.mp4,p11,f,test,30
Cook.Cleandishes_p07_r12_v20_c03.mp4,p07,f,train,1
Drink.Fromcup_p19_r03_v01_c04.mp4,p19,f,train,9
Walk_p03_r14_v04_c04.mp4,p03,m,train,30
Cook.Cleandishes_p17_r05_v15_c03.mp4,p17,m,train,1
Walk_p09_r02_v15_c06.mp4,p09,m,train,30
Drink.Fromcan_p03_r07_v02_c04.mp4,p03,m,train,8
Walk_p18_r09_v05_c05.mp4,p18,m,test,30
Readbook_p02_r01_v04_c04.mp4,p02,f,test,24
WatchTV_p20_r05_v06_c05.mp4,p20,f,test,31
Pour.Frombottle_p25_r01_v04_c04.mp4,p25,f,train,21
Drink.Fromcup_p19_r00_v12_c06.mp4,p19,f,train,9
Walk_p12_r22_v07_c05.mp4,p12,f,train,30
Readbook_p11_r03_v06_c04.mp4,p11,f,test,24
Cutbread_p15_r03_v08_c02.mp4,p15,m,train,6
Takepills_p11_r00_v07_c04.mp4,p11,f,test,26
Eat.Snack_p09_r01_v13_c07.mp4,p09,m,train,12
WatchTV_p10_r03_v07_c05.mp4,p10,f,test,31
Walk_p13_r01_v20_c07.mp4,p13,f,train,30
Cutbread_p07_r00_v08_c02.mp4,p07,f,train,6
WatchTV_p12_r11_v06_c05.mp4,p12,f,train,31
Walk_p02_r01_v16_c06.mp4,p02,f,test,30
Walk_p03_r05_v02_c04.mp4,p03,m,train,30
Drink.Fromcup_p20_r06_v14_c07.mp4,p20,f,test,9
Drink.Fromcup_p15_r03_v17_c06.mp4,p15,m,train,9
Takepills_p10_r02_v10_c01.mp4,p10,f,test,26
Drink.Fromcup_p04_r06_v15_c03.mp4,p04,f,train,9
Cook.Stir_p20_r10_v16_c03.mp4,p20,f,test,4
Walk_p10_r13_v13_c07.mp4,p10,f,test,30
WatchTV_p07_r00_v06_c05.mp4,p07,f,train,31
Eat.Snack_p15_r00_v14_c06.mp4,p15,m,train,12
Sitdown_p07_r00_v10_c02.mp4,p07,f,train,25
Sitdown_p10_r01_v05_c05.mp4,p10,f,test,25
Cook.Cleanup_p10_r00_v11_c03.mp4,p10,f,test,2
Drink.Fromcup_p07_r05_v08_c01.mp4,p07,f,train,9
Drink.Fromcup_p13_r01_v08_c02.mp4,p13,f,train,9
Readbook_p10_r01_v06_c04.mp4,p10,f,test,24
Sitdown_p10_r00_v07_c04.mp4,p10,f,test,25
Drink.Fromcup_p03_r14_v04_c05.mp4,p03,m,train,9
Cook.Cleandishes_p11_r06_v11_c07.mp4,p11,f,test,1
Getup_p11_r03_v06_c04.mp4,p11,f,test,14
Drink.Fromcup_p07_r01_v06_c05.mp4,p07,f,train,9
Sitdown_p04_r04_v03_c04.mp4,p04,f,train,25
Eat.Attable_p03_r01_v10_c01.mp4,p03,m,train,11
Sitdown_p17_r00_v06_c04.mp4,p17,m,train,25
Walk_p02_r01_v03_c07.mp4,p02,f,test,30
Drink.Frombottle_p03_r01_v03_c05.mp4,p03,m,train,7
Walk_p02_r00_v04_c05.mp4,p02,f,test,30
Leave_p10_r02_v06_c05.mp4,p10,f,test,16
Walk_p02_r47_v15_c06.mp4,p02,f,test,30
Drink.Frombottle_p04_r00_v06_c04.mp4,p04,f,train,7
Readbook_p11_r06_v01_c04.mp4,p11,f,test,24
Cook.Cut_p16_r01_v14_c07.mp4,p16,f,test,3
Cook.Cleandishes_p16_r05_v12_c07.mp4,p16,f,test,1
Cook.Cleandishes_p07_r09_v06_c03.mp4,p07,f,train,1
Readbook_p03_r00_v05_c04.mp4,p03,m,train,24
Walk_p15_r09_v05_c05.mp4,p15,m,train,30
Readbook_p25_r05_v11_c01.mp4,p25,f,train,24
Walk_p14_r02_v10_c02.mp4,p14,m,test,30
Cook.Stir_p07_r15_v21_c07.mp4,p07,f,train,4
Walk_p14_r01_v02_c05.mp4,p14,m,test,30
Uselaptop_p14_r02_v10_c02.mp4,p14,m,test,27
Walk_p17_r22_v03_c05.mp4,p17,m,train,30
Pour.Frombottle_p06_r01_v09_c02.mp4,p06,f,train,21
WatchTV_p06_r02_v04_c04.mp4,p06,f,train,31
Drink.Fromcup_p25_r05_v01_c04.mp4,p25,f,train,9
Sitdown_p14_r09_v06_c04.mp4,p14,m,test,25
WatchTV_p12_r01_v06_c05.mp4,p12,f,train,31
Walk_p17_r08_v11_c07.mp4,p17,m,train,30
Sitdown_p10_r02_v06_c04.mp4,p10,f,test,25
Readbook_p11_r04_v09_c01.mp4,p11,f,test,24
Cook.Stir_p07_r04_v21_c07.mp4,p07,f,train,4
Enter_p15_r01_v03_c04.mp4,p15,m,train,13
Readbook_p16_r00_v05_c04.mp4,p16,f,test,24
Takepills_p10_r04_v03_c05.mp4,p10,f,test,26
Sitdown_p20_r00_v04_c04.mp4,p20,f,test,25
Cook.Stir_p20_r01_v16_c07.mp4,p20,f,test,4
Enter_p11_r00_v04_c04.mp4,p11,f,test,13
Readbook_p25_r03_v14_c07.mp4,p25,f,train,24
Walk_p03_r06_v11_c02.mp4,p03,m,train,30
Sitdown_p14_r15_v06_c05.mp4,p14,m,test,25
Getup_p06_r02_v15_c02.mp4,p06,f,train,14
Sitdown_p04_r03_v06_c05.mp4,p04,f,train,25
Eat.Attable_p16_r00_v06_c02.mp4,p16,f,test,11
Walk_p02_r05_v08_c05.mp4,p02,f,test,30
Drink.Fromcup_p04_r00_v12_c02.mp4,p04,f,train,9
Usetelephone_p12_r01_v06_c05.mp4,p12,f,train,29
Sitdown_p16_r00_v10_c01.mp4,p16,f,test,25
Getup_p20_r03_v01_c04.mp4,p20,f,test,14
Cook.Cut_p20_r07_v16_c07.mp4,p20,f,test,3
Drink.Frombottle_p15_r01_v11_c02.mp4,p15,m,train,7
Walk_p14_r11_v02_c05.mp4,p14,m,test,30
Drink.Fromcup_p12_r00_v06_c04.mp4,p12,f,train,9
Sitdown_p14_r06_v10_c02.mp4,p14,m,test,25
Drink.Fromcan_p18_r00_v15_c03.mp4,p18,m,test,8
Laydown_p15_r01_v02_c04.mp4,p15,m,train,15
Walk_p09_r01_v09_c01.mp4,p09,m,train,30
Takepills_p06_r00_v12_c06.mp4,p06,f,train,26
Walk_p25_r09_v04_c05.mp4,p25,f,train,30
WatchTV_p07_r02_v01_c05.mp4,p07,f,train,31
Cook.Stir_p11_r05_v13_c07.mp4,p11,f,test,4
Leave_p03_r01_v11_c02.mp4,p03,m,train,16
Getup_p06_r03_v05_c04.mp4,p06,f,train,14
Drink.Frombottle_p03_r03_v03_c05.mp4,p03,m,train,7
Cook.Stir_p11_r01_v13_c06.mp4,p11,f,test,4
Walk_p17_r02_v11_c06.mp4,p17,m,train,30
Pour.Fromcan_p15_r00_v09_c01.mp4,p15,m,train,22
Drink.Fromcup_p13_r05_v20_c07.mp4,p13,f,train,9
Drink.Fromcup_p13_r01_v24_c05.mp4,p13,f,train,9
Getup_p04_r00_v12_c02.mp4,p04,f,train,14
Drink.Frombottle_p03_r04_v03_c04.mp4,p03,m,train,7
Sitdown_p03_r11_v19_c05.mp4,p03,m,train,25
Cook.Cut_p15_r02_v16_c07.mp4,p15,m,train,3
Getup_p14_r06_v08_c05.mp4,p14,m,test,14
Walk_p02_r23_v14_c03.mp4,p02,f,test,30
WatchTV_p19_r16_v01_c05.mp4,p19,f,train,31
Readbook_p02_r00_v11_c01.mp4,p02,f,test,24
Walk_p14_r28_v02_c05.mp4,p14,m,test,30
Getup_p09_r01_v05_c05.mp4,p09,m,train,14
Walk_p17_r04_v09_c02.mp4,p17,m,train,30
Readbook_p03_r02_v19_c05.mp4,p03,m,train,24
Drink.Fromcup_p16_r00_v14_c03.mp4,p16,f,test,9
Eat.Attable_p11_r03_v08_c01.mp4,p11,f,test,11
Walk_p17_r06_v06_c05.mp4,p17,m,train,30
Laydown_p25_r04_v03_c04.mp4,p25,f,train,15
Eat.Attable_p13_r19_v09_c01.mp4,p13,f,train,11
Walk_p19_r09_v12_c06.mp4,p19,f,train,30
Drink.Fromcan_p15_r02_v10_c01.mp4,p15,m,train,8
Walk_p09_r01_v04_c04.mp4,p09,m,train,30
Drink.Frombottle_p18_r03_v05_c04.mp4,p18,m,test,7
Eat.Attable_p13_r12_v09_c01.mp4,p13,f,train,11
Eat.Attable_p16_r13_v06_c02.mp4,p16,f,test,11
Readbook_p17_r01_v04_c04.mp4,p17,m,train,24
Walk_p11_r06_v06_c04.mp4,p11,f,test,30
Walk_p03_r14_v12_c01.mp4,p03,m,train,30
Drink.Fromcup_p06_r02_v10_c01.mp4,p06,f,train,9
Takepills_p04_r02_v04_c05.mp4,p04,f,train,26
Walk_p04_r10_v17_c06.mp4,p04,f,train,30
Readbook_p02_r00_v04_c04.mp4,p02,f,test,24
Sitdown_p06_r02_v05_c05.mp4,p06,f,train,25
Drink.Fromcup_p13_r01_v11_c02.mp4,p13,f,train,9
Walk_p09_r02_v09_c01.mp4,p09,m,train,30
Drink.Fromcup_p25_r01_v14_c06.mp4,p25,f,train,9
Drink.Fromcup_p11_r01_v08_c01.mp4,p11,f,test,9
Walk_p18_r02_v11_c02.mp4,p18,m,test,30
Getup_p15_r01_v06_c05.mp4,p15,m,train,14
Drink.Frombottle_p10_r00_v14_c06.mp4,p10,f,test,7
Cook.Stir_p10_r04_v12_c06.mp4,p10,f,test,4
Readbook_p17_r02_v04_c04.mp4,p17,m,train,24
Walk_p14_r16_v10_c02.mp4,p14,m,test,30
Getup_p11_r01_v15_c01.mp4,p11,f,test,14
WatchTV_p09_r00_v06_c05.mp4,p09,m,train,31
Eat.Attable_p07_r21_v08_c02.mp4,p07,f,train,11
Walk_p12_r03_v12_c07.mp4,p12,f,train,30
Walk_p25_r10_v11_c02.mp4,p25,f,train,30
Drink.Fromcup_p19_r04_v10_c01.mp4,p19,f,train,9
Walk_p15_r03_v05_c04.mp4,p15,m,train,30
Readbook_p06_r03_v06_c04.mp4,p06,f,train,24
Walk_p12_r14_v06_c05.mp4,p12,f,train,30
Getup_p13_r07_v10_c02.mp4,p13,f,train,14
Enter_p15_r02_v03_c04.mp4,p15,m,train,13
Cook.Stir_p09_r09_v12_c03.mp4,p09,m,train,4
Walk_p25_r15_v05_c05.mp4,p25,f,train,30
Drink.Fromcup_p16_r15_v12_c06.mp4,p16,f,test,9
Getup_p10_r10_v02_c05.mp4,p10,f,test,14
Drink.Frombottle_p14_r00_v13_c01.mp4,p14,m,test,7
Usetelephone_p13_r00_v10_c02.mp4,p13,f,train,29
Walk_p20_r13_v05_c05.mp4,p20,f,test,30
Getup_p19_r01_v10_c01.mp4,p19,f,train,14
Walk_p14_r05_v02_c05.mp4,p14,m,test,30
Getup_p19_r03_v05_c04.mp4,p19,f,train,14
Getup_p19_r00_v05_c05.mp4,p19,f,train,14
Sitdown_p10_r09_v03_c04.mp4,p10,f,test,25
Drink.Fromcup_p15_r00_v09_c02.mp4,p15,m,train,9
Walk_p17_r11_v04_c05.mp4,p17,m,train,30
Walk_p20_r07_v16_c07.mp4,p20,f,test,30
Cook.Stir_p10_r00_v12_c06.mp4,p10,f,test,4
Drink.Fromcan_p06_r03_v11_c01.mp4,p06,f,train,8
Walk_p07_r08_v06_c03.mp4,p07,f,train,30
Drink.Fromcup_p16_r06_v06_c02.mp4,p16,f,test,9
Laydown_p10_r01_v03_c05.mp4,p10,f,test,15
Laydown_p17_r01_v05_c05.mp4,p17,m,train,15
WatchTV_p06_r09_v03_c04.mp4,p06,f,train,31
Readbook_p03_r04_v01_c05.mp4,p03,m,train,24
Getup_p12_r00_v03_c05.mp4,p12,f,train,14
Walk_p15_r05_v02_c04.mp4,p15,m,train,30
Usetelephone_p12_r03_v04_c05.mp4,p12,f,train,29
Sitdown_p10_r07_v02_c04.mp4,p10,f,test,25
Drink.Fromcup_p04_r07_v05_c05.mp4,p04,f,train,9
Walk_p17_r16_v15_c06.mp4,p17,m,train,30
Drink.Fromcan_p14_r02_v10_c01.mp4,p14,m,test,8
Walk_p12_r15_v07_c04.mp4,p12,f,train,30
Drink.Fromcup_p15_r02_v10_c02.mp4,p15,m,train,9
Walk_p07_r11_v21_c06.mp4,p07,f,train,30
Walk_p03_r33_v02_c04.mp4,p03,m,train,30
Cook.Stir_p17_r10_v14_c07.mp4,p17,m,train,4
Walk_p15_r02_v12_c01.mp4,p15,m,train,30
Cook.Stir_p20_r11_v16_c07.mp4,p20,f,test,4
Walk_p19_r15_v12_c06.mp4,p19,f,train,30
Enter_p06_r00_v15_c01.mp4,p06,f,train,13
Sitdown_p12_r09_v05_c04.mp4,p12,f,train,25
Enter_p07_r03_v04_c07.mp4,p07,f,train,13
Usetelephone_p13_r00_v20_c06.mp4,p13,f,train,29
Walk_p20_r07_v07_c05.mp4,p20,f,test,30
Cook.Cleanup_p13_r00_v23_c06.mp4,p13,f,train,2
Walk_p17_r03_v06_c05.mp4,p17,m,train,30
Drink.Fromcup_p25_r00_v12_c06.mp4,p25,f,train,9
Walk_p25_r11_v06_c05.mp4,p25,f,train,30
Walk_p03_r37_v02_c05.mp4,p03,m,train,30
Cook.Stir_p25_r00_v16_c07.mp4,p25,f,train,4
Walk_p20_r08_v16_c07.mp4,p20,f,test,30
Walk_p04_r10_v15_c07.mp4,p04,f,train,30
Sitdown_p17_r09_v04_c05.mp4,p17,m,train,25
Sitdown_p03_r03_v19_c05.mp4,p03,m,train,25
Walk_p07_r05_v04_c05.mp4,p07,f,train,30
Walk_p09_r09_v12_c03.mp4,p09,m,train,30
Leave_p13_r00_v04_c04.mp4,p13,f,train,16
Cook.Stir_p17_r02_v15_c03.mp4,p17,m,train,4
Drink.Fromcan_p04_r10_v03_c04.mp4,p04,f,train,8
WatchTV_p09_r01_v06_c05.mp4,p09,m,train,31
Walk_p04_r04_v17_c07.mp4,p04,f,train,30
Pour.Frombottle_p17_r01_v05_c04.mp4,p17,m,train,21
Drink.Fromcup_p03_r00_v01_c05.mp4,p03,m,train,9
Drink.Fromglass_p03_r04_v18_c06.mp4,p03,m,train,10
Walk_p12_r06_v11_c06.mp4,p12,f,train,30
Readbook_p19_r01_v02_c04.mp4,p19,f,train,24
Drink.Fromcup_p09_r11_v05_c05.mp4,p09,m,train,9
Pour.Frombottle_p03_r01_v11_c02.mp4,p03,m,train,21
Sitdown_p25_r00_v17_c02.mp4,p25,f,train,25
Drink.Fromcup_p14_r01_v08_c05.mp4,p14,m,test,9
Walk_p09_r00_v02_c05.mp4,p09,m,train,30
Walk_p12_r17_v06_c04.mp4,p12,f,train,30
Enter_p06_r03_v15_c01.mp4,p06,f,train,13
Sitdown_p19_r04_v05_c04.mp4,p19,f,train,25
Cutbread_p15_r00_v08_c02.mp4,p15,m,train,6
Walk_p15_r23_v17_c06.mp4,p15,m,train,30
Readbook_p11_r09_v01_c04.mp4,p11,f,test,24
Drink.Fromcup_p14_r05_v11_c01.mp4,p14,m,test,9
Walk_p09_r03_v13_c07.mp4,p09,m,train,30
Sitdown_p10_r07_v05_c04.mp4,p10,f,test,25
Drink.Fromcup_p13_r03_v10_c01.mp4,p13,f,train,9
Eat.Attable_p07_r47_v08_c02.mp4,p07,f,train,11
Getup_p14_r00_v09_c02.mp4,p14,m,test,14
Readbook_p18_r08_v07_c05.mp4,p18,m,test,24
WatchTV_p20_r09_v02_c05.mp4,p20,f,test,31
Eat.Attable_p02_r04_v11_c02.mp4,p02,f,test,11
Drink.Frombottle_p14_r00_v06_c05.mp4,p14,m,test,7
Walk_p03_r18_v03_c04.mp4,p03,m,train,30
Laydown_p18_r01_v03_c04.mp4,p18,m,test,15
Usetelephone_p12_r01_v04_c05.mp4,p12,f,train,29
WatchTV_p20_r03_v04_c05.mp4,p20,f,test,31
Walk_p25_r00_v02_c04.mp4,p25,f,train,30
Cook.Stir_p07_r01_v21_c06.mp4,p07,f,train,4
Cook.Cleandishes_p04_r00_v17_c03.mp4,p04,f,train,1
Cook.Stir_p04_r02_v17_c07.mp4,p04,f,train,4
Drink.Fromcup_p10_r05_v09_c01.mp4,p10,f,test,9
WatchTV_p16_r20_v02_c05.mp4,p16,f,test,31
Drink.Fromcup_p15_r00_v06_c04.mp4,p15,m,train,9
Walk_p12_r11_v01_c04.mp4,p12,f,train,30
Drink.Fromcup_p07_r05_v04_c05.mp4,p07,f,train,9
Walk_p19_r03_v11_c06.mp4,p19,f,train,30
Eat.Snack_p10_r03_v13_c03.mp4,p10,f,test,12
Getup_p10_r01_v05_c04.mp4,p10,f,test,14
Sitdown_p20_r04_v01_c05.mp4,p20,f,test,25
Cook.Cleanup_p10_r02_v12_c03.mp4,p10,f,test,2
Cook.Cut_p04_r02_v17_c06.mp4,p04,f,train,3
Walk_p13_r07_v25_c05.mp4,p13,f,train,30
Walk_p07_r00_v10_c02.mp4,p07,f,train,30
Sitdown_p14_r13_v02_c04.mp4,p14,m,test,25
Uselaptop_p14_r04_v07_c04.mp4,p14,m,test,27
Sitdown_p06_r01_v05_c05.mp4,p06,f,train,25
Walk_p12_r17_v07_c05.mp4,p12,f,train,30
Eat.Attable_p18_r12_v09_c01.mp4,p18,m,test,11
Eat.Attable_p14_r12_v09_c01.mp4,p14,m,test,11
Walk_p03_r00_v02_c04.mp4,p03,m,train,30
Drink.Fromcup_p10_r01_v05_c05.mp4,p10,f,test,9
Cook.Cleandishes_p16_r07_v12_c07.mp4,p16,f,test,1
Drink.Fromcup_p17_r14_v01_c05.mp4,p17,m,train,9
Drink.Fromcup_p13_r04_v21_c03.mp4,p13,f,train,9
Getup_p02_r00_v07_c04.mp4,p02,f,test,14
Cook.Cut_p20_r10_v15_c07.mp4,p20,f,test,3
Usetelephone_p13_r01_v24_c05.mp4,p13,f,train,29
Walk_p03_r04_v12_c02.mp4,p03,m,train,30
Walk_p03_r01_v19_c04.mp4,p03,m,train,30
Drink.Fromcup_p10_r01_v03_c04.mp4,p10,f,test,9
Enter_p09_r00_v12_c03.mp4,p09,m,train,13
Getup_p09_r08_v03_c04.mp4,p09,m,train,14
Readbook_p14_r03_v11_c01.mp4,p14,m,test,24
Sitdown_p12_r10_v05_c05.mp4,p12,f,train,25
Enter_p10_r03_v13_c03.mp4,p10,f,test,13
Readbook_p15_r01_v04_c04.mp4,p15,m,train,24
Drink.Frombottle_p18_r05_v05_c04.mp4,p18,m,test,7
Walk_p20_r09_v15_c07.mp4,p20,f,test,30
Drink.Fromcup_p13_r00_v24_c04.mp4,p13,f,train,9
Walk_p20_r12_v03_c05.mp4,p20,f,test,30
Eat.Attable_p17_r00_v10_c02.mp4,p17,m,train,11
Drink.Fromcup_p04_r09_v15_c03.mp4,p04,f,train,9
Usetelephone_p06_r01_v14_c01.mp4,p06,f,train,29
Cook.Cleanup_p10_r05_v11_c03.mp4,p10,f,test,2
Walk_p11_r01_v07_c04.mp4,p11,f,test,30
Drink.Fromcan_p03_r06_v07_c05.mp4,p03,m,train,8
Enter_p19_r00_v02_c05.mp4,p19,f,train,13
Sitdown_p25_r09_v06_c04.mp4,p25,f,train,25
Walk_p02_r14_v14_c03.mp4,p02,f,test,30
Drink.Fromcup_p10_r00_v06_c05.mp4,p10,f,test,9
Eat.Attable_p16_r22_v06_c01.mp4,p16,f,test,11
Walk_p12_r11_v06_c04.mp4,p12,f,train,30
WatchTV_p20_r06_v02_c05.mp4,p20,f,test,31
Walk_p02_r15_v14_c03.mp4,p02,f,test,30
Drink.Fromcup_p07_r08_v21_c06.mp4,p07,f,train,9
Walk_p25_r14_v14_c06.mp4,p25,f,train,30
Walk_p14_r29_v06_c05.mp4,p14,m,test,30
Usetelephone_p20_r01_v03_c05.mp4,p20,f,test,29
Walk_p02_r10_v09_c05.mp4,p02,f,test,30
Drink.Fromcan_p13_r01_v23_c06.mp4,p13,f,train,8
Walk_p17_r29_v04_c05.mp4,p17,m,train,30
Eat.Snack_p06_r01_v11_c01.mp4,p06,f,train,12
Drink.Fromcup_p25_r10_v01_c04.mp4,p25,f,train,9
Eat.Attable_p09_r01_v09_c01.mp4,p09,m,train,11
Cook.Stir_p02_r10_v14_c06.mp4,p02,f,test,4
Readbook_p15_r02_v01_c04.mp4,p15,m,train,24
Makecoffee.Pourgrains_p14_r00_v14_c06.mp4,p14,m,test,17
Usetelephone_p13_r00_v20_c03.mp4,p13,f,train,29
WatchTV_p10_r00_v01_c04.mp4,p10,f,test,31
Sitdown_p18_r02_v10_c01.mp4,p18,m,test,25
Readbook_p02_r03_v18_c05.mp4,p02,f,test,24
Getup_p20_r06_v09_c01.mp4,p20,f,test,14
Readbook_p17_r11_v08_c01.mp4,p17,m,train,24
Walk_p14_r20_v07_c04.mp4,p14,m,test,30
Getup_p07_r03_v10_c02.mp4,p07,f,train,14
Cook.Cleandishes_p09_r00_v12_c06.mp4,p09,m,train,1
Takepills_p17_r01_v05_c04.mp4,p17,m,train,26
Drink.Fromcup_p14_r04_v09_c01.mp4,p14,m,test,9
Drink.Fromcup_p15_r08_v09_c02.mp4,p15,m,train,9
Walk_p04_r04_v16_c07.mp4,p04,f,train,30
Leave_p20_r00_v15_c07.mp4,p20,f,test,16
Sitdown_p06_r01_v05_c04.mp4,p06,f,train,25
Leave_p03_r02_v10_c01.mp4,p03,m,train,16
Sitdown_p13_r06_v10_c01.mp4,p13,f,train,25
Drink.Fromcup_p15_r01_v03_c05.mp4,p15,m,train,9
Walk_p02_r23_v09_c05.mp4,p02,f,test,30
WatchTV_p07_r19_v04_c05.mp4,p07,f,train,31
Getup_p18_r02_v12_c01.mp4,p18,m,test,14
Sitdown_p10_r10_v05_c05.mp4,p10,f,test,25
Getup_p04_r00_v01_c05.mp4,p04,f,train,14
Enter_p04_r00_v14_c07.mp4,p04,f,train,13
Walk_p09_r03_v07_c04.mp4,p09,m,train,30
Getup_p14_r01_v10_c02.mp4,p14,m,test,14
Walk_p17_r17_v12_c03.mp4,p17,m,train,30
Walk_p07_r00_v20_c03.mp4,p07,f,train,30
Drink.Fromcup_p02_r02_v15_c06.mp4,p02,f,test,9
Walk_p20_r02_v14_c07.mp4,p20,f,test,30
Cook.Cleanup_p15_r00_v14_c06.mp4,p15,m,train,2
Uselaptop_p17_r01_v06_c05.mp4,p17,m,train,27
Sitdown_p10_r00_v01_c05.mp4,p10,f,test,25
WatchTV_p12_r00_v02_c05.mp4,p12,f,train,31
Drink.Fromcup_p19_r12_v08_c02.mp4,p19,f,train,9
Drink.Fromcup_p13_r06_v05_c04.mp4,p13,f,train,9
Uselaptop_p17_r01_v04_c04.mp4,p17,m,train,27
Readbook_p16_r09_v06_c02.mp4,p16,f,test,24
Walk_p15_r06_v13_c06.mp4,p15,m,train,30
WatchTV_p25_r02_v01_c04.mp4,p25,f,train,31
Enter_p18_r02_v05_c04.mp4,p18,m,test,13
Drink.Fromcup_p13_r00_v24_c05.mp4,p13,f,train,9
Cook.Cleanup_p03_r08_v18_c03.mp4,p03,m,train,2
Walk_p04_r05_v16_c06.mp4,p04,f,train,30
Walk_p16_r02_v12_c07.mp4,p16,f,test,30
Walk_p02_r01_v10_c06.mp4,p02,f,test,30
Readbook_p17_r09_v08_c01.mp4,p17,m,train,24
Walk_p11_r10_v13_c06.mp4,p11,f,test,30
Drink.Fromcan_p15_r01_v09_c01.mp4,p15,m,train,8
Drink.Fromcan_p14_r04_v10_c02.mp4,p14,m,test,8
Cook.Cut_p04_r00_v17_c06.mp4,p04,f,train,3
Eat.Attable_p04_r24_v08_c02.mp4,p04,f,train,11
Readbook_p06_r04_v06_c04.mp4,p06,f,train,24
Walk_p19_r12_v11_c06.mp4,p19,f,train,30
Walk_p09_r05_v05_c05.mp4,p09,m,train,30
Eat.Attable_p13_r33_v19_c01.mp4,p13,f,train,11
Eat.Attable_p17_r05_v10_c01.mp4,p17,m,train,11
Drink.Fromglass_p02_r00_v06_c05.mp4,p02,f,test,10
Readbook_p16_r02_v08_c02.mp4,p16,f,test,24
Walk_p25_r27_v04_c04.mp4,p25,f,train,30
Drink.Fromcup_p25_r02_v03_c04.mp4,p25,f,train,9
Enter_p07_r03_v06_c05.mp4,p07,f,train,13
Walk_p17_r02_v01_c05.mp4,p17,m,train,30
Cook.Cleandishes_p04_r03_v14_c06.mp4,p04,f,train,1
Uselaptop_p13_r01_v11_c01.mp4,p13,f,train,27
Walk_p17_r05_v06_c05.mp4,p17,m,train,30
Cook.Stir_p17_r01_v15_c07.mp4,p17,m,train,4
Getup_p10_r04_v06_c05.mp4,p10,f,test,14
Walk_p03_r04_v12_c01.mp4,p03,m,train,30
Walk_p03_r02_v19_c05.mp4,p03,m,train,30
Leave_p15_r00_v06_c04.mp4,p15,m,train,16
Walk_p11_r02_v15_c01.mp4,p11,f,test,30
Walk_p03_r09_v19_c05.mp4,p03,m,train,30
Readbook_p12_r07_v01_c04.mp4,p12,f,train,24
WatchTV_p25_r07_v01_c04.mp4,p25,f,train,31
Walk_p17_r18_v10_c02.mp4,p17,m,train,30
Eat.Snack_p17_r00_v14_c06.mp4,p17,m,train,12
Maketea.Insertteabag_p03_r01_v15_c06.mp4,p03,m,train,20
Walk_p20_r07_v13_c03.mp4,p20,f,test,30
Pour.Frombottle_p14_r03_v03_c04.mp4,p14,m,test,21
Walk_p14_r09_v05_c05.mp4,p14,m,test,30
Uselaptop_p06_r00_v05_c05.mp4,p06,f,train,27
Walk_p11_r21_v07_c04.mp4,p11,f,test,30
Getup_p14_r14_v02_c05.mp4,p14,m,test,14
Walk_p03_r33_v02_c05.mp4,p03,m,train,30
Sitdown_p06_r04_v09_c01.mp4,p06,f,train,25
Eat.Snack_p16_r03_v04_c05.mp4,p16,f,test,12
Drink.Fromcup_p07_r05_v21_c06.mp4,p07,f,train,9
Readbook_p16_r07_v02_c04.mp4,p16,f,test,24
Cook.Stir_p02_r00_v15_c06.mp4,p02,f,test,4
Getup_p13_r00_v12_c02.mp4,p13,f,train,14
Walk_p14_r05_v06_c05.mp4,p14,m,test,30
Sitdown_p06_r07_v06_c05.mp4,p06,f,train,25
Walk_p14_r02_v07_c04.mp4,p14,m,test,30
Walk_p03_r04_v18_c07.mp4,p03,m,train,30
Sitdown_p04_r00_v01_c05.mp4,p04,f,train,25
Walk_p09_r02_v13_c03.mp4,p09,m,train,30
Cook.Cleanup_p07_r10_v06_c06.mp4,p07,f,train,2
Drink.Fromcup_p07_r00_v06_c05.mp4,p07,f,train,9
Cook.Cleandishes_p07_r08_v06_c06.mp4,p07,f,train,1
Drink.Fromcup_p15_r06_v01_c04.mp4,p15,m,train,9
Uselaptop_p03_r07_v03_c05.mp4,p03,m,train,27
Cook.Stir_p11_r12_v13_c03.mp4,p11,f,test,4
Drink.Fromcup_p13_r10_v10_c02.mp4,p13,f,train,9
Takepills_p04_r04_v04_c04.mp4,p04,f,train,26
Takepills_p17_r00_v04_c04.mp4,p17,m,train,26
WatchTV_p09_r00_v05_c05.mp4,p09,m,train,31
Drink.Fromcup_p15_r02_v04_c04.mp4,p15,m,train,9
Eat.Snack_p13_r02_v21_c06.mp4,p13,f,train,12
Cook.Cleanup_p07_r13_v20_c03.mp4,p07,f,train,2
Maketea.Insertteabag_p11_r01_v12_c03.mp4,p11,f,test,20
Walk_p19_r00_v09_c02.mp4,p19,f,train,30
Drink.Fromcup_p09_r00_v03_c04.mp4,p09,m,train,9
Walk_p16_r02_v14_c03.mp4,p16,f,test,30
Cook.Stir_p19_r04_v12_c06.mp4,p19,f,train,4
Pour.Frombottle_p02_r00_v09_c05.mp4,p02,f,test,21
Drink.Fromcan_p06_r00_v11_c02.mp4,p06,f,train,8
Cook.Cleandishes_p10_r03_v13_c03.mp4,p10,f,test,1
Pour.Frombottle_p18_r01_v12_c02.mp4,p18,m,test,21
Walk_p07_r01_v10_c01.mp4,p07,f,train,30
Takepills_p14_r00_v12_c02.mp4,p14,m,test,26
Leave_p11_r00_v12_c06.mp4,p11,f,test,16
Enter_p10_r01_v01_c05.mp4,p10,f,test,13
Cook.Stir_p17_r01_v15_c06.mp4,p17,m,train,4
Drink.Fromcup_p17_r01_v09_c01.mp4,p17,m,train,9
WatchTV_p12_r01_v03_c05.mp4,p12,f,train,31
Readbook_p19_r00_v10_c02.mp4,p19,f,train,24
Usetelephone_p15_r03_v11_c02.mp4,p15,m,train,29
WatchTV_p04_r01_v04_c04.mp4,p04,f,train,31
Readbook_p20_r01_v01_c04.mp4,p20,f,test,24
Readbook_p02_r05_v06_c05.mp4,p02,f,test,24
Drink.Fromcup_p04_r04_v15_c03.mp4,p04,f,train,9
Eat.Attable_p11_r06_v08_c01.mp4,p11,f,test,11
Getup_p06_r06_v06_c04.mp4,p06,f,train,14
Walk_p12_r06_v12_c07.mp4,p12,f,train,30
Leave_p09_r03_v13_c06.mp4,p09,m,train,16
Usetelephone_p18_r03_v08_c04.mp4,p18,m,test,29
Uselaptop_p17_r03_v03_c05.mp4,p17,m,train,27
Eat.Attable_p07_r22_v08_c02.mp4,p07,f,train,11
WatchTV_p20_r00_v06_c05.mp4,p20,f,test,31
Drink.Frombottle_p14_r03_v10_c02.mp4,p14,m,test,7
Walk_p10_r07_v12_c03.mp4,p10,f,test,30
Enter_p03_r00_v18_c07.mp4,p03,m,train,13
Walk_p02_r00_v14_c03.mp4,p02,f,test,30
Drink.Fromcup_p10_r06_v03_c05.mp4,p10,f,test,9
Usetablet_p03_r01_v05_c05.mp4,p03,m,train,28
WatchTV_p02_r00_v04_c05.mp4,p02,f,test,31
Uselaptop_p13_r01_v11_c02.mp4,p13,f,train,27
Walk_p16_r34_v12_c06.mp4,p16,f,test,30
Pour.Frombottle_p02_r01_v09_c05.mp4,p02,f,test,21
Readbook_p19_r08_v08_c01.mp4,p19,f,train,24
Laydown_p20_r01_v02_c04.mp4,p20,f,test,15
Cook.Cleanup_p25_r00_v16_c06.mp4,p25,f,train,2
Drink.Fromcup_p06_r00_v07_c02.mp4,p06,f,train,9
Eat.Snack_p06_r05_v06_c05.mp4,p06,f,train,12
Drink.Fromcup_p04_r01_v09_c02.mp4,p04,f,train,9
Takepills_p20_r01_v03_c05.mp4,p20,f,test,26
Drink.Fromcup_p15_r00_v13_c06.mp4,p15,m,train,9
Eat.Attable_p02_r19_v11_c01.mp4,p02,f,test,11
Getup_p06_r05_v06_c04.mp4,p06,f,train,14
Walk_p15_r04_v14_c03.mp4,p15,m,train,30
WatchTV_p10_r04_v05_c05.mp4,p10,f,test,31
Sitdown_p19_r01_v09_c01.mp4,p19,f,train,25
Usetelephone_p02_r01_v09_c05.mp4,p02,f,test,29
Sitdown_p06_r04_v06_c04.mp4,p06,f,train,25
Walk_p16_r00_v12_c03.mp4,p16,f,test,30
Drink.Fromcup_p13_r02_v12_c01.mp4,p13,f,train,9
Pour.Fromcan_p20_r01_v07_c04.mp4,p20,f,test,22
Walk_p12_r10_v05_c05.mp4,p12,f,train,30
Walk_p06_r06_v13_c03.mp4,p06,f,train,30
Enter_p07_r03_v03_c05.mp4,p07,f,train,13
Walk_p07_r03_v01_c03.mp4,p07,f,train,30
Readbook_p12_r03_v04_c05.mp4,p12,f,train,24
Drink.Fromglass_p25_r00_v10_c02.mp4,p25,f,train,10
Drink.Fromglass_p13_r03_v06_c04.mp4,p13,f,train,10
Walk_p09_r08_v12_c03.mp4,p09,m,train,30
Leave_p10_r04_v13_c03.mp4,p10,f,test,16
Walk_p11_r22_v05_c04.mp4,p11,f,test,30
Cook.Stir_p09_r09_v12_c06.mp4,p09,m,train,4
Getup_p06_r03_v11_c02.mp4,p06,f,train,14
Walk_p17_r16_v06_c05.mp4,p17,m,train,30
Sitdown_p13_r03_v11_c02.mp4,p13,f,train,25
Drink.Fromcup_p10_r00_v10_c01.mp4,p10,f,test,9
Walk_p19_r02_v05_c05.mp4,p19,f,train,30
Drink.Fromcup_p06_r02_v09_c01.mp4,p06,f,train,9
Takepills_p03_r01_v18_c06.mp4,p03,m,train,26
Walk_p14_r40_v05_c05.mp4,p14,m,test,30
Walk_p20_r02_v15_c07.mp4,p20,f,test,30
Walk_p07_r01_v05_c05.mp4,p07,f,train,30
WatchTV_p19_r02_v01_c05.mp4,p19,f,train,31
Walk_p17_r30_v04_c05.mp4,p17,m,train,30
Sitdown_p17_r00_v08_c01.mp4,p17,m,train,25
Takepills_p25_r01_v05_c05.mp4,p25,f,train,26
Drink.Fromcup_p25_r05_v10_c02.mp4,p25,f,train,9
Makecoffee.Pourgrains_p15_r00_v17_c06.mp4,p15,m,train,17
Drink.Fromcup_p19_r10_v04_c05.mp4,p19,f,train,9
Walk_p17_r03_v09_c02.mp4,p17,m,train,30
Walk_p11_r06_v04_c04.mp4,p11,f,test,30
Pour.Frombottle_p25_r00_v14_c06.mp4,p25,f,train,21
Laydown_p15_r00_v07_c05.mp4,p15,m,train,15
Eat.Attable_p13_r01_v09_c01.mp4,p13,f,train,11
Leave_p13_r00_v21_c03.mp4,p13,f,train,16
Walk_p25_r01_v14_c07.mp4,p25,f,train,30
Walk_p15_r01_v17_c07.mp4,p15,m,train,30
Leave_p09_r00_v14_c03.mp4,p09,m,train,16
Leave_p10_r00_v06_c05.mp4,p10,f,test,16
Uselaptop_p11_r01_v15_c01.mp4,p11,f,test,27
Walk_p04_r02_v04_c05.mp4,p04,f,train,30
Walk_p02_r16_v02_c03.mp4,p02,f,test,30
WatchTV_p02_r02_v04_c04.mp4,p02,f,test,31
Getup_p06_r01_v26_c01.mp4,p06,f,train,14
Walk_p14_r01_v15_c07.mp4,p14,m,test,30
Getup_p10_r01_v03_c04.mp4,p10,f,test,14
Drink.Fromcup_p06_r02_v08_c01.mp4,p06,f,train,9
Walk_p16_r00_v05_c04.mp4,p16,f,test,30
Uselaptop_p04_r04_v03_c04.mp4,p04,f,train,27
Drink.Fromcup_p25_r07_v01_c05.mp4,p25,f,train,9
Walk_p11_r03_v13_c06.mp4,p11,f,test,30
Cook.Stir_p25_r03_v15_c06.mp4,p25,f,train,4
Takepills_p02_r00_v15_c06.mp4,p02,f,test,26
Walk_p17_r09_v04_c05.mp4,p17,m,train,30
Cook.Cleandishes_p10_r03_v14_c03.mp4,p10,f,test,1
Getup_p15_r00_v08_c02.mp4,p15,m,train,14
Leave_p09_r03_v08_c01.mp4,p09,m,train,16
Enter_p15_r00_v04_c04.mp4,p15,m,train,13
Uselaptop_p17_r03_v03_c04.mp4,p17,m,train,27
Getup_p06_r04_v15_c01.mp4,p06,f,train,14
Walk_p04_r14_v17_c06.mp4,p04,f,train,30
Laydown_p10_r05_v03_c04.mp4,p10,f,test,15
Walk_p07_r03_v07_c05.mp4,p07,f,train,30
Cook.Cleandishes_p07_r01_v06_c06.mp4,p07,f,train,1
Walk_p16_r04_v03_c05.mp4,p16,f,test,30
Sitdown_p17_r04_v09_c01.mp4,p17,m,train,25
Drink.Fromcup_p16_r01_v02_c05.mp4,p16,f,test,9
Drink.Fromcup_p16_r01_v14_c06.mp4,p16,f,test,9
Walk_p15_r08_v04_c04.mp4,p15,m,train,30
Drink.Fromcup_p04_r15_v05_c05.mp4,p04,f,train,9
Drink.Frombottle_p03_r01_v03_c04.mp4,p03,m,train,7
Sitdown_p17_r03_v09_c01.mp4,p17,m,train,25
Eat.Attable_p11_r20_v08_c01.mp4,p11,f,test,11
Eat.Attable_p07_r37_v08_c01.mp4,p07,f,train,11
Pour.Frombottle_p12_r01_v02_c05.mp4,p12,f,train,21
Drink.Fromcup_p19_r04_v09_c02.mp4,p19,f,train,9
Usetelephone_p17_r03_v02_c04.mp4,p17,m,train,29
Drink.Frombottle_p14_r00_v05_c04.mp4,p14,m,test,7
WatchTV_p06_r04_v03_c04.mp4,p06,f,train,31
Walk_p06_r02_v05_c05.mp4,p06,f,train,30
Usetelephone_p04_r00_v06_c05.mp4,p04,f,train,29
Drink.Fromcup_p13_r04_v11_c02.mp4,p13,f,train,9
Drink.Frombottle_p16_r00_v14_c03.mp4,p16,f,test,7
Leave_p10_r01_v12_c03.mp4,p10,f,test,16
Drink.Fromcup_p15_r03_v14_c03.mp4,p15,m,train,9
Drink.Fromcup_p13_r03_v13_c02.mp4,p13,f,train,9
Readbook_p04_r01_v10_c01.mp4,p04,f,train,24
Cook.Stir_p18_r11_v15_c07.mp4,p18,m,test,4
Cook.Cut_p17_r15_v14_c06.mp4,p17,m,train,3
Walk_p13_r04_v06_c04.mp4,p13,f,train,30
Cook.Cleanup_p15_r02_v13_c03.mp4,p15,m,train,2
Drink.Fromcup_p06_r03_v26_c01.mp4,p06,f,train,9
Drink.Fromcup_p19_r08_v07_c01.mp4,p19,f,train,9
WatchTV_p06_r00_v05_c05.mp4,p06,f,train,31
Walk_p12_r05_v01_c04.mp4,p12,f,train,30
Walk_p03_r07_v15_c06.mp4,p03,m,train,30
Walk_p15_r11_v02_c04.mp4,p15,m,train,30
Walk_p02_r06_v09_c05.mp4,p02,f,test,30
Drink.Fromcup_p04_r05_v17_c06.mp4,p04,f,train,9
Getup_p16_r00_v10_c01.mp4,p16,f,test,14
Walk_p10_r05_v11_c07.mp4,p10,f,test,30
Walk_p17_r03_v07_c02.mp4,p17,m,train,30
Eat.Attable_p13_r09_v19_c01.mp4,p13,f,train,11
Drink.Fromcup_p14_r02_v01_c05.mp4,p14,m,test,9
Takepills_p25_r03_v05_c04.mp4,p25,f,train,26
Drink.Fromcup_p11_r00_v12_c06.mp4,p11,f,test,9
Drink.Fromcup_p14_r03_v01_c04.mp4,p14,m,test,9
Enter_p02_r00_v01_c07.mp4,p02,f,test,13
Readbook_p06_r05_v07_c02.mp4,p06,f,train,24
Sitdown_p06_r01_v06_c04.mp4,p06,f,train,25
Sitdown_p14_r03_v13_c02.mp4,p14,m,test,25
Enter_p04_r00_v10_c02.mp4,p04,f,train,13
Sitdown_p07_r05_v02_c05.mp4,p07,f,train,25
Leave_p07_r00_v04_c05.mp4,p07,f,train,16
Getup_p06_r05_v09_c02.mp4,p06,f,train,14
Readbook_p17_r02_v08_c01.mp4,p17,m,train,24
Eat.Attable_p11_r11_v08_c01.mp4,p11,f,test,11
Walk_p03_r14_v03_c05.mp4,p03,m,train,30
Getup_p04_r01_v04_c05.mp4,p04,f,train,14
WatchTV_p14_r03_v07_c05.mp4,p14,m,test,31
Sitdown_p13_r08_v10_c02.mp4,p13,f,train,25
Walk_p06_r02_v13_c06.mp4,p06,f,train,30
Pour.Fromkettle_p25_r00_v12_c07.mp4,p25,f,train,23
Eat.Attable_p13_r05_v08_c02.mp4,p13,f,train,11
Walk_p19_r05_v11_c06.mp4,p19,f,train,30
Getup_p14_r07_v04_c05.mp4,p14,m,test,14
Eat.Snack_p15_r03_v16_c03.mp4,p15,m,train,12
Walk_p02_r02_v18_c05.mp4,p02,f,test,30
WatchTV_p03_r01_v07_c05.mp4,p03,m,train,31
Readbook_p17_r06_v04_c04.mp4,p17,m,train,24
Enter_p07_r01_v05_c05.mp4,p07,f,train,13
Walk_p13_r04_v08_c02.mp4,p13,f,train,30
Drink.Fromcan_p25_r05_v06_c05.mp4,p25,f,train,8
Drink.Fromcan_p03_r09_v02_c05.mp4,p03,m,train,8
Getup_p20_r00_v05_c05.mp4,p20,f,test,14
Walk_p09_r05_v13_c06.mp4,p09,m,train,30
Walk_p03_r01_v10_c02.mp4,p03,m,train,30
Makecoffee.Pourgrains_p06_r00_v12_c06.mp4,p06,f,train,17
Uselaptop_p25_r04_v04_c04.mp4,p25,f,train,27
Eat.Snack_p03_r00_v04_c04.mp4,p03,m,train,12
Drink.Fromcup_p02_r04_v14_c06.mp4,p02,f,test,9
Uselaptop_p15_r00_v09_c01.mp4,p15,m,train,27
Drink.Fromcup_p10_r09_v10_c01.mp4,p10,f,test,9
Drink.Fromglass_p03_r06_v18_c06.mp4,p03,m,train,10
Walk_p20_r10_v06_c05.mp4,p20,f,test,30
Drink.Frombottle_p12_r01_v05_c05.mp4,p12,f,train,7
Drink.Fromcan_p04_r02_v03_c05.mp4,p04,f,train,8
Readbook_p06_r01_v08_c01.mp4,p06,f,train,24
Walk_p15_r05_v09_c02.mp4,p15,m,train,30
Sitdown_p04_r02_v01_c04.mp4,p04,f,train,25
Walk_p25_r01_v15_c07.mp4,p25,f,train,30
Eat.Snack_p10_r01_v13_c06.mp4,p10,f,test,12
Getup_p12_r06_v03_c05.mp4,p12,f,train,14
Drink.Fromcup_p13_r04_v24_c04.mp4,p13,f,train,9
Cook.Cleanup_p15_r08_v13_c06.mp4,p15,m,train,2
Leave_p10_r00_v14_c06.mp4,p10,f,test,16
WatchTV_p16_r04_v03_c05.mp4,p16,f,test,31
Readbook_p03_r00_v04_c04.mp4,p03,m,train,24
Drink.Fromcup_p04_r02_v05_c05.mp4,p04,f,train,9
Getup_p15_r05_v10_c02.mp4,p15,m,train,14
Drink.Fromcup_p20_r02_v03_c05.mp4,p20,f,test,9
Drink.Fromcup_p12_r05_v01_c04.mp4,p12,f,train,9
Drink.Fromcup_p04_r03_v05_c04.mp4,p04,f,train,9
Cook.Cleandishes_p03_r03_v16_c06.mp4,p03,m,train,1
Enter_p04_r00_v01_c04.mp4,p04,f,train,13
Walk_p09_r02_v14_c06.mp4,p09,m,train,30
Walk_p19_r08_v01_c05.mp4,p19,f,train,30
Drink.Frombottle_p10_r00_v13_c06.mp4,p10,f,test,7
WatchTV_p14_r03_v06_c05.mp4,p14,m,test,31
Getup_p14_r00_v02_c04.mp4,p14,m,test,14
Enter_p16_r00_v12_c07.mp4,p16,f,test,13
Walk_p15_r11_v16_c07.mp4,p15,m,train,30
Drink.Fromcup_p09_r06_v08_c01.mp4,p09,m,train,9
Sitdown_p12_r06_v06_c04.mp4,p12,f,train,25
Drink.Fromcup_p04_r02_v12_c01.mp4,p04,f,train,9
Cook.Cleanup_p18_r02_v13_c03.mp4,p18,m,test,2
Takepills_p04_r00_v06_c05.mp4,p04,f,train,26
Drink.Fromcan_p06_r02_v14_c02.mp4,p06,f,train,8
Walk_p12_r16_v05_c05.mp4,p12,f,train,30
Cook.Stir_p15_r00_v16_c07.mp4,p15,m,train,4
WatchTV_p02_r00_v05_c04.mp4,p02,f,test,31
Sitdown_p13_r05_v10_c01.mp4,p13,f,train,25
Drink.Fromcan_p14_r00_v04_c05.mp4,p14,m,test,8
Takepills_p04_r06_v04_c04.mp4,p04,f,train,26
Sitdown_p07_r01_v06_c05.mp4,p07,f,train,25
Sitdown_p06_r01_v15_c02.mp4,p06,f,train,25
Cook.Stir_p04_r04_v17_c06.mp4,p04,f,train,4
Cook.Cleandishes_p07_r03_v20_c03.mp4,p07,f,train,1
Sitdown_p14_r06_v13_c01.mp4,p14,m,test,25
Drink.Fromcup_p06_r02_v02_c04.mp4,p06,f,train,9
Leave_p10_r01_v06_c04.mp4,p10,f,test,16
Walk_p17_r04_v08_c02.mp4,p17,m,train,30
Walk_p07_r07_v05_c05.mp4,p07,f,train,30
Walk_p25_r25_v05_c05.mp4,p25,f,train,30
Drink.Fromcan_p03_r00_v07_c04.mp4,p03,m,train,8
Drink.Fromcup_p15_r02_v09_c01.mp4,p15,m,train,9
Drink.Fromcup_p03_r11_v04_c04.mp4,p03,m,train,9
Walk_p25_r00_v01_c05.mp4,p25,f,train,30
Walk_p02_r05_v01_c07.mp4,p02,f,test,30
Walk_p12_r15_v05_c05.mp4,p12,f,train,30
Readbook_p02_r02_v06_c05.mp4,p02,f,test,24
Drink.Fromcup_p19_r04_v09_c01.mp4,p19,f,train,9
Walk_p11_r02_v11_c07.mp4,p11,f,test,30
Cook.Cleanup_p07_r05_v20_c03.mp4,p07,f,train,2
Readbook_p10_r00_v05_c04.mp4,p10,f,test,24
Readbook_p03_r03_v07_c04.mp4,p03,m,train,24
Sitdown_p09_r00_v06_c04.mp4,p09,m,train,25
Drink.Fromcup_p07_r01_v22_c03.mp4,p07,f,train,9
Walk_p16_r07_v03_c05.mp4,p16,f,test,30
Walk_p04_r02_v05_c05.mp4,p04,f,train,30
Laydown_p03_r03_v06_c05.mp4,p03,m,train,15
Cook.Cut_p20_r00_v15_c07.mp4,p20,f,test,3
Walk_p11_r08_v03_c04.mp4,p11,f,test,30
Takepills_p10_r00_v13_c06.mp4,p10,f,test,26
Walk_p17_r21_v05_c05.mp4,p17,m,train,30
Enter_p09_r02_v12_c03.mp4,p09,m,train,13
Walk_p14_r16_v07_c04.mp4,p14,m,test,30
Cook.Cleanup_p11_r00_v11_c03.mp4,p11,f,test,2
Drink.Fromcan_p14_r00_v07_c04.mp4,p14,m,test,8
Uselaptop_p04_r01_v06_c04.mp4,p04,f,train,27
Readbook_p19_r01_v02_c05.mp4,p19,f,train,24
Drink.Fromcup_p03_r03_v15_c03.mp4,p03,m,train,9
Cook.Cut_p09_r00_v13_c03.mp4,p09,m,train,3
Drink.Fromcup_p04_r14_v05_c05.mp4,p04,f,train,9
Walk_p03_r01_v16_c06.mp4,p03,m,train,30
Walk_p03_r00_v11_c02.mp4,p03,m,train,30
Walk_p13_r06_v06_c04.mp4,p13,f,train,30
Walk_p25_r03_v04_c05.mp4,p25,f,train,30
Walk_p17_r04_v11_c03.mp4,p17,m,train,30
Walk_p25_r03_v15_c03.mp4,p25,f,train,30
Walk_p16_r07_v15_c07.mp4,p16,f,test,30
Walk_p02_r02_v02_c07.mp4,p02,f,test,30
Readbook_p16_r00_v02_c04.mp4,p16,f,test,24
WatchTV_p07_r06_v04_c05.mp4,p07,f,train,31
Readbook_p02_r00_v09_c05.mp4,p02,f,test,24
Laydown_p12_r00_v05_c05.mp4,p12,f,train,15
Sitdown_p07_r01_v09_c02.mp4,p07,f,train,25
Sitdown_p09_r02_v11_c01.mp4,p09,m,train,25
Eat.Attable_p25_r03_v09_c02.mp4,p25,f,train,11
Drink.Fromcan_p25_r00_v06_c05.mp4,p25,f,train,8
Uselaptop_p03_r00_v06_c04.mp4,p03,m,train,27
Walk_p07_r12_v21_c06.mp4,p07,f,train,30
Leave_p06_r00_v12_c06.mp4,p06,f,train,16
Pour.Frombottle_p14_r00_v03_c04.mp4,p14,m,test,21
Walk_p17_r01_v03_c05.mp4,p17,m,train,30
Walk_p15_r18_v15_c06.mp4,p15,m,train,30
Drink.Fromcup_p03_r04_v10_c01.mp4,p03,m,train,9
Drink.Fromcup_p25_r01_v05_c05.mp4,p25,f,train,9
Drink.Fromcup_p16_r00_v09_c02.mp4,p16,f,test,9
Walk_p12_r00_v11_c07.mp4,p12,f,train,30
WatchTV_p02_r11_v05_c04.mp4,p02,f,test,31
Eat.Snack_p16_r01_v09_c02.mp4,p16,f,test,12
Makecoffee.Pourwater_p10_r00_v11_c06.mp4,p10,f,test,18
Takepills_p17_r00_v03_c05.mp4,p17,m,train,26
Sitdown_p13_r04_v10_c02.mp4,p13,f,train,25
Cook.Stir_p17_r07_v14_c07.mp4,p17,m,train,4
Walk_p17_r09_v15_c07.mp4,p17,m,train,30
Cook.Cleanup_p11_r10_v11_c07.mp4,p11,f,test,2
Drink.Fromcup_p18_r03_v09_c02.mp4,p18,m,test,9
Walk_p13_r06_v20_c06.mp4,p13,f,train,30
Walk_p17_r14_v15_c07.mp4,p17,m,train,30
Sitdown_p14_r07_v10_c02.mp4,p14,m,test,25
Enter_p10_r03_v06_c04.mp4,p10,f,test,13
Cook.Cleandishes_p15_r02_v13_c03.mp4,p15,m,train,1
Leave_p20_r00_v16_c03.mp4,p20,f,test,16
Cook.Cleanup_p10_r04_v11_c06.mp4,p10,f,test,2
Walk_p15_r13_v16_c06.mp4,p15,m,train,30
Cook.Cleanup_p16_r04_v12_c06.mp4,p16,f,test,2
Getup_p19_r02_v02_c04.mp4,p19,f,train,14
Walk_p10_r00_v01_c05.mp4,p10,f,test,30
WatchTV_p20_r02_v06_c05.mp4,p20,f,test,31
Sitdown_p25_r08_v10_c02.mp4,p25,f,train,25
Walk_p15_r05_v05_c05.mp4,p15,m,train,30
Laydown_p09_r00_v06_c04.mp4,p09,m,train,15
Walk_p12_r04_v01_c04.mp4,p12,f,train,30
Walk_p15_r12_v02_c05.mp4,p15,m,train,30
Eat.Attable_p04_r00_v12_c01.mp4,p04,f,train,11
Eat.Attable_p11_r48_v08_c01.mp4,p11,f,test,11
Drink.Fromcup_p03_r04_v04_c04.mp4,p03,m,train,9
Walk_p03_r02_v13_c01.mp4,p03,m,train,30
Cook.Cleandishes_p10_r03_v11_c03.mp4,p10,f,test,1
Walk_p17_r09_v11_c03.mp4,p17,m,train,30
Readbook_p02_r05_v04_c04.mp4,p02,f,test,24
Takepills_p06_r00_v06_c04.mp4,p06,f,train,26
Usetelephone_p13_r01_v10_c01.mp4,p13,f,train,29
Usetelephone_p14_r03_v01_c05.mp4,p14,m,test,29
Pour.Frombottle_p25_r01_v05_c04.mp4,p25,f,train,21
Uselaptop_p16_r00_v04_c05.mp4,p16,f,test,27
Cook.Stir_p09_r08_v13_c03.mp4,p09,m,train,4
Walk_p17_r05_v12_c03.mp4,p17,m,train,30
Walk_p04_r21_v05_c04.mp4,p04,f,train,30
Takepills_p10_r03_v07_c05.mp4,p10,f,test,26
WatchTV_p16_r17_v02_c05.mp4,p16,f,test,31
Drink.Fromcup_p02_r00_v11_c01.mp4,p02,f,test,9
Walk_p04_r00_v07_c04.mp4,p04,f,train,30
Pour.Fromcan_p14_r00_v07_c05.mp4,p14,m,test,22
Cook.Cut_p17_r00_v14_c06.mp4,p17,m,train,3
Drink.Fromcup_p04_r00_v10_c02.mp4,p04,f,train,9
Pour.Fromcan_p12_r00_v06_c05.mp4,p12,f,train,22
Walk_p03_r10_v02_c04.mp4,p03,m,train,30
Drink.Fromcup_p10_r01_v13_c06.mp4,p10,f,test,9
Cook.Cleanup_p10_r00_v11_c07.mp4,p10,f,test,2
Sitdown_p02_r05_v08_c04.mp4,p02,f,test,25
Walk_p25_r14_v12_c07.mp4,p25,f,train,30
Cook.Stir_p07_r07_v21_c06.mp4,p07,f,train,4
Leave_p10_r00_v09_c01.mp4,p10,f,test,16
Getup_p11_r02_v04_c04.mp4,p11,f,test,14
Takepills_p17_r00_v03_c04.mp4,p17,m,train,26
Drink.Fromcup_p12_r01_v03_c04.mp4,p12,f,train,9
Cook.Cut_p20_r03_v15_c07.mp4,p20,f,test,3
Walk_p25_r08_v12_c07.mp4,p25,f,train,30
Readbook_p25_r03_v10_c02.mp4,p25,f,train,24
Walk_p25_r09_v15_c07.mp4,p25,f,train,30
Cook.Cut_p20_r05_v15_c07.mp4,p20,f,test,3
Usetelephone_p11_r00_v04_c04.mp4,p11,f,test,29
Cook.Stir_p16_r03_v15_c03.mp4,p16,f,test,4
Readbook_p02_r13_v12_c02.mp4,p02,f,test,24
Cook.Usestove_p09_r05_v13_c03.mp4,p09,m,train,5
Pour.Frombottle_p14_r02_v03_c05.mp4,p14,m,test,21
Readbook_p25_r03_v10_c01.mp4,p25,f,train,24
Drink.Fromcup_p04_r02_v08_c02.mp4,p04,f,train,9
Walk_p12_r08_v07_c05.mp4,p12,f,train,30
Uselaptop_p15_r01_v04_c05.mp4,p15,m,train,27
Usetelephone_p14_r01_v04_c05.mp4,p14,m,test,29
Getup_p06_r04_v15_c02.mp4,p06,f,train,14
Drink.Fromcup_p10_r08_v06_c05.mp4,p10,f,test,9
Drink.Fromcup_p12_r01_v04_c05.mp4,p12,f,train,9
Readbook_p19_r03_v08_c02.mp4,p19,f,train,24
Cook.Stir_p09_r12_v12_c06.mp4,p09,m,train,4
Leave_p09_r00_v06_c04.mp4,p09,m,train,16
Getup_p09_r03_v07_c04.mp4,p09,m,train,14
Readbook_p02_r07_v06_c05.mp4,p02,f,test,24
Walk_p03_r07_v03_c04.mp4,p03,m,train,30
WatchTV_p20_r06_v05_c05.mp4,p20,f,test,31
Usetelephone_p17_r01_v04_c04.mp4,p17,m,train,29
Walk_p03_r03_v12_c02.mp4,p03,m,train,30
Cook.Cut_p20_r07_v15_c07.mp4,p20,f,test,3
Usetelephone_p15_r02_v06_c04.mp4,p15,m,train,29
Takepills_p25_r00_v05_c04.mp4,p25,f,train,26
Drink.Fromcup_p07_r00_v10_c01.mp4,p07,f,train,9
Uselaptop_p14_r03_v06_c05.mp4,p14,m,test,27
Walk_p16_r04_v14_c03.mp4,p16,f,test,30
Walk_p09_r03_v02_c04.mp4,p09,m,train,30
Walk_p20_r09_v13_c03.mp4,p20,f,test,30
Usetablet_p03_r00_v06_c04.mp4,p03,m,train,28
Walk_p19_r01_v01_c05.mp4,p19,f,train,30
Drink.Fromcup_p02_r02_v01_c06.mp4,p02,f,test,9
Walk_p04_r07_v05_c04.mp4,p04,f,train,30
Sitdown_p06_r04_v11_c01.mp4,p06,f,train,25
Sitdown_p17_r05_v08_c02.mp4,p17,m,train,25
Usetelephone_p16_r00_v02_c04.mp4,p16,f,test,29
WatchTV_p02_r00_v05_c05.mp4,p02,f,test,31
Walk_p03_r03_v03_c05.mp4,p03,m,train,30
Walk_p06_r02_v12_c03.mp4,p06,f,train,30
Walk_p16_r01_v13_c07.mp4,p16,f,test,30
Drink.Fromcup_p04_r04_v17_c06.mp4,p04,f,train,9
Readbook_p16_r02_v09_c01.mp4,p16,f,test,24
WatchTV_p12_r06_v04_c05.mp4,p12,f,train,31
Walk_p20_r07_v15_c07.mp4,p20,f,test,30
Walk_p12_r03_v07_c05.mp4,p12,f,train,30
Eat.Snack_p19_r07_v10_c02.mp4,p19,f,train,12
Walk_p16_r10_v14_c06.mp4,p16,f,test,30
Cook.Stir_p06_r00_v13_c07.mp4,p06,f,train,4
Pour.Frombottle_p14_r00_v13_c02.mp4,p14,m,test,21
Walk_p12_r08_v05_c05.mp4,p12,f,train,30
Sitdown_p14_r01_v03_c05.mp4,p14,m,test,25
Drink.Frombottle_p04_r18_v04_c05.mp4,p04,f,train,7
Cook.Usestove_p07_r10_v21_c06.mp4,p07,f,train,5
Readbook_p14_r03_v13_c01.mp4,p14,m,test,24
Drink.Fromcup_p13_r10_v11_c01.mp4,p13,f,train,9
Cook.Cleanup_p02_r01_v13_c06.mp4,p02,f,test,2
Walk_p19_r01_v12_c03.mp4,p19,f,train,30
Cook.Stir_p09_r12_v13_c06.mp4,p09,m,train,4
Walk_p11_r07_v13_c07.mp4,p11,f,test,30
Walk_p14_r11_v06_c05.mp4,p14,m,test,30
Cook.Cleandishes_p04_r02_v16_c03.mp4,p04,f,train,1
WatchTV_p07_r09_v06_c05.mp4,p07,f,train,31
Getup_p04_r00_v09_c02.mp4,p04,f,train,14
Readbook_p14_r01_v07_c04.mp4,p14,m,test,24
Drink.Fromcup_p11_r01_v12_c06.mp4,p11,f,test,9
WatchTV_p04_r04_v05_c05.mp4,p04,f,train,31
Pour.Frombottle_p10_r08_v10_c01.mp4,p10,f,test,21
Cook.Cleanup_p17_r00_v13_c03.mp4,p17,m,train,2
Enter_p12_r00_v01_c04.mp4,p12,f,train,13
Walk_p13_r24_v25_c04.mp4,p13,f,train,30
Walk_p04_r01_v15_c07.mp4,p04,f,train,30
Cook.Cleandishes_p06_r01_v13_c06.mp4,p06,f,train,1
Walk_p12_r14_v07_c04.mp4,p12,f,train,30
Getup_p14_r00_v11_c02.mp4,p14,m,test,14
Walk_p15_r00_v14_c07.mp4,p15,m,train,30
Usetelephone_p03_r07_v02_c04.mp4,p03,m,train,29
Sitdown_p06_r02_v03_c05.mp4,p06,f,train,25
Cook.Cleandishes_p16_r00_v15_c03.mp4,p16,f,test,1
Drink.Fromcup_p09_r10_v05_c05.mp4,p09,m,train,9
Walk_p06_r04_v13_c03.mp4,p06,f,train,30
WatchTV_p19_r04_v03_c05.mp4,p19,f,train,31
Usetelephone_p19_r01_v04_c04.mp4,p19,f,train,29
Walk_p17_r02_v06_c04.mp4,p17,m,train,30
Getup_p17_r02_v08_c01.mp4,p17,m,train,14
Uselaptop_p10_r07_v10_c01.mp4,p10,f,test,27
Cook.Stir_p25_r01_v16_c07.mp4,p25,f,train,4
Sitdown_p20_r03_v03_c04.mp4,p20,f,test,25
Sitdown_p03_r04_v07_c05.mp4,p03,m,train,25
Drink.Fromcup_p03_r02_v08_c05.mp4,p03,m,train,9
Walk_p17_r09_v10_c02.mp4,p17,m,train,30
Uselaptop_p14_r01_v06_c05.mp4,p14,m,test,27
Usetablet_p09_r00_v11_c01.mp4,p09,m,train,28
Eat.Attable_p07_r36_v08_c01.mp4,p07,f,train,11
Getup_p19_r04_v02_c04.mp4,p19,f,train,14
Cook.Stir_p09_r04_v13_c07.mp4,p09,m,train,4
Walk_p14_r00_v14_c07.mp4,p14,m,test,30
Getup_p14_r02_v06_c05.mp4,p14,m,test,14
Enter_p25_r01_v15_c03.mp4,p25,f,train,13
Drink.Fromcup_p17_r03_v04_c05.mp4,p17,m,train,9
Cook.Stir_p07_r09_v21_c07.mp4,p07,f,train,4
Drink.Fromcup_p10_r06_v07_c04.mp4,p10,f,test,9
Eat.Snack_p11_r01_v13_c07.mp4,p11,f,test,12
Cook.Cleandishes_p07_r05_v22_c06.mp4,p07,f,train,1
Usetelephone_p17_r01_v08_c02.mp4,p17,m,train,29
Cook.Stir_p02_r07_v14_c06.mp4,p02,f,test,4
Cook.Stir_p17_r05_v15_c07.mp4,p17,m,train,4
Usetelephone_p10_r02_v07_c04.mp4,p10,f,test,29
Cook.Stir_p02_r08_v14_c06.mp4,p02,f,test,4
WatchTV_p16_r01_v03_c05.mp4,p16,f,test,31
Eat.Attable_p09_r30_v08_c01.mp4,p09,m,train,11
Drink.Fromcup_p06_r04_v12_c06.mp4,p06,f,train,9
Drink.Fromcup_p20_r09_v02_c04.mp4,p20,f,test,9
Usetelephone_p03_r03_v06_c04.mp4,p03,m,train,29
Takepills_p14_r00_v10_c02.mp4,p14,m,test,26
Walk_p25_r07_v12_c06.mp4,p25,f,train,30
WatchTV_p07_r00_v01_c05.mp4,p07,f,train,31
Cook.Cleanup_p15_r01_v14_c06.mp4,p15,m,train,2
Laydown_p20_r00_v04_c05.mp4,p20,f,test,15
Drink.Fromcup_p03_r02_v01_c05.mp4,p03,m,train,9
Takepills_p11_r00_v04_c04.mp4,p11,f,test,26
Walk_p07_r07_v07_c04.mp4,p07,f,train,30
Walk_p15_r07_v17_c07.mp4,p15,m,train,30
Walk_p02_r41_v15_c06.mp4,p02,f,test,30
Sitdown_p20_r03_v01_c04.mp4,p20,f,test,25
Drink.Fromcup_p15_r15_v08_c01.mp4,p15,m,train,9
Walk_p13_r02_v21_c06.mp4,p13,f,train,30
Sitdown_p17_r12_v02_c04.mp4,p17,m,train,25
Walk_p09_r11_v12_c03.mp4,p09,m,train,30
Drink.Fromcup_p16_r06_v09_c02.mp4,p16,f,test,9
WatchTV_p04_r00_v04_c05.mp4,p04,f,train,31
WatchTV_p25_r13_v01_c04.mp4,p25,f,train,31
Drink.Fromcup_p14_r06_v01_c04.mp4,p14,m,test,9
Usetelephone_p03_r01_v07_c04.mp4,p03,m,train,29
Walk_p25_r20_v14_c07.mp4,p25,f,train,30
Getup_p04_r02_v06_c04.mp4,p04,f,train,14
Getup_p15_r00_v05_c04.mp4,p15,m,train,14
Enter_p12_r01_v03_c04.mp4,p12,f,train,13
Walk_p17_r15_v15_c07.mp4,p17,m,train,30
Getup_p12_r05_v03_c04.mp4,p12,f,train,14
Walk_p25_r08_v04_c05.mp4,p25,f,train,30
Walk_p15_r16_v14_c06.mp4,p15,m,train,30
Drink.Fromcup_p07_r06_v08_c01.mp4,p07,f,train,9
Cook.Usestove_p07_r06_v21_c06.mp4,p07,f,train,5
Readbook_p06_r00_v15_c01.mp4,p06,f,train,24
Takepills_p14_r02_v04_c05.mp4,p14,m,test,26
Walk_p09_r01_v16_c03.mp4,p09,m,train,30
Drink.Fromcup_p12_r05_v06_c05.mp4,p12,f,train,9
Drink.Fromcup_p04_r00_v16_c03.mp4,p04,f,train,9
Getup_p06_r02_v09_c02.mp4,p06,f,train,14
WatchTV_p16_r09_v02_c05.mp4,p16,f,test,31
Getup_p10_r04_v07_c04.mp4,p10,f,test,14
Sitdown_p14_r04_v04_c05.mp4,p14,m,test,25
Uselaptop_p04_r01_v13_c01.mp4,p04,f,train,27
Uselaptop_p03_r03_v03_c04.mp4,p03,m,train,27
Eat.Snack_p09_r06_v15_c03.mp4,p09,m,train,12
Cook.Stir_p09_r07_v12_c03.mp4,p09,m,train,4
Walk_p02_r01_v09_c05.mp4,p02,f,test,30
Usetelephone_p11_r01_v06_c04.mp4,p11,f,test,29
Walk_p04_r10_v15_c06.mp4,p04,f,train,30
Eat.Attable_p09_r05_v09_c01.mp4,p09,m,train,11
Sitdown_p15_r01_v08_c01.mp4,p15,m,train,25
Walk_p12_r09_v02_c05.mp4,p12,f,train,30
Eat.Snack_p03_r03_v15_c03.mp4,p03,m,train,12
Walk_p03_r01_v16_c07.mp4,p03,m,train,30
Readbook_p17_r04_v04_c04.mp4,p17,m,train,24
Walk_p10_r05_v06_c04.mp4,p10,f,test,30
Eat.Attable_p19_r01_v09_c01.mp4,p19,f,train,11
Leave_p10_r03_v12_c03.mp4,p10,f,test,16
Drink.Frombottle_p03_r08_v03_c05.mp4,p03,m,train,7
Walk_p20_r02_v04_c05.mp4,p20,f,test,30
Walk_p19_r19_v01_c05.mp4,p19,f,train,30
Walk_p09_r01_v12_c07.mp4,p09,m,train,30
Drink.Fromcup_p06_r02_v08_c02.mp4,p06,f,train,9
Walk_p11_r06_v13_c06.mp4,p11,f,test,30
Cook.Cleandishes_p20_r00_v13_c03.mp4,p20,f,test,1
Drink.Fromcup_p19_r09_v04_c05.mp4,p19,f,train,9
Leave_p02_r00_v08_c04.mp4,p02,f,test,16
Drink.Fromglass_p02_r01_v06_c05.mp4,p02,f,test,10
Usetelephone_p19_r02_v04_c05.mp4,p19,f,train,29
Walk_p12_r06_v03_c05.mp4,p12,f,train,30
Walk_p13_r08_v25_c05.mp4,p13,f,train,30
Walk_p14_r05_v05_c05.mp4,p14,m,test,30
Sitdown_p19_r01_v02_c04.mp4,p19,f,train,25
Cook.Stir_p09_r11_v12_c03.mp4,p09,m,train,4
Getup_p09_r00_v06_c05.mp4,p09,m,train,14
Cook.Cleandishes_p10_r02_v13_c03.mp4,p10,f,test,1
Drink.Fromcup_p04_r05_v15_c06.mp4,p04,f,train,9
Walk_p09_r00_v11_c01.mp4,p09,m,train,30
Getup_p14_r01_v04_c04.mp4,p14,m,test,14
Eat.Attable_p02_r24_v11_c02.mp4,p02,f,test,11
Walk_p09_r06_v15_c07.mp4,p09,m,train,30
Sitdown_p06_r00_v09_c02.mp4,p06,f,train,25
Eat.Attable_p16_r30_v06_c01.mp4,p16,f,test,11
Cook.Cut_p17_r02_v14_c06.mp4,p17,m,train,3
Enter_p03_r01_v04_c05.mp4,p03,m,train,13
Pour.Frombottle_p16_r00_v07_c01.mp4,p16,f,test,21
Uselaptop_p17_r02_v04_c04.mp4,p17,m,train,27
WatchTV_p14_r07_v03_c05.mp4,p14,m,test,31
Enter_p16_r00_v12_c03.mp4,p16,f,test,13
Cook.Cleandishes_p20_r05_v16_c03.mp4,p20,f,test,1
Cook.Cleandishes_p07_r03_v06_c06.mp4,p07,f,train,1
Sitdown_p12_r07_v07_c05.mp4,p12,f,train,25
Enter_p06_r00_v05_c05.mp4,p06,f,train,13
Cook.Cleanup_p09_r04_v13_c03.mp4,p09,m,train,2
Walk_p02_r46_v15_c06.mp4,p02,f,test,30
Drink.Fromcup_p16_r01_v08_c02.mp4,p16,f,test,9
Leave_p20_r00_v16_c07.mp4,p20,f,test,16
Cook.Stir_p09_r21_v12_c06.mp4,p09,m,train,4
Sitdown_p02_r00_v04_c05.mp4,p02,f,test,25
Takepills_p17_r02_v03_c04.mp4,p17,m,train,26
Drink.Fromcup_p19_r00_v14_c03.mp4,p19,f,train,9
Sitdown_p14_r08_v06_c05.mp4,p14,m,test,25
Walk_p15_r08_v03_c05.mp4,p15,m,train,30
Uselaptop_p02_r03_v08_c04.mp4,p02,f,test,27
Enter_p03_r01_v19_c05.mp4,p03,m,train,13
Readbook_p12_r03_v02_c05.mp4,p12,f,train,24
Drink.Fromcup_p02_r11_v09_c05.mp4,p02,f,test,9
Walk_p07_r06_v21_c07.mp4,p07,f,train,30
Walk_p06_r11_v13_c07.mp4,p06,f,train,30
Drink.Fromcup_p25_r10_v12_c03.mp4,p25,f,train,9
Laydown_p09_r01_v02_c05.mp4,p09,m,train,15
Walk_p12_r03_v13_c07.mp4,p12,f,train,30
Eat.Snack_p06_r04_v11_c02.mp4,p06,f,train,12
Walk_p11_r10_v05_c04.mp4,p11,f,test,30
Walk_p12_r18_v06_c05.mp4,p12,f,train,30
Sitdown_p14_r09_v04_c04.mp4,p14,m,test,25
Cook.Stir_p17_r06_v14_c07.mp4,p17,m,train,4
Walk_p15_r32_v16_c06.mp4,p15,m,train,30
Cook.Cleanup_p03_r00_v18_c06.mp4,p03,m,train,2
Maketea.Insertteabag_p15_r01_v14_c06.mp4,p15,m,train,20
Readbook_p19_r00_v07_c01.mp4,p19,f,train,24
Walk_p04_r07_v15_c07.mp4,p04,f,train,30
Walk_p04_r03_v04_c05.mp4,p04,f,train,30
Cook.Cleanup_p16_r03_v12_c06.mp4,p16,f,test,2
Readbook_p16_r03_v02_c05.mp4,p16,f,test,24
Drink.Fromcup_p03_r00_v12_c01.mp4,p03,m,train,9
Pour.Frombottle_p02_r04_v14_c06.mp4,p02,f,test,21
Usetelephone_p13_r00_v24_c05.mp4,p13,f,train,29
Walk_p14_r16_v02_c05.mp4,p14,m,test,30
Cook.Cleandishes_p02_r00_v14_c03.mp4,p02,f,test,1
Sitdown_p06_r02_v05_c04.mp4,p06,f,train,25
Takepills_p14_r01_v05_c04.mp4,p14,m,test,26
Readbook_p12_r06_v06_c04.mp4,p12,f,train,24
Walk_p11_r17_v04_c04.mp4,p11,f,test,30
Getup_p04_r02_v04_c04.mp4,p04,f,train,14
Cook.Cut_p06_r01_v13_c06.mp4,p06,f,train,3
Sitdown_p13_r03_v10_c02.mp4,p13,f,train,25
Usetelephone_p10_r00_v11_c07.mp4,p10,f,test,29
Usetelephone_p02_r01_v15_c06.mp4,p02,f,test,29
Walk_p17_r01_v06_c04.mp4,p17,m,train,30
Getup_p14_r11_v05_c04.mp4,p14,m,test,14
Walk_p03_r45_v02_c04.mp4,p03,m,train,30
Readbook_p06_r02_v05_c05.mp4,p06,f,train,24
Walk_p10_r06_v12_c06.mp4,p10,f,test,30
Eat.Snack_p19_r01_v12_c06.mp4,p19,f,train,12
Pour.Fromkettle_p03_r00_v16_c03.mp4,p03,m,train,23
Walk_p14_r02_v08_c04.mp4,p14,m,test,30
Readbook_p04_r04_v08_c01.mp4,p04,f,train,24
Usetelephone_p03_r01_v06_c05.mp4,p03,m,train,29
Pour.Fromcan_p15_r00_v10_c02.mp4,p15,m,train,22
Uselaptop_p10_r00_v09_c01.mp4,p10,f,test,27
Cook.Cut_p18_r01_v15_c07.mp4,p18,m,test,3
Uselaptop_p02_r01_v08_c04.mp4,p02,f,test,27
Sitdown_p12_r11_v05_c05.mp4,p12,f,train,25
Drink.Fromcup_p12_r02_v05_c05.mp4,p12,f,train,9
Walk_p02_r12_v01_c06.mp4,p02,f,test,30
Drink.Fromcup_p17_r02_v09_c01.mp4,p17,m,train,9
Laydown_p02_r01_v07_c05.mp4,p02,f,test,15
Walk_p17_r08_v11_c03.mp4,p17,m,train,30
Usetablet_p03_r00_v08_c05.mp4,p03,m,train,28
Walk_p07_r06_v06_c05.mp4,p07,f,train,30
Walk_p02_r08_v02_c03.mp4,p02,f,test,30
Walk_p14_r19_v07_c04.mp4,p14,m,test,30
Walk_p19_r11_v03_c05.mp4,p19,f,train,30
Walk_p11_r15_v07_c04.mp4,p11,f,test,30
Laydown_p03_r02_v06_c05.mp4,p03,m,train,15
Getup_p04_r01_v05_c05.mp4,p04,f,train,14
Drink.Fromcup_p25_r04_v01_c05.mp4,p25,f,train,9
Walk_p17_r11_v03_c05.mp4,p17,m,train,30
Walk_p02_r23_v14_c06.mp4,p02,f,test,30
Walk_p19_r13_v01_c05.mp4,p19,f,train,30
Walk_p06_r05_v14_c02.mp4,p06,f,train,30
Pour.Frombottle_p03_r03_v04_c04.mp4,p03,m,train,21
Readbook_p02_r04_v05_c05.mp4,p02,f,test,24
Walk_p15_r08_v17_c03.mp4,p15,m,train,30
Walk_p15_r03_v15_c07.mp4,p15,m,train,30
Drink.Fromcup_p13_r07_v11_c01.mp4,p13,f,train,9
Enter_p10_r02_v12_c06.mp4,p10,f,test,13
Drink.Fromcup_p13_r01_v19_c01.mp4,p13,f,train,9
Cook.Cleandishes_p03_r01_v18_c03.mp4,p03,m,train,1
Pour.Frombottle_p07_r01_v21_c06.mp4,p07,f,train,21
Pour.Frombottle_p06_r02_v09_c01.mp4,p06,f,train,21
Drink.Fromcup_p17_r04_v10_c01.mp4,p17,m,train,9
Enter_p12_r00_v03_c04.mp4,p12,f,train,13
Getup_p09_r05_v03_c04.mp4,p09,m,train,14
Walk_p04_r09_v15_c06.mp4,p04,f,train,30
Readbook_p02_r07_v12_c02.mp4,p02,f,test,24
Uselaptop_p12_r00_v02_c05.mp4,p12,f,train,27
Takepills_p13_r01_v03_c04.mp4,p13,f,train,26
Enter_p06_r02_v13_c06.mp4,p06,f,train,13
Walk_p16_r01_v06_c02.mp4,p16,f,test,30
Makecoffee.Pourwater_p19_r00_v11_c06.mp4,p19,f,train,18
Leave_p04_r00_v17_c03.mp4,p04,f,train,16
Drink.Fromcup_p19_r08_v11_c06.mp4,p19,f,train,9
Drink.Fromcup_p20_r06_v13_c07.mp4,p20,f,test,9
Cook.Stir_p25_r05_v16_c03.mp4,p25,f,train,4
Readbook_p13_r07_v11_c02.mp4,p13,f,train,24
Leave_p03_r00_v02_c04.mp4,p03,m,train,16
Uselaptop_p14_r04_v06_c05.mp4,p14,m,test,27
Walk_p04_r02_v07_c04.mp4,p04,f,train,30
WatchTV_p03_r02_v08_c04.mp4,p03,m,train,31
WatchTV_p09_r11_v05_c05.mp4,p09,m,train,31
Eat.Snack_p06_r03_v06_c05.mp4,p06,f,train,12
Drink.Fromcup_p10_r03_v06_c05.mp4,p10,f,test,9
Walk_p14_r03_v13_c02.mp4,p14,m,test,30
Drink.Fromcup_p03_r11_v04_c05.mp4,p03,m,train,9
Takepills_p06_r00_v12_c03.mp4,p06,f,train,26
Drink.Fromcup_p15_r12_v08_c02.mp4,p15,m,train,9
Walk_p03_r16_v04_c05.mp4,p03,m,train,30
Walk_p25_r03_v12_c07.mp4,p25,f,train,30
Sitdown_p09_r00_v08_c01.mp4,p09,m,train,25
Sitdown_p20_r04_v09_c01.mp4,p20,f,test,25
Pour.Fromkettle_p06_r03_v12_c03.mp4,p06,f,train,23
Enter_p10_r02_v12_c03.mp4,p10,f,test,13
Eat.Attable_p13_r02_v19_c01.mp4,p13,f,train,11
Drink.Frombottle_p04_r12_v04_c05.mp4,p04,f,train,7
Leave_p06_r00_v08_c01.mp4,p06,f,train,16
Walk_p09_r03_v06_c05.mp4,p09,m,train,30
Drink.Frombottle_p14_r01_v10_c01.mp4,p14,m,test,7
Enter_p06_r01_v12_c07.mp4,p06,f,train,13
Leave_p03_r01_v19_c05.mp4,p03,m,train,16
Drink.Fromcup_p04_r04_v17_c03.mp4,p04,f,train,9
Sitdown_p15_r02_v11_c01.mp4,p15,m,train,25
Leave_p18_r01_v05_c04.mp4,p18,m,test,16
WatchTV_p07_r10_v06_c05.mp4,p07,f,train,31
Walk_p07_r06_v21_c06.mp4,p07,f,train,30
Walk_p03_r04_v06_c04.mp4,p03,m,train,30
Walk_p16_r01_v15_c07.mp4,p16,f,test,30
Cook.Stir_p09_r00_v13_c07.mp4,p09,m,train,4
Eat.Snack_p16_r06_v04_c04.mp4,p16,f,test,12
Cook.Cleandishes_p07_r03_v22_c06.mp4,p07,f,train,1
Cook.Cleandishes_p06_r01_v12_c06.mp4,p06,f,train,1
Drink.Frombottle_p12_r01_v05_c04.mp4,p12,f,train,7
Enter_p07_r00_v04_c05.mp4,p07,f,train,13
Uselaptop_p03_r00_v06_c05.mp4,p03,m,train,27
Readbook_p13_r00_v06_c04.mp4,p13,f,train,24
Drink.Fromcup_p13_r07_v21_c06.mp4,p13,f,train,9
WatchTV_p10_r00_v07_c05.mp4,p10,f,test,31
Walk_p11_r10_v13_c03.mp4,p11,f,test,30
Drink.Fromcup_p03_r01_v04_c04.mp4,p03,m,train,9
Walk_p03_r01_v15_c03.mp4,p03,m,train,30
Walk_p04_r07_v04_c05.mp4,p04,f,train,30
Walk_p04_r11_v17_c07.mp4,p04,f,train,30
Drink.Frombottle_p14_r00_v08_c05.mp4,p14,m,test,7
Drink.Frombottle_p06_r05_v10_c02.mp4,p06,f,train,7
Drink.Fromcup_p19_r06_v04_c04.mp4,p19,f,train,9
Cook.Usestove_p11_r00_v13_c06.mp4,p11,f,test,5
Cook.Stir_p18_r08_v15_c03.mp4,p18,m,test,4
Sitdown_p11_r00_v15_c01.mp4,p11,f,test,25
Sitdown_p04_r03_v04_c04.mp4,p04,f,train,25
Drink.Fromcup_p06_r06_v12_c06.mp4,p06,f,train,9
WatchTV_p16_r10_v02_c05.mp4,p16,f,test,31
Drink.Fromcup_p07_r04_v08_c01.mp4,p07,f,train,9
Drink.Frombottle_p06_r00_v10_c01.mp4,p06,f,train,7
Drink.Fromcup_p02_r02_v14_c06.mp4,p02,f,test,9
Walk_p11_r12_v06_c04.mp4,p11,f,test,30
Walk_p18_r02_v12_c02.mp4,p18,m,test,30
Eat.Attable_p04_r12_v08_c01.mp4,p04,f,train,11
Cook.Cleandishes_p11_r02_v13_c03.mp4,p11,f,test,1
Walk_p17_r01_v07_c02.mp4,p17,m,train,30
Walk_p15_r01_v16_c03.mp4,p15,m,train,30
Walk_p09_r00_v06_c04.mp4,p09,m,train,30
Uselaptop_p04_r00_v06_c04.mp4,p04,f,train,27
Leave_p04_r00_v07_c04.mp4,p04,f,train,16
Walk_p14_r15_v04_c05.mp4,p14,m,test,30
Pour.Fromkettle_p20_r00_v13_c03.mp4,p20,f,test,23
Walk_p02_r13_v01_c06.mp4,p02,f,test,30
Walk_p18_r04_v14_c07.mp4,p18,m,test,30
Leave_p04_r01_v05_c05.mp4,p04,f,train,16
Walk_p03_r03_v07_c04.mp4,p03,m,train,30
Walk_p14_r05_v12_c02.mp4,p14,m,test,30
Walk_p17_r07_v11_c03.mp4,p17,m,train,30
Drink.Fromglass_p03_r01_v18_c03.mp4,p03,m,train,10
Walk_p13_r07_v05_c04.mp4,p13,f,train,30
Drink.Fromcup_p16_r01_v12_c03.mp4,p16,f,test,9
Usetelephone_p10_r01_v06_c04.mp4,p10,f,test,29
Usetelephone_p15_r05_v02_c04.mp4,p15,m,train,29
Walk_p14_r41_v05_c05.mp4,p14,m,test,30
Sitdown_p18_r00_v05_c04.mp4,p18,m,test,25
Drink.Fromcup_p12_r16_v01_c04.mp4,p12,f,train,9
Walk_p09_r06_v12_c06.mp4,p09,m,train,30
Getup_p15_r03_v08_c01.mp4,p15,m,train,14
Drink.Fromcup_p13_r02_v21_c03.mp4,p13,f,train,9
Takepills_p04_r08_v04_c04.mp4,p04,f,train,26
Drink.Frombottle_p04_r05_v04_c05.mp4,p04,f,train,7
Drink.Frombottle_p18_r02_v05_c05.mp4,p18,m,test,7
Cook.Stir_p11_r00_v13_c07.mp4,p11,f,test,4
Uselaptop_p16_r00_v07_c02.mp4,p16,f,test,27
Drink.Frombottle_p04_r22_v04_c05.mp4,p04,f,train,7
Readbook_p03_r01_v03_c05.mp4,p03,m,train,24
Cook.Stir_p12_r01_v12_c06.mp4,p12,f,train,4
Sitdown_p14_r00_v07_c04.mp4,p14,m,test,25
Cook.Stir_p25_r08_v16_c03.mp4,p25,f,train,4
WatchTV_p10_r01_v03_c05.mp4,p10,f,test,31
Pour.Frombottle_p17_r02_v05_c04.mp4,p17,m,train,21
Cook.Cut_p16_r00_v15_c07.mp4,p16,f,test,3
Takepills_p19_r00_v08_c02.mp4,p19,f,train,26
Walk_p18_r01_v14_c07.mp4,p18,m,test,30
Leave_p09_r01_v14_c03.mp4,p09,m,train,16
Walk_p06_r00_v13_c03.mp4,p06,f,train,30
Drink.Fromcan_p04_r09_v03_c05.mp4,p04,f,train,8
Drink.Fromcup_p14_r07_v04_c05.mp4,p14,m,test,9
Walk_p12_r21_v07_c05.mp4,p12,f,train,30
Maketea.Boilwater_p19_r00_v14_c03.mp4,p19,f,train,19
Drink.Fromcup_p16_r00_v06_c02.mp4,p16,f,test,9
Eat.Attable_p18_r32_v09_c01.mp4,p18,m,test,11
Pour.Frombottle_p13_r00_v12_c02.mp4,p13,f,train,21
Cook.Stir_p13_r09_v23_c07.mp4,p13,f,train,4
Walk_p02_r02_v13_c06.mp4,p02,f,test,30
Leave_p06_r00_v04_c04.mp4,p06,f,train,16
Leave_p06_r01_v15_c01.mp4,p06,f,train,16
Drink.Fromcup_p18_r00_v01_c04.mp4,p18,m,test,9
Walk_p14_r01_v11_c02.mp4,p14,m,test,30
Drink.Fromcup_p04_r01_v17_c07.mp4,p04,f,train,9
Walk_p17_r32_v05_c05.mp4,p17,m,train,30
Walk_p03_r01_v16_c03.mp4,p03,m,train,30
Walk_p14_r17_v07_c04.mp4,p14,m,test,30
Eat.Attable_p20_r12_v08_c01.mp4,p20,f,test,11
Uselaptop_p14_r01_v10_c02.mp4,p14,m,test,27
Cook.Cleanup_p17_r01_v14_c03.mp4,p17,m,train,2
Cook.Stir_p11_r06_v13_c07.mp4,p11,f,test,4
Uselaptop_p10_r03_v02_c05.mp4,p10,f,test,27
Walk_p03_r39_v04_c05.mp4,p03,m,train,30
Pour.Frombottle_p25_r00_v10_c02.mp4,p25,f,train,21
Usetelephone_p15_r01_v10_c02.mp4,p15,m,train,29
Drink.Fromcup_p16_r00_v02_c05.mp4,p16,f,test,9
Walk_p25_r03_v17_c02.mp4,p25,f,train,30
Enter_p02_r00_v02_c03.mp4,p02,f,test,13
Takepills_p10_r01_v14_c03.mp4,p10,f,test,26
Sitdown_p13_r00_v05_c04.mp4,p13,f,train,25
Cook.Cleandishes_p11_r00_v13_c06.mp4,p11,f,test,1
Walk_p10_r09_v12_c06.mp4,p10,f,test,30
Maketea.Insertteabag_p19_r00_v14_c03.mp4,p19,f,train,20
Sitdown_p18_r05_v12_c01.mp4,p18,m,test,25
Usetablet_p06_r00_v11_c02.mp4,p06,f,train,28
Drink.Fromcan_p14_r00_v10_c01.mp4,p14,m,test,8
Drink.Fromcup_p16_r00_v14_c06.mp4,p16,f,test,9
Walk_p25_r04_v04_c04.mp4,p25,f,train,30
Pour.Frombottle_p03_r01_v06_c05.mp4,p03,m,train,21
Drink.Frombottle_p18_r00_v05_c05.mp4,p18,m,test,7
Walk_p19_r02_v09_c02.mp4,p19,f,train,30
Enter_p18_r00_v05_c04.mp4,p18,m,test,13
Cook.Cut_p16_r00_v15_c06.mp4,p16,f,test,3
Walk_p03_r47_v04_c05.mp4,p03,m,train,30
Walk_p02_r01_v02_c03.mp4,p02,f,test,30
Getup_p12_r11_v06_c05.mp4,p12,f,train,14
Pour.Frombottle_p25_r00_v04_c04.mp4,p25,f,train,21
Pour.Frombottle_p02_r00_v17_c05.mp4,p02,f,test,21
Sitdown_p06_r02_v01_c04.mp4,p06,f,train,25
Walk_p25_r11_v12_c06.mp4,p25,f,train,30
Walk_p16_r01_v03_c04.mp4,p16,f,test,30
Walk_p14_r12_v05_c05.mp4,p14,m,test,30
Walk_p15_r25_v16_c06.mp4,p15,m,train,30
Getup_p03_r01_v11_c02.mp4,p03,m,train,14
Enter_p09_r01_v06_c04.mp4,p09,m,train,13
Drink.Fromcan_p15_r00_v11_c01.mp4,p15,m,train,8
Drink.Fromcup_p14_r03_v05_c05.mp4,p14,m,test,9
Drink.Frombottle_p03_r04_v05_c05.mp4,p03,m,train,7
Getup_p14_r03_v10_c02.mp4,p14,m,test,14
Walk_p07_r03_v10_c02.mp4,p07,f,train,30
WatchTV_p07_r01_v06_c05.mp4,p07,f,train,31
Walk_p13_r06_v21_c06.mp4,p13,f,train,30
Takepills_p14_r00_v03_c04.mp4,p14,m,test,26
Readbook_p16_r01_v09_c02.mp4,p16,f,test,24
Drink.Fromcup_p14_r03_v14_c06.mp4,p14,m,test,9
Walk_p15_r10_v13_c06.mp4,p15,m,train,30
Eat.Attable_p13_r02_v08_c02.mp4,p13,f,train,11
Eat.Attable_p14_r04_v09_c02.mp4,p14,m,test,11
Walk_p09_r01_v12_c06.mp4,p09,m,train,30
Drink.Frombottle_p20_r00_v06_c04.mp4,p20,f,test,7
WatchTV_p06_r03_v03_c05.mp4,p06,f,train,31
Readbook_p03_r05_v02_c05.mp4,p03,m,train,24
Drink.Fromcup_p14_r01_v01_c05.mp4,p14,m,test,9
Drink.Fromcup_p09_r12_v08_c01.mp4,p09,m,train,9
Sitdown_p15_r02_v07_c05.mp4,p15,m,train,25
WatchTV_p06_r06_v03_c04.mp4,p06,f,train,31
Drink.Fromcup_p16_r00_v12_c06.mp4,p16,f,test,9
Drink.Fromcup_p12_r06_v06_c04.mp4,p12,f,train,9
Eat.Snack_p09_r05_v13_c03.mp4,p09,m,train,12
Readbook_p06_r04_v11_c01.mp4,p06,f,train,24
Readbook_p12_r01_v07_c05.mp4,p12,f,train,24
Walk_p02_r24_v14_c03.mp4,p02,f,test,30
Drink.Fromcup_p13_r07_v08_c02.mp4,p13,f,train,9
Drink.Fromcup_p07_r00_v21_c07.mp4,p07,f,train,9
Cook.Stir_p17_r09_v14_c03.mp4,p17,m,train,4
Leave_p09_r03_v14_c06.mp4,p09,m,train,16
Sitdown_p19_r03_v10_c01.mp4,p19,f,train,25
Eat.Attable_p04_r04_v08_c02.mp4,p04,f,train,11
Pour.Fromcan_p12_r00_v03_c04.mp4,p12,f,train,22
Walk_p13_r12_v10_c02.mp4,p13,f,train,30
Eat.Attable_p04_r01_v08_c02.mp4,p04,f,train,11
Walk_p25_r03_v16_c07.mp4,p25,f,train,30
Cook.Cleanup_p06_r00_v13_c07.mp4,p06,f,train,2
Getup_p06_r00_v26_c01.mp4,p06,f,train,14
Walk_p03_r20_v04_c04.mp4,p03,m,train,30
Drink.Fromcup_p12_r04_v05_c04.mp4,p12,f,train,9
Walk_p25_r16_v04_c04.mp4,p25,f,train,30
Cook.Stir_p15_r00_v17_c07.mp4,p15,m,train,4
Walk_p15_r03_v03_c04.mp4,p15,m,train,30
Enter_p09_r00_v07_c05.mp4,p09,m,train,13
Readbook_p15_r01_v01_c04.mp4,p15,m,train,24
Laydown_p25_r02_v04_c04.mp4,p25,f,train,15
Takepills_p14_r01_v03_c04.mp4,p14,m,test,26
Leave_p11_r01_v13_c07.mp4,p11,f,test,16
Takepills_p09_r00_v07_c04.mp4,p09,m,train,26
Drink.Fromcup_p25_r04_v10_c02.mp4,p25,f,train,9
Walk_p25_r38_v14_c06.mp4,p25,f,train,30
Drink.Fromcup_p15_r12_v08_c01.mp4,p15,m,train,9
Readbook_p06_r03_v03_c05.mp4,p06,f,train,24
Walk_p13_r10_v20_c06.mp4,p13,f,train,30
Walk_p17_r00_v04_c04.mp4,p17,m,train,30
Drink.Fromcup_p19_r12_v10_c02.mp4,p19,f,train,9
Walk_p03_r05_v18_c03.mp4,p03,m,train,30
Pour.Fromkettle_p07_r00_v20_c03.mp4,p07,f,train,23
Walk_p15_r09_v14_c07.mp4,p15,m,train,30
Walk_p19_r05_v04_c05.mp4,p19,f,train,30
Walk_p25_r05_v04_c04.mp4,p25,f,train,30
Walk_p11_r09_v07_c04.mp4,p11,f,test,30
Readbook_p16_r16_v06_c02.mp4,p16,f,test,24
Walk_p25_r17_v12_c06.mp4,p25,f,train,30
Enter_p09_r00_v08_c01.mp4,p09,m,train,13
WatchTV_p04_r09_v05_c04.mp4,p04,f,train,31
Walk_p12_r03_v02_c05.mp4,p12,f,train,30
Eat.Snack_p11_r02_v13_c06.mp4,p11,f,test,12
WatchTV_p04_r10_v05_c05.mp4,p04,f,train,31
WatchTV_p16_r02_v01_c05.mp4,p16,f,test,31
Sitdown_p20_r02_v05_c04.mp4,p20,f,test,25
Drink.Frombottle_p07_r00_v09_c02.mp4,p07,f,train,7
Walk_p19_r02_v02_c05.mp4,p19,f,train,30
Uselaptop_p25_r03_v04_c05.mp4,p25,f,train,27
Usetelephone_p19_r00_v14_c06.mp4,p19,f,train,29
Getup_p03_r00_v12_c02.mp4,p03,m,train,14
Enter_p19_r02_v05_c05.mp4,p19,f,train,13
Sitdown_p11_r00_v05_c04.mp4,p11,f,test,25
Cook.Cleandishes_p25_r04_v16_c03.mp4,p25,f,train,1
Getup_p11_r09_v03_c04.mp4,p11,f,test,14
Makecoffee.Pourwater_p02_r01_v01_c06.mp4,p02,f,test,18
Walk_p03_r07_v16_c03.mp4,p03,m,train,30
Drink.Fromcup_p13_r01_v03_c04.mp4,p13,f,train,9
Drink.Fromcup_p07_r05_v20_c06.mp4,p07,f,train,9
Drink.Fromcup_p14_r05_v04_c04.mp4,p14,m,test,9
Drink.Fromcup_p19_r10_v03_c05.mp4,p19,f,train,9
Drink.Fromcup_p18_r03_v01_c04.mp4,p18,m,test,9
Enter_p17_r00_v05_c05.mp4,p17,m,train,13
Walk_p25_r09_v09_c02.mp4,p25,f,train,30
Cook.Stir_p16_r05_v14_c06.mp4,p16,f,test,4
Maketea.Boilwater_p06_r01_v12_c03.mp4,p06,f,train,19
Readbook_p06_r05_v07_c01.mp4,p06,f,train,24
Leave_p03_r01_v10_c01.mp4,p03,m,train,16
WatchTV_p10_r03_v05_c05.mp4,p10,f,test,31
Pour.Frombottle_p16_r00_v11_c01.mp4,p16,f,test,21
Walk_p12_r01_v05_c04.mp4,p12,f,train,30
Drink.Fromcup_p25_r03_v12_c03.mp4,p25,f,train,9
Walk_p25_r02_v16_c03.mp4,p25,f,train,30
Usetelephone_p25_r02_v10_c01.mp4,p25,f,train,29
Drink.Fromcup_p03_r01_v11_c02.mp4,p03,m,train,9
Eat.Attable_p04_r19_v08_c01.mp4,p04,f,train,11
Walk_p15_r20_v15_c06.mp4,p15,m,train,30
Enter_p15_r00_v07_c04.mp4,p15,m,train,13
Drink.Frombottle_p12_r01_v06_c05.mp4,p12,f,train,7
Walk_p03_r04_v02_c04.mp4,p03,m,train,30
Drink.Fromcup_p02_r04_v09_c05.mp4,p02,f,test,9
Cook.Cleanup_p20_r00_v13_c03.mp4,p20,f,test,2
Drink.Fromcup_p15_r01_v01_c05.mp4,p15,m,train,9
Walk_p25_r05_v09_c02.mp4,p25,f,train,30
Drink.Fromcup_p18_r00_v03_c05.mp4,p18,m,test,9
Drink.Fromcup_p16_r01_v03_c04.mp4,p16,f,test,9
Eat.Attable_p07_r35_v08_c02.mp4,p07,f,train,11
Eat.Attable_p18_r18_v09_c01.mp4,p18,m,test,11
Eat.Attable_p19_r03_v09_c01.mp4,p19,f,train,11
Makecoffee.Pourwater_p16_r01_v12_c06.mp4,p16,f,test,18
Cook.Cleandishes_p03_r05_v18_c03.mp4,p03,m,train,1
Walk_p03_r03_v19_c05.mp4,p03,m,train,30
Uselaptop_p03_r01_v06_c04.mp4,p03,m,train,27
Sitdown_p13_r00_v11_c01.mp4,p13,f,train,25
Drink.Fromcup_p13_r05_v11_c02.mp4,p13,f,train,9
Getup_p12_r02_v03_c04.mp4,p12,f,train,14
Maketea.Boilwater_p04_r00_v16_c03.mp4,p04,f,train,19
Cook.Stir_p09_r00_v12_c07.mp4,p09,m,train,4
Drink.Fromcup_p19_r09_v01_c05.mp4,p19,f,train,9
Walk_p14_r08_v06_c05.mp4,p14,m,test,30
Walk_p06_r01_v12_c06.mp4,p06,f,train,30
Drink.Fromcup_p10_r04_v07_c05.mp4,p10,f,test,9
Drink.Fromcup_p10_r06_v06_c05.mp4,p10,f,test,9
Drink.Fromcup_p17_r04_v01_c04.mp4,p17,m,train,9
Cook.Usestove_p07_r09_v21_c06.mp4,p07,f,train,5
Getup_p07_r03_v10_c01.mp4,p07,f,train,14
Walk_p03_r33_v04_c04.mp4,p03,m,train,30
Sitdown_p14_r04_v03_c05.mp4,p14,m,test,25
Enter_p20_r01_v16_c03.mp4,p20,f,test,13
Drink.Fromcup_p20_r01_v14_c07.mp4,p20,f,test,9
Eat.Attable_p16_r19_v06_c02.mp4,p16,f,test,11
WatchTV_p12_r12_v02_c05.mp4,p12,f,train,31
Walk_p13_r04_v03_c04.mp4,p13,f,train,30
Takepills_p03_r07_v04_c05.mp4,p03,m,train,26
Cook.Usestove_p09_r10_v13_c06.mp4,p09,m,train,5
Readbook_p12_r02_v01_c04.mp4,p12,f,train,24
Readbook_p19_r00_v10_c01.mp4,p19,f,train,24
Sitdown_p10_r04_v05_c04.mp4,p10,f,test,25
Drink.Fromcan_p03_r07_v02_c05.mp4,p03,m,train,8
Drink.Fromcup_p02_r09_v11_c02.mp4,p02,f,test,9
Walk_p17_r03_v08_c02.mp4,p17,m,train,30
Drink.Fromcup_p18_r04_v14_c03.mp4,p18,m,test,9
Sitdown_p25_r00_v09_c02.mp4,p25,f,train,25
Cook.Stir_p25_r03_v15_c03.mp4,p25,f,train,4
Walk_p02_r06_v14_c06.mp4,p02,f,test,30
Drink.Frombottle_p12_r01_v02_c05.mp4,p12,f,train,7
Eat.Attable_p16_r23_v06_c02.mp4,p16,f,test,11
Eat.Snack_p06_r05_v11_c01.mp4,p06,f,train,12
Sitdown_p25_r10_v06_c04.mp4,p25,f,train,25
Leave_p06_r00_v13_c03.mp4,p06,f,train,16
Walk_p03_r02_v03_c04.mp4,p03,m,train,30
Walk_p15_r07_v16_c03.mp4,p15,m,train,30
Cook.Stir_p18_r06_v15_c03.mp4,p18,m,test,4
Walk_p25_r04_v17_c02.mp4,p25,f,train,30
Drink.Fromcup_p15_r02_v12_c02.mp4,p15,m,train,9
Cook.Cleandishes_p25_r03_v16_c03.mp4,p25,f,train,1
Getup_p04_r05_v04_c04.mp4,p04,f,train,14
Drink.Fromcup_p09_r00_v16_c06.mp4,p09,m,train,9
Walk_p03_r06_v15_c07.mp4,p03,m,train,30
Walk_p16_r12_v12_c06.mp4,p16,f,test,30
Enter_p02_r01_v02_c03.mp4,p02,f,test,13
Takepills_p25_r01_v03_c05.mp4,p25,f,train,26
Pour.Frombottle_p19_r01_v12_c03.mp4,p19,f,train,21
Drink.Fromcup_p13_r11_v10_c02.mp4,p13,f,train,9
Walk_p02_r32_v15_c06.mp4,p02,f,test,30
Walk_p04_r06_v04_c05.mp4,p04,f,train,30
Getup_p10_r07_v06_c04.mp4,p10,f,test,14
Laydown_p12_r03_v03_c04.mp4,p12,f,train,15
Pour.Frombottle_p20_r00_v09_c01.mp4,p20,f,test,21
Walk_p15_r14_v15_c06.mp4,p15,m,train,30
Eat.Attable_p18_r22_v09_c02.mp4,p18,m,test,11
Eat.Attable_p09_r21_v08_c01.mp4,p09,m,train,11
Walk_p13_r02_v03_c04.mp4,p13,f,train,30
WatchTV_p06_r02_v06_c04.mp4,p06,f,train,31
Drink.Frombottle_p06_r02_v06_c05.mp4,p06,f,train,7
Cook.Cut_p10_r01_v13_c06.mp4,p10,f,test,3
Walk_p25_r20_v14_c06.mp4,p25,f,train,30
Readbook_p16_r03_v04_c05.mp4,p16,f,test,24
Eat.Attable_p09_r19_v08_c01.mp4,p09,m,train,11
Cook.Cleanup_p15_r00_v17_c03.mp4,p15,m,train,2
Cook.Stir_p09_r00_v12_c03.mp4,p09,m,train,4
Walk_p09_r05_v14_c03.mp4,p09,m,train,30
Drink.Frombottle_p15_r01_v05_c04.mp4,p15,m,train,7
Walk_p10_r02_v14_c07.mp4,p10,f,test,30
Walk_p13_r02_v21_c07.mp4,p13,f,train,30
Walk_p17_r12_v09_c02.mp4,p17,m,train,30
Sitdown_p06_r01_v01_c04.mp4,p06,f,train,25
Usetelephone_p18_r01_v08_c04.mp4,p18,m,test,29
Walk_p25_r05_v15_c03.mp4,p25,f,train,30
Drink.Fromcup_p18_r04_v11_c02.mp4,p18,m,test,9
Sitdown_p06_r03_v14_c01.mp4,p06,f,train,25
Getup_p14_r00_v08_c05.mp4,p14,m,test,14
Uselaptop_p14_r00_v07_c04.mp4,p14,m,test,27
Getup_p10_r04_v09_c01.mp4,p10,f,test,14
Getup_p03_r03_v11_c02.mp4,p03,m,train,14
Walk_p13_r00_v24_c04.mp4,p13,f,train,30
Walk_p09_r03_v14_c06.mp4,p09,m,train,30
Getup_p03_r02_v13_c02.mp4,p03,m,train,14
Eat.Attable_p07_r38_v08_c01.mp4,p07,f,train,11
Walk_p17_r00_v08_c02.mp4,p17,m,train,30
Usetelephone_p15_r01_v17_c06.mp4,p15,m,train,29
Readbook_p19_r02_v01_c05.mp4,p19,f,train,24
Walk_p18_r03_v12_c02.mp4,p18,m,test,30
Cook.Stir_p25_r06_v15_c07.mp4,p25,f,train,4
Leave_p11_r01_v12_c06.mp4,p11,f,test,16
Sitdown_p06_r03_v03_c05.mp4,p06,f,train,25
Drink.Fromcup_p04_r03_v17_c06.mp4,p04,f,train,9
WatchTV_p20_r01_v07_c05.mp4,p20,f,test,31
Drink.Fromcup_p15_r00_v12_c01.mp4,p15,m,train,9
Laydown_p18_r02_v03_c04.mp4,p18,m,test,15
Enter_p07_r00_v07_c05.mp4,p07,f,train,13
Getup_p10_r00_v09_c01.mp4,p10,f,test,14
Walk_p12_r13_v06_c04.mp4,p12,f,train,30
Walk_p07_r03_v04_c05.mp4,p07,f,train,30
Walk_p17_r29_v12_c06.mp4,p17,m,train,30
Cook.Cleandishes_p07_r08_v06_c03.mp4,p07,f,train,1
Cook.Cleanup_p10_r03_v14_c03.mp4,p10,f,test,2
Walk_p18_r01_v13_c03.mp4,p18,m,test,30
Sitdown_p13_r06_v10_c02.mp4,p13,f,train,25
Cook.Cleandishes_p03_r08_v18_c03.mp4,p03,m,train,1
Drink.Fromcan_p09_r01_v04_c05.mp4,p09,m,train,8
Walk_p07_r05_v07_c05.mp4,p07,f,train,30
Usetablet_p20_r01_v07_c05.mp4,p20,f,test,28
Drink.Fromcup_p15_r01_v11_c02.mp4,p15,m,train,9
Cook.Stir_p19_r01_v12_c03.mp4,p19,f,train,4
Drink.Fromcup_p03_r03_v15_c06.mp4,p03,m,train,9
Drink.Fromcup_p04_r05_v16_c03.mp4,p04,f,train,9
Walk_p25_r04_v08_c03.mp4,p25,f,train,30
Usetelephone_p15_r00_v01_c05.mp4,p15,m,train,29
Getup_p04_r02_v13_c02.mp4,p04,f,train,14
Walk_p19_r11_v04_c05.mp4,p19,f,train,30
Leave_p03_r00_v07_c05.mp4,p03,m,train,16
Leave_p14_r03_v05_c04.mp4,p14,m,test,16
Drink.Fromcup_p09_r09_v08_c01.mp4,p09,m,train,9
Drink.Fromcan_p07_r00_v03_c05.mp4,p07,f,train,8
Usetelephone_p04_r02_v06_c04.mp4,p04,f,train,29
Walk_p04_r05_v11_c02.mp4,p04,f,train,30
Drink.Fromcup_p19_r06_v14_c06.mp4,p19,f,train,9
Sitdown_p25_r04_v10_c01.mp4,p25,f,train,25
Drink.Fromcan_p06_r04_v11_c01.mp4,p06,f,train,8
Walk_p16_r03_v06_c02.mp4,p16,f,test,30
Readbook_p18_r01_v07_c05.mp4,p18,m,test,24
Walk_p04_r14_v16_c06.mp4,p04,f,train,30
Walk_p03_r05_v03_c05.mp4,p03,m,train,30
Readbook_p02_r01_v07_c04.mp4,p02,f,test,24
Walk_p16_r06_v07_c02.mp4,p16,f,test,30
WatchTV_p14_r05_v06_c05.mp4,p14,m,test,31
Walk_p15_r02_v01_c04.mp4,p15,m,train,30
Drink.Fromcup_p13_r03_v12_c02.mp4,p13,f,train,9
Cook.Stir_p15_r06_v16_c03.mp4,p15,m,train,4
Drink.Fromcup_p17_r02_v03_c05.mp4,p17,m,train,9
Drink.Frombottle_p14_r00_v07_c04.mp4,p14,m,test,7
Uselaptop_p14_r02_v08_c04.mp4,p14,m,test,27
Drink.Fromcup_p10_r03_v05_c05.mp4,p10,f,test,9
Getup_p19_r03_v08_c01.mp4,p19,f,train,14
Drink.Fromcup_p04_r03_v09_c02.mp4,p04,f,train,9
Walk_p04_r00_v14_c03.mp4,p04,f,train,30
Readbook_p25_r08_v07_c04.mp4,p25,f,train,24
WatchTV_p04_r07_v05_c05.mp4,p04,f,train,31
Enter_p10_r00_v05_c05.mp4,p10,f,test,13
Drink.Fromcup_p15_r01_v04_c05.mp4,p15,m,train,9
Drink.Fromcup_p12_r05_v07_c04.mp4,p12,f,train,9
Walk_p02_r16_v15_c06.mp4,p02,f,test,30
Walk_p25_r09_v15_c06.mp4,p25,f,train,30
Drink.Fromcup_p10_r02_v11_c06.mp4,p10,f,test,9
Walk_p12_r04_v03_c05.mp4,p12,f,train,30
WatchTV_p20_r05_v04_c05.mp4,p20,f,test,31
Walk_p17_r13_v03_c05.mp4,p17,m,train,30
Drink.Fromcup_p15_r11_v08_c01.mp4,p15,m,train,9
Sitdown_p09_r03_v07_c05.mp4,p09,m,train,25
Usetelephone_p14_r00_v13_c01.mp4,p14,m,test,29
Drink.Fromcup_p07_r02_v20_c03.mp4,p07,f,train,9
Laydown_p03_r01_v02_c05.mp4,p03,m,train,15
Sitdown_p10_r03_v01_c05.mp4,p10,f,test,25
WatchTV_p10_r01_v02_c04.mp4,p10,f,test,31
Drink.Fromcup_p13_r01_v12_c01.mp4,p13,f,train,9
Walk_p09_r02_v02_c05.mp4,p09,m,train,30
Eat.Attable_p16_r24_v06_c01.mp4,p16,f,test,11
Enter_p06_r02_v27_c01.mp4,p06,f,train,13
WatchTV_p12_r10_v07_c05.mp4,p12,f,train,31
Walk_p17_r08_v14_c06.mp4,p17,m,train,30
Eat.Attable_p18_r03_v12_c02.mp4,p18,m,test,11
Cook.Cleanup_p11_r12_v11_c07.mp4,p11,f,test,2
Walk_p13_r05_v23_c07.mp4,p13,f,train,30
WatchTV_p14_r05_v03_c05.mp4,p14,m,test,31
Drink.Frombottle_p16_r00_v07_c02.mp4,p16,f,test,7
Drink.Frombottle_p04_r07_v04_c05.mp4,p04,f,train,7
Readbook_p20_r02_v01_c04.mp4,p20,f,test,24
Uselaptop_p04_r00_v03_c05.mp4,p04,f,train,27
Walk_p17_r07_v10_c02.mp4,p17,m,train,30
Eat.Attable_p09_r03_v08_c01.mp4,p09,m,train,11
Getup_p18_r01_v11_c01.mp4,p18,m,test,14
Eat.Attable_p20_r18_v08_c01.mp4,p20,f,test,11
Walk_p07_r07_v06_c05.mp4,p07,f,train,30
Drink.Fromcup_p15_r04_v17_c06.mp4,p15,m,train,9
Walk_p02_r15_v09_c05.mp4,p02,f,test,30
Walk_p11_r00_v07_c04.mp4,p11,f,test,30
WatchTV_p03_r00_v08_c04.mp4,p03,m,train,31
Sitdown_p09_r03_v11_c01.mp4,p09,m,train,25
Drink.Fromcup_p04_r02_v01_c04.mp4,p04,f,train,9
Drink.Fromcup_p14_r00_v11_c02.mp4,p14,m,test,9
Drink.Fromcup_p14_r02_v07_c04.mp4,p14,m,test,9
Makecoffee.Pourgrains_p17_r00_v11_c06.mp4,p17,m,train,17
Drink.Fromcup_p02_r00_v11_c02.mp4,p02,f,test,9
Leave_p09_r02_v13_c06.mp4,p09,m,train,16
Sitdown_p12_r03_v07_c05.mp4,p12,f,train,25
Takepills_p04_r01_v04_c05.mp4,p04,f,train,26
Readbook_p16_r14_v06_c02.mp4,p16,f,test,24
Readbook_p11_r02_v02_c04.mp4,p11,f,test,24
Walk_p25_r05_v12_c06.mp4,p25,f,train,30
Drink.Fromcup_p16_r06_v02_c04.mp4,p16,f,test,9
Getup_p09_r01_v03_c04.mp4,p09,m,train,14
Takepills_p17_r02_v05_c04.mp4,p17,m,train,26
Uselaptop_p14_r04_v02_c04.mp4,p14,m,test,27
Cook.Stir_p09_r10_v13_c03.mp4,p09,m,train,4
Cook.Cleandishes_p15_r01_v17_c03.mp4,p15,m,train,1
Drink.Frombottle_p03_r01_v05_c04.mp4,p03,m,train,7
Uselaptop_p15_r03_v04_c04.mp4,p15,m,train,27
Walk_p09_r08_v13_c06.mp4,p09,m,train,30
Drink.Fromcup_p16_r02_v03_c05.mp4,p16,f,test,9
Walk_p15_r13_v09_c02.mp4,p15,m,train,30
Drink.Fromcup_p02_r00_v09_c05.mp4,p02,f,test,9
Enter_p17_r03_v04_c05.mp4,p17,m,train,13
Sitdown_p17_r05_v02_c05.mp4,p17,m,train,25
Usetelephone_p15_r00_v09_c02.mp4,p15,m,train,29
Cook.Stir_p25_r05_v16_c06.mp4,p25,f,train,4
Walk_p15_r20_v13_c06.mp4,p15,m,train,30
Sitdown_p15_r04_v09_c01.mp4,p15,m,train,25
Walk_p17_r07_v12_c07.mp4,p17,m,train,30
WatchTV_p09_r02_v05_c05.mp4,p09,m,train,31
Drink.Fromcan_p13_r00_v23_c03.mp4,p13,f,train,8
Leave_p04_r00_v05_c05.mp4,p04,f,train,16
Walk_p02_r22_v09_c05.mp4,p02,f,test,30
Usetelephone_p15_r00_v02_c05.mp4,p15,m,train,29
Pour.Frombottle_p25_r02_v04_c04.mp4,p25,f,train,21
Laydown_p19_r00_v04_c05.mp4,p19,f,train,15
Drink.Fromcup_p07_r07_v20_c06.mp4,p07,f,train,9
Enter_p09_r01_v06_c05.mp4,p09,m,train,13
Readbook_p12_r07_v05_c04.mp4,p12,f,train,24
Sitdown_p10_r03_v07_c05.mp4,p10,f,test,25
Drink.Fromcup_p06_r02_v03_c05.mp4,p06,f,train,9
Walk_p14_r34_v06_c05.mp4,p14,m,test,30
Enter_p07_r01_v04_c05.mp4,p07,f,train,13
Usetelephone_p04_r01_v06_c05.mp4,p04,f,train,29
Pour.Frombottle_p25_r01_v03_c04.mp4,p25,f,train,21
Drink.Fromcup_p16_r08_v12_c06.mp4,p16,f,test,9
Walk_p13_r00_v05_c04.mp4,p13,f,train,30
Walk_p15_r18_v16_c07.mp4,p15,m,train,30
Drink.Fromcup_p18_r01_v01_c04.mp4,p18,m,test,9
Drink.Fromcup_p12_r03_v06_c04.mp4,p12,f,train,9
Cook.Cleanup_p13_r00_v20_c06.mp4,p13,f,train,2
Walk_p15_r01_v15_c07.mp4,p15,m,train,30
Walk_p12_r00_v05_c05.mp4,p12,f,train,30
Takepills_p03_r04_v04_c04.mp4,p03,m,train,26
Cook.Cleanup_p13_r01_v21_c03.mp4,p13,f,train,2
Drink.Fromcan_p16_r00_v05_c04.mp4,p16,f,test,8
Walk_p15_r34_v16_c06.mp4,p15,m,train,30
Drink.Fromcup_p25_r08_v14_c03.mp4,p25,f,train,9
Readbook_p12_r02_v05_c05.mp4,p12,f,train,24
Eat.Snack_p19_r00_v09_c02.mp4,p19,f,train,12
Sitdown_p16_r02_v07_c02.mp4,p16,f,test,25
Walk_p16_r02_v12_c06.mp4,p16,f,test,30
Usetelephone_p25_r01_v11_c02.mp4,p25,f,train,29
Enter_p17_r00_v15_c03.mp4,p17,m,train,13
Pour.Frombottle_p03_r00_v08_c05.mp4,p03,m,train,21
Walk_p03_r35_v02_c04.mp4,p03,m,train,30
WatchTV_p20_r01_v05_c05.mp4,p20,f,test,31
WatchTV_p10_r01_v06_c05.mp4,p10,f,test,31
Walk_p03_r00_v06_c04.mp4,p03,m,train,30
Leave_p07_r00_v05_c05.mp4,p07,f,train,16
Walk_p11_r01_v12_c06.mp4,p11,f,test,30
Drink.Fromcup_p19_r15_v07_c01.mp4,p19,f,train,9
Eat.Attable_p04_r01_v12_c02.mp4,p04,f,train,11
Uselaptop_p11_r00_v09_c01.mp4,p11,f,test,27
Takepills_p11_r01_v04_c04.mp4,p11,f,test,26
WatchTV_p20_r04_v02_c05.mp4,p20,f,test,31
Getup_p10_r13_v09_c01.mp4,p10,f,test,14
Leave_p04_r01_v07_c04.mp4,p04,f,train,16
Maketea.Insertteabag_p10_r00_v11_c03.mp4,p10,f,test,20
Walk_p25_r05_v14_c07.mp4,p25,f,train,30
Walk_p15_r00_v09_c01.mp4,p15,m,train,30
Leave_p03_r00_v07_c04.mp4,p03,m,train,16
Walk_p25_r12_v03_c05.mp4,p25,f,train,30
Walk_p02_r04_v08_c04.mp4,p02,f,test,30
Sitdown_p06_r01_v10_c02.mp4,p06,f,train,25
WatchTV_p02_r06_v17_c05.mp4,p02,f,test,31
Eat.Snack_p18_r00_v14_c03.mp4,p18,m,test,12
Walk_p11_r14_v04_c04.mp4,p11,f,test,30
Readbook_p19_r02_v04_c05.mp4,p19,f,train,24
Walk_p07_r03_v06_c06.mp4,p07,f,train,30
Drink.Fromcup_p17_r06_v14_c06.mp4,p17,m,train,9
Takepills_p14_r00_v15_c07.mp4,p14,m,test,26
Drink.Fromcup_p19_r01_v04_c05.mp4,p19,f,train,9
Cook.Usestove_p10_r00_v13_c03.mp4,p10,f,test,5
Sitdown_p17_r00_v02_c05.mp4,p17,m,train,25
Drink.Fromcan_p25_r02_v06_c04.mp4,p25,f,train,8
Maketea.Insertteabag_p18_r01_v14_c03.mp4,p18,m,test,20
Cook.Cleandishes_p03_r10_v18_c03.mp4,p03,m,train,1
Uselaptop_p03_r08_v03_c05.mp4,p03,m,train,27
Eat.Snack_p09_r04_v15_c03.mp4,p09,m,train,12
WatchTV_p07_r02_v05_c05.mp4,p07,f,train,31
Sitdown_p10_r05_v03_c05.mp4,p10,f,test,25
Walk_p09_r05_v12_c03.mp4,p09,m,train,30
Drink.Fromcup_p07_r05_v20_c03.mp4,p07,f,train,9
Cook.Cleanup_p03_r04_v18_c06.mp4,p03,m,train,2
Eat.Snack_p19_r01_v09_c02.mp4,p19,f,train,12
Getup_p14_r00_v09_c01.mp4,p14,m,test,14
Drink.Fromcup_p12_r02_v04_c05.mp4,p12,f,train,9
Cook.Cleandishes_p13_r00_v23_c03.mp4,p13,f,train,1
Drink.Fromcan_p14_r00_v05_c04.mp4,p14,m,test,8
Pour.Fromcan_p15_r00_v11_c01.mp4,p15,m,train,22
Walk_p12_r07_v06_c04.mp4,p12,f,train,30
Takepills_p10_r00_v03_c04.mp4,p10,f,test,26
Cook.Usestove_p07_r04_v21_c06.mp4,p07,f,train,5
Drink.Fromcup_p25_r01_v04_c04.mp4,p25,f,train,9
Eat.Snack_p15_r02_v16_c03.mp4,p15,m,train,12
Walk_p19_r16_v02_c05.mp4,p19,f,train,30
Readbook_p14_r02_v04_c04.mp4,p14,m,test,24
Walk_p15_r43_v16_c06.mp4,p15,m,train,30
Drink.Fromcup_p03_r02_v10_c02.mp4,p03,m,train,9
Drink.Fromcup_p19_r08_v02_c05.mp4,p19,f,train,9
Enter_p17_r00_v11_c03.mp4,p17,m,train,13
Cook.Stir_p11_r09_v13_c03.mp4,p11,f,test,4
Cook.Cleandishes_p07_r00_v22_c06.mp4,p07,f,train,1
Drink.Fromcup_p14_r06_v04_c05.mp4,p14,m,test,9
Uselaptop_p03_r01_v05_c05.mp4,p03,m,train,27
Walk_p11_r08_v06_c04.mp4,p11,f,test,30
Walk_p15_r02_v13_c06.mp4,p15,m,train,30
Walk_p18_r13_v12_c02.mp4,p18,m,test,30
Drink.Fromcup_p20_r04_v13_c03.mp4,p20,f,test,9
Walk_p03_r11_v13_c02.mp4,p03,m,train,30
Walk_p04_r06_v17_c06.mp4,p04,f,train,30
Walk_p04_r03_v17_c03.mp4,p04,f,train,30
Drink.Fromcan_p25_r05_v15_c03.mp4,p25,f,train,8
Drink.Fromcup_p20_r03_v02_c04.mp4,p20,f,test,9
Walk_p02_r06_v02_c07.mp4,p02,f,test,30
Leave_p06_r02_v12_c06.mp4,p06,f,train,16
Walk_p14_r10_v15_c07.mp4,p14,m,test,30
Walk_p06_r11_v13_c06.mp4,p06,f,train,30
Drink.Fromcup_p13_r00_v11_c02.mp4,p13,f,train,9
Uselaptop_p14_r00_v13_c02.mp4,p14,m,test,27
Getup_p06_r02_v06_c04.mp4,p06,f,train,14
Usetelephone_p13_r02_v24_c05.mp4,p13,f,train,29
Walk_p04_r01_v05_c04.mp4,p04,f,train,30
Maketea.Boilwater_p11_r00_v12_c06.mp4,p11,f,test,19
Usetelephone_p17_r00_v08_c02.mp4,p17,m,train,29
Walk_p15_r03_v07_c04.mp4,p15,m,train,30
Eat.Attable_p13_r31_v19_c01.mp4,p13,f,train,11
Drink.Fromcup_p25_r11_v12_c06.mp4,p25,f,train,9
Readbook_p11_r11_v01_c04.mp4,p11,f,test,24
Walk_p03_r13_v04_c04.mp4,p03,m,train,30
Drink.Fromcup_p16_r01_v02_c04.mp4,p16,f,test,9
WatchTV_p04_r08_v05_c05.mp4,p04,f,train,31
Walk_p04_r06_v16_c07.mp4,p04,f,train,30
Usetelephone_p10_r01_v05_c05.mp4,p10,f,test,29
Cook.Cleandishes_p06_r03_v13_c06.mp4,p06,f,train,1
Walk_p04_r09_v17_c03.mp4,p04,f,train,30
Sitdown_p10_r03_v06_c05.mp4,p10,f,test,25
Walk_p03_r04_v19_c04.mp4,p03,m,train,30
Sitdown_p06_r00_v14_c02.mp4,p06,f,train,25
Walk_p02_r09_v02_c07.mp4,p02,f,test,30
Usetelephone_p14_r00_v10_c02.mp4,p14,m,test,29
Drink.Frombottle_p16_r00_v04_c05.mp4,p16,f,test,7
Takepills_p15_r02_v04_c05.mp4,p15,m,train,26
Readbook_p18_r00_v10_c01.mp4,p18,m,test,24
Sitdown_p13_r01_v11_c02.mp4,p13,f,train,25
Drink.Fromcan_p14_r01_v10_c02.mp4,p14,m,test,8
Drink.Fromcup_p18_r02_v03_c05.mp4,p18,m,test,9
Walk_p02_r02_v15_c06.mp4,p02,f,test,30
Cook.Stir_p09_r10_v12_c06.mp4,p09,m,train,4
Drink.Fromcup_p09_r07_v08_c01.mp4,p09,m,train,9
Uselaptop_p11_r01_v04_c04.mp4,p11,f,test,27
Drink.Fromcup_p19_r06_v04_c05.mp4,p19,f,train,9
Pour.Fromcan_p03_r01_v18_c03.mp4,p03,m,train,22
Readbook_p03_r01_v02_c05.mp4,p03,m,train,24
Leave_p07_r03_v06_c06.mp4,p07,f,train,16
Walk_p13_r08_v20_c03.mp4,p13,f,train,30
Drink.Fromcup_p17_r01_v05_c05.mp4,p17,m,train,9
Walk_p15_r02_v16_c07.mp4,p15,m,train,30
Walk_p09_r04_v13_c06.mp4,p09,m,train,30
Drink.Fromcup_p03_r00_v16_c06.mp4,p03,m,train,9
Walk_p15_r18_v10_c02.mp4,p15,m,train,30
Walk_p17_r14_v05_c05.mp4,p17,m,train,30
Drink.Frombottle_p04_r06_v04_c04.mp4,p04,f,train,7
Cook.Cleandishes_p07_r05_v06_c06.mp4,p07,f,train,1
Walk_p19_r06_v10_c02.mp4,p19,f,train,30
Readbook_p17_r04_v09_c02.mp4,p17,m,train,24
Walk_p15_r09_v13_c06.mp4,p15,m,train,30
Walk_p04_r01_v14_c07.mp4,p04,f,train,30
Walk_p07_r03_v09_c01.mp4,p07,f,train,30
Enter_p10_r02_v13_c03.mp4,p10,f,test,13
Enter_p09_r00_v02_c04.mp4,p09,m,train,13
Readbook_p06_r00_v04_c05.mp4,p06,f,train,24
Getup_p06_r01_v05_c04.mp4,p06,f,train,14
Drink.Fromcan_p12_r01_v03_c04.mp4,p12,f,train,8
Drink.Fromcup_p20_r03_v14_c07.mp4,p20,f,test,9
Walk_p04_r08_v15_c06.mp4,p04,f,train,30
Walk_p10_r02_v11_c03.mp4,p10,f,test,30
Drink.Fromcup_p17_r03_v05_c05.mp4,p17,m,train,9
Usetelephone_p18_r01_v10_c01.mp4,p18,m,test,29
Drink.Fromcup_p02_r01_v01_c06.mp4,p02,f,test,9
Leave_p03_r00_v19_c04.mp4,p03,m,train,16
Walk_p17_r04_v14_c06.mp4,p17,m,train,30
Usetelephone_p18_r02_v10_c02.mp4,p18,m,test,29
Getup_p14_r16_v06_c05.mp4,p14,m,test,14
Getup_p11_r04_v06_c04.mp4,p11,f,test,14
Sitdown_p14_r14_v02_c05.mp4,p14,m,test,25
Walk_p20_r00_v11_c01.mp4,p20,f,test,30
Walk_p13_r19_v25_c04.mp4,p13,f,train,30
Walk_p15_r08_v13_c06.mp4,p15,m,train,30
Cook.Cut_p02_r09_v15_c06.mp4,p02,f,test,3
Drink.Fromcup_p16_r05_v13_c03.mp4,p16,f,test,9
Makecoffee.Pourgrains_p13_r01_v20_c06.mp4,p13,f,train,17
Enter_p13_r00_v07_c04.mp4,p13,f,train,13
Drink.Fromcup_p25_r04_v12_c03.mp4,p25,f,train,9
Usetelephone_p15_r01_v02_c04.mp4,p15,m,train,29
Walk_p03_r32_v02_c04.mp4,p03,m,train,30
Cook.Cleanup_p20_r04_v16_c03.mp4,p20,f,test,2
Drink.Fromcan_p15_r01_v10_c01.mp4,p15,m,train,8
Drink.Fromcup_p14_r02_v12_c02.mp4,p14,m,test,9
Drink.Fromcup_p03_r04_v06_c04.mp4,p03,m,train,9
Walk_p15_r00_v04_c05.mp4,p15,m,train,30
Walk_p15_r02_v01_c05.mp4,p15,m,train,30
Walk_p16_r07_v05_c05.mp4,p16,f,test,30
Uselaptop_p15_r00_v04_c05.mp4,p15,m,train,27
WatchTV_p06_r07_v03_c05.mp4,p06,f,train,31
Leave_p07_r05_v06_c06.mp4,p07,f,train,16
Uselaptop_p19_r01_v02_c05.mp4,p19,f,train,27
Walk_p14_r05_v03_c05.mp4,p14,m,test,30
Cook.Cleanup_p16_r01_v15_c06.mp4,p16,f,test,2
Cook.Cut_p20_r11_v15_c07.mp4,p20,f,test,3
Cook.Stir_p25_r04_v16_c03.mp4,p25,f,train,4
Enter_p09_r00_v02_c05.mp4,p09,m,train,13
Drink.Fromcup_p09_r04_v09_c01.mp4,p09,m,train,9
Drink.Fromcup_p13_r06_v10_c01.mp4,p13,f,train,9
Drink.Frombottle_p02_r03_v12_c02.mp4,p02,f,test,7
Getup_p14_r07_v02_c04.mp4,p14,m,test,14
Takepills_p18_r00_v09_c01.mp4,p18,m,test,26
Pour.Frombottle_p17_r01_v03_c04.mp4,p17,m,train,21
Sitdown_p25_r00_v01_c04.mp4,p25,f,train,25
Pour.Fromcan_p15_r02_v10_c02.mp4,p15,m,train,22
Readbook_p16_r20_v06_c02.mp4,p16,f,test,24
Cook.Stir_p19_r04_v12_c03.mp4,p19,f,train,4
Drink.Fromcup_p17_r02_v09_c02.mp4,p17,m,train,9
WatchTV_p25_r11_v01_c04.mp4,p25,f,train,31
Drink.Fromcup_p03_r01_v01_c05.mp4,p03,m,train,9
Drink.Fromcup_p16_r04_v12_c03.mp4,p16,f,test,9
Readbook_p03_r14_v02_c04.mp4,p03,m,train,24
Pour.Fromkettle_p17_r00_v12_c07.mp4,p17,m,train,23
Walk_p25_r00_v14_c03.mp4,p25,f,train,30
Walk_p06_r10_v13_c06.mp4,p06,f,train,30
Walk_p15_r04_v13_c03.mp4,p15,m,train,30
WatchTV_p18_r12_v08_c05.mp4,p18,m,test,31
Walk_p09_r01_v13_c03.mp4,p09,m,train,30
Cook.Stir_p25_r02_v16_c07.mp4,p25,f,train,4
Cook.Cleandishes_p02_r00_v16_c06.mp4,p02,f,test,1
Walk_p13_r01_v04_c04.mp4,p13,f,train,30
Eat.Attable_p04_r08_v08_c02.mp4,p04,f,train,11
Walk_p12_r17_v04_c05.mp4,p12,f,train,30
Drink.Fromcup_p02_r02_v04_c05.mp4,p02,f,test,9
Leave_p11_r00_v06_c04.mp4,p11,f,test,16
Getup_p12_r03_v05_c04.mp4,p12,f,train,14
Drink.Fromcup_p20_r05_v14_c07.mp4,p20,f,test,9
Drink.Fromcup_p02_r10_v02_c03.mp4,p02,f,test,9
Walk_p25_r01_v14_c03.mp4,p25,f,train,30
Readbook_p04_r00_v08_c01.mp4,p04,f,train,24
Uselaptop_p15_r01_v05_c05.mp4,p15,m,train,27
Walk_p25_r11_v10_c02.mp4,p25,f,train,30
Drink.Fromcan_p06_r01_v14_c02.mp4,p06,f,train,8
Takepills_p03_r02_v18_c03.mp4,p03,m,train,26
Maketea.Insertteabag_p03_r01_v15_c03.mp4,p03,m,train,20
Drink.Fromcup_p25_r00_v05_c05.mp4,p25,f,train,9
Walk_p15_r05_v11_c02.mp4,p15,m,train,30
Sitdown_p10_r08_v01_c04.mp4,p10,f,test,25
Sitdown_p10_r03_v05_c04.mp4,p10,f,test,25
Readbook_p02_r02_v04_c04.mp4,p02,f,test,24
Walk_p03_r00_v01_c05.mp4,p03,m,train,30
Sitdown_p20_r03_v05_c04.mp4,p20,f,test,25
Walk_p25_r02_v12_c06.mp4,p25,f,train,30
Eat.Attable_p11_r51_v08_c01.mp4,p11,f,test,11
Drink.Fromcan_p18_r02_v08_c05.mp4,p18,m,test,8
Drink.Fromcan_p12_r01_v14_c05.mp4,p12,f,train,8
Drink.Fromcup_p06_r01_v03_c04.mp4,p06,f,train,9
Drink.Fromcup_p13_r01_v21_c07.mp4,p13,f,train,9
Sitdown_p17_r10_v09_c02.mp4,p17,m,train,25
Eat.Attable_p14_r01_v09_c01.mp4,p14,m,test,11
Drink.Fromcup_p15_r08_v09_c01.mp4,p15,m,train,9
Cook.Stir_p25_r07_v15_c07.mp4,p25,f,train,4
Sitdown_p17_r00_v09_c01.mp4,p17,m,train,25
Walk_p20_r02_v06_c05.mp4,p20,f,test,30
Cook.Cleandishes_p10_r03_v13_c06.mp4,p10,f,test,1
Walk_p17_r01_v15_c06.mp4,p17,m,train,30
Walk_p17_r14_v12_c03.mp4,p17,m,train,30
Walk_p03_r05_v18_c06.mp4,p03,m,train,30
Walk_p20_r06_v14_c07.mp4,p20,f,test,30
Readbook_p13_r09_v11_c02.mp4,p13,f,train,24
Drink.Fromcup_p16_r02_v13_c03.mp4,p16,f,test,9
Walk_p17_r03_v15_c06.mp4,p17,m,train,30
Enter_p07_r03_v06_c06.mp4,p07,f,train,13
Drink.Fromcup_p15_r07_v14_c03.mp4,p15,m,train,9
Walk_p11_r00_v06_c04.mp4,p11,f,test,30
Takepills_p17_r01_v09_c02.mp4,p17,m,train,26
Drink.Fromglass_p25_r04_v11_c02.mp4,p25,f,train,10
WatchTV_p04_r04_v03_c04.mp4,p04,f,train,31
Walk_p13_r04_v04_c04.mp4,p13,f,train,30
Enter_p18_r01_v05_c05.mp4,p18,m,test,13
Walk_p02_r04_v02_c03.mp4,p02,f,test,30
Drink.Frombottle_p04_r01_v04_c04.mp4,p04,f,train,7
Readbook_p02_r11_v12_c02.mp4,p02,f,test,24
WatchTV_p25_r04_v01_c04.mp4,p25,f,train,31
Walk_p19_r16_v01_c05.mp4,p19,f,train,30
Walk_p10_r04_v12_c07.mp4,p10,f,test,30
Walk_p20_r06_v07_c05.mp4,p20,f,test,30
Drink.Fromcup_p19_r06_v03_c04.mp4,p19,f,train,9
Leave_p09_r00_v10_c01.mp4,p09,m,train,16
Walk_p02_r00_v10_c06.mp4,p02,f,test,30
Walk_p17_r29_v03_c05.mp4,p17,m,train,30
Eat.Attable_p16_r06_v06_c01.mp4,p16,f,test,11
Getup_p09_r07_v03_c04.mp4,p09,m,train,14
Readbook_p03_r03_v02_c05.mp4,p03,m,train,24
Walk_p14_r35_v06_c05.mp4,p14,m,test,30
Drink.Fromcup_p19_r00_v05_c05.mp4,p19,f,train,9
Walk_p25_r26_v04_c05.mp4,p25,f,train,30
Drink.Fromcan_p04_r07_v03_c04.mp4,p04,f,train,8
Cook.Cleanup_p10_r03_v12_c06.mp4,p10,f,test,2
Drink.Fromcan_p14_r01_v10_c01.mp4,p14,m,test,8
Walk_p25_r13_v15_c06.mp4,p25,f,train,30
Drink.Fromcup_p02_r06_v11_c01.mp4,p02,f,test,9
Readbook_p25_r01_v09_c01.mp4,p25,f,train,24
Laydown_p15_r00_v07_c04.mp4,p15,m,train,15
Drink.Fromcup_p12_r06_v06_c05.mp4,p12,f,train,9
Enter_p06_r01_v14_c01.mp4,p06,f,train,13
Walk_p03_r28_v02_c04.mp4,p03,m,train,30
Sitdown_p09_r01_v08_c01.mp4,p09,m,train,25
Cook.Cleanup_p06_r03_v13_c06.mp4,p06,f,train,2
Drink.Fromcan_p18_r13_v08_c05.mp4,p18,m,test,8
Eat.Attable_p14_r11_v09_c01.mp4,p14,m,test,11
Getup_p13_r00_v07_c04.mp4,p13,f,train,14
Readbook_p15_r00_v01_c05.mp4,p15,m,train,24
Drink.Fromcup_p02_r08_v17_c05.mp4,p02,f,test,9
Drink.Fromcup_p10_r01_v02_c04.mp4,p10,f,test,9
Laydown_p09_r00_v06_c05.mp4,p09,m,train,15
Walk_p17_r03_v10_c02.mp4,p17,m,train,30
Drink.Fromcup_p12_r11_v04_c05.mp4,p12,f,train,9
Drink.Fromcup_p10_r02_v05_c05.mp4,p10,f,test,9
Cook.Cleandishes_p07_r11_v20_c06.mp4,p07,f,train,1
Walk_p09_r02_v06_c05.mp4,p09,m,train,30
Drink.Fromcup_p13_r06_v08_c02.mp4,p13,f,train,9
Cook.Cut_p20_r06_v15_c07.mp4,p20,f,test,3
Drink.Fromcup_p25_r03_v04_c05.mp4,p25,f,train,9
Walk_p03_r13_v03_c05.mp4,p03,m,train,30
WatchTV_p06_r09_v03_c05.mp4,p06,f,train,31
Drink.Frombottle_p03_r05_v05_c05.mp4,p03,m,train,7
Enter_p20_r00_v04_c04.mp4,p20,f,test,13
Walk_p10_r07_v06_c05.mp4,p10,f,test,30
Readbook_p06_r01_v01_c04.mp4,p06,f,train,24
Walk_p17_r07_v06_c05.mp4,p17,m,train,30
Walk_p12_r17_v05_c05.mp4,p12,f,train,30
Drink.Fromcup_p14_r06_v11_c01.mp4,p14,m,test,9
Drink.Fromcup_p02_r02_v09_c05.mp4,p02,f,test,9
Cook.Stir_p09_r17_v12_c07.mp4,p09,m,train,4
Sitdown_p17_r03_v04_c04.mp4,p17,m,train,25
Walk_p03_r11_v02_c05.mp4,p03,m,train,30
Drink.Frombottle_p04_r02_v04_c05.mp4,p04,f,train,7
Cook.Cleandishes_p07_r02_v20_c03.mp4,p07,f,train,1
Eat.Attable_p11_r21_v08_c01.mp4,p11,f,test,11
Usetelephone_p10_r00_v11_c03.mp4,p10,f,test,29
Walk_p02_r04_v14_c06.mp4,p02,f,test,30
Drink.Fromcup_p19_r08_v10_c02.mp4,p19,f,train,9
Sitdown_p04_r01_v08_c01.mp4,p04,f,train,25
Walk_p14_r33_v06_c05.mp4,p14,m,test,30
Uselaptop_p15_r00_v12_c01.mp4,p15,m,train,27
Laydown_p13_r00_v24_c05.mp4,p13,f,train,15
Uselaptop_p02_r02_v08_c05.mp4,p02,f,test,27
Walk_p19_r02_v12_c03.mp4,p19,f,train,30
Drink.Fromcup_p04_r03_v16_c07.mp4,p04,f,train,9
Usetelephone_p18_r04_v08_c05.mp4,p18,m,test,29
Eat.Attable_p03_r14_v10_c02.mp4,p03,m,train,11
Laydown_p18_r02_v06_c05.mp4,p18,m,test,15
Cook.Cleandishes_p06_r05_v13_c03.mp4,p06,f,train,1
Eat.Attable_p18_r00_v09_c02.mp4,p18,m,test,11
Sitdown_p19_r00_v09_c01.mp4,p19,f,train,25
Drink.Fromcan_p04_r02_v03_c04.mp4,p04,f,train,8
Enter_p12_r03_v06_c04.mp4,p12,f,train,13
Makecoffee.Pourwater_p03_r01_v16_c03.mp4,p03,m,train,18
Walk_p25_r12_v09_c02.mp4,p25,f,train,30
Walk_p20_r10_v03_c05.mp4,p20,f,test,30
Sitdown_p06_r06_v06_c04.mp4,p06,f,train,25
Cook.Cleandishes_p16_r02_v12_c07.mp4,p16,f,test,1
Walk_p10_r01_v14_c07.mp4,p10,f,test,30
Sitdown_p14_r07_v08_c05.mp4,p14,m,test,25
Walk_p25_r06_v17_c02.mp4,p25,f,train,30
Eat.Snack_p12_r01_v06_c05.mp4,p12,f,train,12
Cook.Stir_p07_r13_v21_c07.mp4,p07,f,train,4
Walk_p03_r09_v04_c04.mp4,p03,m,train,30
Cook.Stir_p13_r05_v23_c07.mp4,p13,f,train,4
Eat.Attable_p04_r25_v08_c01.mp4,p04,f,train,11
Getup_p04_r01_v07_c05.mp4,p04,f,train,14
Makecoffee.Pourwater_p07_r00_v20_c03.mp4,p07,f,train,18
Walk_p03_r03_v03_c04.mp4,p03,m,train,30
Walk_p13_r03_v23_c07.mp4,p13,f,train,30
Walk_p16_r08_v14_c07.mp4,p16,f,test,30
Readbook_p11_r02_v01_c04.mp4,p11,f,test,24
Walk_p04_r02_v18_c06.mp4,p04,f,train,30
Walk_p03_r26_v02_c05.mp4,p03,m,train,30
Walk_p15_r14_v09_c02.mp4,p15,m,train,30
Cutbread_p18_r03_v09_c01.mp4,p18,m,test,6
Eat.Attable_p11_r07_v08_c01.mp4,p11,f,test,11
Walk_p14_r06_v07_c04.mp4,p14,m,test,30
Cook.Stir_p15_r01_v15_c03.mp4,p15,m,train,4
Drink.Frombottle_p06_r06_v10_c02.mp4,p06,f,train,7
Walk_p06_r12_v13_c03.mp4,p06,f,train,30
Cook.Cut_p15_r01_v15_c03.mp4,p15,m,train,3
Drink.Fromcup_p15_r04_v01_c04.mp4,p15,m,train,9
WatchTV_p03_r00_v08_c05.mp4,p03,m,train,31
Readbook_p04_r00_v01_c05.mp4,p04,f,train,24
Cook.Cleanup_p10_r03_v12_c03.mp4,p10,f,test,2
Getup_p10_r10_v09_c01.mp4,p10,f,test,14
Drink.Frombottle_p15_r01_v05_c05.mp4,p15,m,train,7
Getup_p25_r00_v02_c05.mp4,p25,f,train,14
Cutbread_p07_r00_v08_c01.mp4,p07,f,train,6
WatchTV_p12_r15_v02_c05.mp4,p12,f,train,31
Drink.Fromcup_p10_r07_v05_c05.mp4,p10,f,test,9
Cook.Usestove_p10_r02_v12_c03.mp4,p10,f,test,5
Drink.Fromcup_p13_r03_v13_c01.mp4,p13,f,train,9
Drink.Fromcan_p18_r05_v08_c04.mp4,p18,m,test,8
Takepills_p02_r01_v02_c03.mp4,p02,f,test,26
Leave_p03_r00_v11_c01.mp4,p03,m,train,16
Walk_p02_r16_v02_c07.mp4,p02,f,test,30
Walk_p02_r16_v01_c06.mp4,p02,f,test,30
Drink.Fromcan_p14_r04_v10_c01.mp4,p14,m,test,8
Cook.Cut_p17_r02_v15_c03.mp4,p17,m,train,3
Leave_p07_r00_v06_c05.mp4,p07,f,train,16
Enter_p20_r00_v15_c07.mp4,p20,f,test,13
Cook.Stir_p07_r03_v21_c07.mp4,p07,f,train,4
Walk_p15_r04_v12_c02.mp4,p15,m,train,30
Getup_p12_r08_v05_c05.mp4,p12,f,train,14
Drink.Fromcup_p03_r01_v04_c05.mp4,p03,m,train,9
Walk_p20_r03_v05_c05.mp4,p20,f,test,30
Maketea.Insertteabag_p16_r00_v14_c06.mp4,p16,f,test,20
Sitdown_p19_r02_v05_c04.mp4,p19,f,train,25
Readbook_p02_r02_v12_c02.mp4,p02,f,test,24
Eat.Attable_p02_r15_v11_c02.mp4,p02,f,test,11
Drink.Fromcup_p16_r02_v13_c06.mp4,p16,f,test,9
Getup_p13_r03_v10_c02.mp4,p13,f,train,14
Cook.Stir_p09_r15_v12_c07.mp4,p09,m,train,4
Maketea.Insertteabag_p02_r01_v02_c03.mp4,p02,f,test,20
Getup_p06_r00_v02_c05.mp4,p06,f,train,14
Walk_p03_r04_v18_c03.mp4,p03,m,train,30
Sitdown_p10_r05_v01_c04.mp4,p10,f,test,25
Readbook_p20_r03_v05_c04.mp4,p20,f,test,24
Getup_p11_r00_v06_c04.mp4,p11,f,test,14
WatchTV_p10_r08_v03_c05.mp4,p10,f,test,31
Eat.Attable_p13_r12_v08_c02.mp4,p13,f,train,11
Walk_p25_r19_v04_c04.mp4,p25,f,train,30
Readbook_p06_r03_v11_c01.mp4,p06,f,train,24
Drink.Fromcup_p18_r04_v09_c02.mp4,p18,m,test,9
Walk_p02_r20_v14_c03.mp4,p02,f,test,30
Drink.Fromcup_p13_r05_v03_c04.mp4,p13,f,train,9
Drink.Fromglass_p25_r01_v11_c02.mp4,p25,f,train,10
Drink.Fromcup_p19_r05_v10_c01.mp4,p19,f,train,9
Readbook_p25_r03_v07_c04.mp4,p25,f,train,24
Walk_p17_r25_v04_c05.mp4,p17,m,train,30
WatchTV_p06_r00_v02_c04.mp4,p06,f,train,31
Drink.Frombottle_p18_r07_v05_c05.mp4,p18,m,test,7
Drink.Fromcup_p17_r02_v14_c03.mp4,p17,m,train,9
Walk_p04_r09_v05_c04.mp4,p04,f,train,30
WatchTV_p06_r00_v05_c04.mp4,p06,f,train,31
Leave_p07_r02_v03_c03.mp4,p07,f,train,16
Drink.Fromcan_p14_r03_v08_c04.mp4,p14,m,test,8
Walk_p15_r00_v13_c03.mp4,p15,m,train,30
Walk_p04_r05_v04_c05.mp4,p04,f,train,30
Drink.Fromcup_p20_r05_v02_c04.mp4,p20,f,test,9
Pour.Fromkettle_p03_r01_v16_c03.mp4,p03,m,train,23
Readbook_p17_r07_v08_c02.mp4,p17,m,train,24
Laydown_p06_r00_v03_c04.mp4,p06,f,train,15
Drink.Fromcup_p20_r02_v11_c01.mp4,p20,f,test,9
Walk_p12_r06_v05_c05.mp4,p12,f,train,30
Cook.Cleandishes_p07_r12_v06_c06.mp4,p07,f,train,1
Enter_p06_r01_v12_c06.mp4,p06,f,train,13
Drink.Fromcup_p03_r03_v06_c05.mp4,p03,m,train,9
Drink.Fromcup_p16_r04_v02_c05.mp4,p16,f,test,9
Eat.Attable_p14_r00_v09_c02.mp4,p14,m,test,11
Readbook_p25_r06_v10_c02.mp4,p25,f,train,24
Readbook_p20_r04_v01_c05.mp4,p20,f,test,24
Makecoffee.Pourwater_p13_r01_v20_c03.mp4,p13,f,train,18
Readbook_p06_r07_v07_c01.mp4,p06,f,train,24
Getup_p19_r02_v04_c05.mp4,p19,f,train,14
Drink.Fromcan_p12_r01_v07_c04.mp4,p12,f,train,8
Takepills_p17_r01_v14_c06.mp4,p17,m,train,26
Readbook_p17_r00_v04_c04.mp4,p17,m,train,24
Eat.Attable_p18_r29_v09_c02.mp4,p18,m,test,11
Cook.Cut_p17_r08_v14_c06.mp4,p17,m,train,3
Walk_p07_r03_v05_c05.mp4,p07,f,train,30
Walk_p17_r20_v12_c06.mp4,p17,m,train,30
Walk_p15_r03_v13_c06.mp4,p15,m,train,30
Readbook_p02_r14_v12_c02.mp4,p02,f,test,24
Usetelephone_p10_r00_v09_c01.mp4,p10,f,test,29
Pour.Fromcan_p20_r00_v09_c01.mp4,p20,f,test,22
Walk_p15_r01_v05_c05.mp4,p15,m,train,30
Cook.Usestove_p09_r05_v13_c06.mp4,p09,m,train,5
Sitdown_p06_r01_v11_c02.mp4,p06,f,train,25
Takepills_p10_r04_v07_c05.mp4,p10,f,test,26
Getup_p14_r07_v08_c05.mp4,p14,m,test,14
Cook.Cleandishes_p11_r01_v12_c03.mp4,p11,f,test,1
Getup_p12_r04_v05_c05.mp4,p12,f,train,14
Drink.Fromcan_p12_r01_v07_c05.mp4,p12,f,train,8
Walk_p04_r04_v15_c07.mp4,p04,f,train,30
Usetablet_p17_r00_v05_c04.mp4,p17,m,train,28
Drink.Fromcup_p25_r01_v14_c03.mp4,p25,f,train,9
Walk_p25_r01_v06_c05.mp4,p25,f,train,30
Walk_p14_r00_v12_c02.mp4,p14,m,test,30
Cook.Cut_p15_r05_v15_c06.mp4,p15,m,train,3
Leave_p09_r02_v06_c04.mp4,p09,m,train,16
Uselaptop_p06_r00_v15_c02.mp4,p06,f,train,27
Walk_p03_r01_v03_c04.mp4,p03,m,train,30
Eat.Attable_p13_r23_v08_c02.mp4,p13,f,train,11
Sitdown_p04_r05_v03_c04.mp4,p04,f,train,25
Enter_p10_r01_v11_c06.mp4,p10,f,test,13
Readbook_p19_r02_v07_c01.mp4,p19,f,train,24
Getup_p14_r10_v07_c04.mp4,p14,m,test,14
Cook.Stir_p19_r07_v12_c03.mp4,p19,f,train,4
Drink.Fromcup_p06_r13_v03_c04.mp4,p06,f,train,9
Walk_p12_r07_v01_c04.mp4,p12,f,train,30
Walk_p19_r03_v05_c05.mp4,p19,f,train,30
Walk_p03_r06_v19_c05.mp4,p03,m,train,30
Readbook_p14_r02_v07_c04.mp4,p14,m,test,24
Eat.Attable_p13_r27_v08_c02.mp4,p13,f,train,11
Uselaptop_p10_r04_v10_c01.mp4,p10,f,test,27
Drink.Fromcan_p11_r06_v09_c01.mp4,p11,f,test,8
Drink.Fromcan_p03_r01_v07_c05.mp4,p03,m,train,8
Walk_p14_r26_v07_c04.mp4,p14,m,test,30
Leave_p07_r00_v01_c05.mp4,p07,f,train,16
Sitdown_p10_r05_v05_c04.mp4,p10,f,test,25
Laydown_p06_r01_v03_c04.mp4,p06,f,train,15
Walk_p14_r25_v06_c05.mp4,p14,m,test,30
Drink.Fromcup_p18_r05_v12_c02.mp4,p18,m,test,9
Walk_p03_r12_v03_c05.mp4,p03,m,train,30
Getup_p15_r00_v01_c05.mp4,p15,m,train,14
WatchTV_p20_r02_v04_c05.mp4,p20,f,test,31
Eat.Attable_p25_r01_v17_c01.mp4,p25,f,train,11
Drink.Frombottle_p09_r01_v06_c04.mp4,p09,m,train,7
Drink.Fromcup_p09_r02_v05_c05.mp4,p09,m,train,9
WatchTV_p12_r06_v05_c05.mp4,p12,f,train,31
Walk_p20_r05_v14_c07.mp4,p20,f,test,30
Walk_p15_r01_v01_c04.mp4,p15,m,train,30
Getup_p10_r07_v03_c04.mp4,p10,f,test,14
Walk_p12_r07_v02_c05.mp4,p12,f,train,30
Getup_p10_r01_v03_c05.mp4,p10,f,test,14
Cook.Stir_p02_r12_v14_c03.mp4,p02,f,test,4
Walk_p12_r09_v07_c05.mp4,p12,f,train,30
Cook.Stir_p18_r05_v15_c03.mp4,p18,m,test,4
Drink.Frombottle_p15_r00_v05_c04.mp4,p15,m,train,7
Drink.Fromcup_p15_r07_v08_c01.mp4,p15,m,train,9
Walk_p11_r06_v12_c06.mp4,p11,f,test,30
Walk_p15_r16_v16_c03.mp4,p15,m,train,30
Getup_p17_r02_v08_c02.mp4,p17,m,train,14
Eat.Attable_p11_r09_v08_c01.mp4,p11,f,test,11
Makecoffee.Pourgrains_p07_r00_v02_c03.mp4,p07,f,train,17
Uselaptop_p17_r03_v08_c01.mp4,p17,m,train,27
Pour.Frombottle_p19_r02_v08_c02.mp4,p19,f,train,21
Drink.Fromcup_p19_r07_v09_c02.mp4,p19,f,train,9
Cook.Usestove_p11_r01_v13_c06.mp4,p11,f,test,5
Drink.Fromcup_p16_r03_v06_c02.mp4,p16,f,test,9
Sitdown_p17_r06_v09_c01.mp4,p17,m,train,25
Enter_p10_r00_v14_c03.mp4,p10,f,test,13
WatchTV_p07_r03_v06_c05.mp4,p07,f,train,31
Drink.Frombottle_p04_r11_v04_c05.mp4,p04,f,train,7
Readbook_p13_r01_v25_c05.mp4,p13,f,train,24
Walk_p20_r04_v04_c05.mp4,p20,f,test,30
Walk_p20_r10_v05_c05.mp4,p20,f,test,30
Maketea.Boilwater_p25_r01_v14_c03.mp4,p25,f,train,19
Usetelephone_p03_r03_v02_c05.mp4,p03,m,train,29
Drink.Fromcup_p14_r00_v05_c04.mp4,p14,m,test,9
Usetelephone_p15_r00_v10_c02.mp4,p15,m,train,29
Usetelephone_p04_r00_v05_c05.mp4,p04,f,train,29
Walk_p19_r09_v01_c05.mp4,p19,f,train,30
Usetelephone_p25_r02_v10_c02.mp4,p25,f,train,29
Eat.Attable_p19_r01_v07_c01.mp4,p19,f,train,11
Drink.Fromcup_p04_r01_v10_c01.mp4,p04,f,train,9
WatchTV_p02_r09_v05_c04.mp4,p02,f,test,31
Drink.Fromcup_p13_r06_v09_c01.mp4,p13,f,train,9
Walk_p13_r05_v05_c04.mp4,p13,f,train,30
Getup_p09_r00_v01_c05.mp4,p09,m,train,14
WatchTV_p14_r05_v07_c05.mp4,p14,m,test,31
Readbook_p17_r01_v09_c01.mp4,p17,m,train,24
Readbook_p12_r04_v01_c04.mp4,p12,f,train,24
Readbook_p11_r02_v06_c04.mp4,p11,f,test,24
Drink.Fromcup_p19_r01_v12_c06.mp4,p19,f,train,9
Cook.Stir_p11_r05_v13_c06.mp4,p11,f,test,4
Cook.Cleandishes_p25_r02_v12_c03.mp4,p25,f,train,1
Walk_p12_r20_v04_c05.mp4,p12,f,train,30
Walk_p13_r01_v07_c04.mp4,p13,f,train,30
Walk_p12_r16_v04_c05.mp4,p12,f,train,30
Eat.Attable_p18_r11_v09_c02.mp4,p18,m,test,11
Makecoffee.Pourwater_p13_r00_v20_c03.mp4,p13,f,train,18
Pour.Frombottle_p09_r00_v06_c05.mp4,p09,m,train,21
Walk_p04_r25_v05_c04.mp4,p04,f,train,30
Cook.Usestove_p09_r12_v13_c06.mp4,p09,m,train,5
Usetelephone_p15_r03_v12_c02.mp4,p15,m,train,29
Walk_p04_r01_v15_c06.mp4,p04,f,train,30
Walk_p14_r07_v10_c02.mp4,p14,m,test,30
Drink.Fromcup_p02_r07_v09_c05.mp4,p02,f,test,9
Eat.Attable_p17_r07_v10_c01.mp4,p17,m,train,11
Sitdown_p14_r06_v02_c04.mp4,p14,m,test,25
WatchTV_p03_r07_v07_c04.mp4,p03,m,train,31
Walk_p04_r07_v17_c07.mp4,p04,f,train,30
Drink.Fromcup_p16_r03_v13_c06.mp4,p16,f,test,9
Walk_p16_r04_v12_c03.mp4,p16,f,test,30
Eat.Attable_p04_r04_v12_c02.mp4,p04,f,train,11
Usetelephone_p19_r00_v03_c05.mp4,p19,f,train,29
Readbook_p15_r00_v04_c05.mp4,p15,m,train,24
Walk_p14_r15_v07_c04.mp4,p14,m,test,30
Drink.Frombottle_p04_r14_v04_c05.mp4,p04,f,train,7
Walk_p18_r00_v15_c03.mp4,p18,m,test,30
WatchTV_p04_r08_v05_c04.mp4,p04,f,train,31
Walk_p13_r03_v24_c05.mp4,p13,f,train,30
WatchTV_p18_r05_v07_c05.mp4,p18,m,test,31
Walk_p17_r31_v12_c06.mp4,p17,m,train,30
Sitdown_p20_r02_v09_c01.mp4,p20,f,test,25
Maketea.Insertteabag_p09_r00_v15_c06.mp4,p09,m,train,20
Walk_p25_r06_v06_c05.mp4,p25,f,train,30
Walk_p15_r04_v14_c06.mp4,p15,m,train,30
Getup_p03_r09_v05_c05.mp4,p03,m,train,14
Walk_p17_r05_v13_c06.mp4,p17,m,train,30
Eat.Snack_p12_r02_v05_c04.mp4,p12,f,train,12
Takepills_p09_r00_v06_c04.mp4,p09,m,train,26
Walk_p10_r00_v03_c05.mp4,p10,f,test,30
Cook.Usestove_p07_r00_v21_c06.mp4,p07,f,train,5
Cook.Cleanup_p10_r06_v14_c03.mp4,p10,f,test,2
WatchTV_p20_r04_v06_c05.mp4,p20,f,test,31
Drink.Fromcup_p19_r06_v09_c01.mp4,p19,f,train,9
Enter_p03_r01_v18_c03.mp4,p03,m,train,13
Drink.Fromcup_p13_r04_v05_c04.mp4,p13,f,train,9
Drink.Fromcup_p07_r02_v08_c02.mp4,p07,f,train,9
Drink.Fromcup_p03_r02_v06_c05.mp4,p03,m,train,9
Getup_p19_r01_v05_c04.mp4,p19,f,train,14
Walk_p12_r24_v04_c05.mp4,p12,f,train,30
Cook.Cleandishes_p10_r07_v11_c03.mp4,p10,f,test,1
Walk_p03_r43_v02_c04.mp4,p03,m,train,30
Cook.Cleandishes_p15_r00_v13_c03.mp4,p15,m,train,1
Leave_p06_r00_v03_c04.mp4,p06,f,train,16
Walk_p07_r10_v21_c06.mp4,p07,f,train,30
Walk_p12_r09_v04_c05.mp4,p12,f,train,30
Takepills_p03_r05_v04_c04.mp4,p03,m,train,26
Getup_p25_r04_v11_c01.mp4,p25,f,train,14
Makecoffee.Pourwater_p06_r01_v12_c06.mp4,p06,f,train,18
Walk_p16_r15_v14_c06.mp4,p16,f,test,30
Walk_p25_r00_v04_c04.mp4,p25,f,train,30
Cook.Cleandishes_p10_r05_v11_c03.mp4,p10,f,test,1
Drink.Fromcup_p02_r03_v04_c05.mp4,p02,f,test,9
Drink.Fromcup_p25_r08_v01_c04.mp4,p25,f,train,9
Cook.Stir_p04_r03_v17_c06.mp4,p04,f,train,4
Walk_p03_r31_v02_c05.mp4,p03,m,train,30
Getup_p07_r01_v09_c02.mp4,p07,f,train,14
Getup_p16_r02_v02_c05.mp4,p16,f,test,14
Walk_p15_r10_v04_c05.mp4,p15,m,train,30
Getup_p09_r05_v05_c05.mp4,p09,m,train,14
Drink.Frombottle_p06_r06_v10_c01.mp4,p06,f,train,7
Walk_p20_r00_v04_c05.mp4,p20,f,test,30
WatchTV_p06_r00_v03_c05.mp4,p06,f,train,31
Uselaptop_p20_r00_v09_c01.mp4,p20,f,test,27
Eat.Attable_p16_r13_v06_c01.mp4,p16,f,test,11
Walk_p03_r28_v04_c04.mp4,p03,m,train,30
Sitdown_p15_r01_v03_c04.mp4,p15,m,train,25
Leave_p09_r01_v07_c05.mp4,p09,m,train,16
Usetelephone_p18_r03_v10_c02.mp4,p18,m,test,29
Walk_p17_r18_v12_c06.mp4,p17,m,train,30
Drink.Fromcup_p14_r00_v07_c04.mp4,p14,m,test,9
Uselaptop_p15_r00_v11_c02.mp4,p15,m,train,27
Walk_p09_r06_v13_c03.mp4,p09,m,train,30
Walk_p14_r06_v08_c04.mp4,p14,m,test,30
Walk_p12_r13_v07_c04.mp4,p12,f,train,30
Makecoffee.Pourgrains_p13_r00_v20_c03.mp4,p13,f,train,17
Eat.Attable_p11_r00_v08_c01.mp4,p11,f,test,11
Drink.Frombottle_p02_r00_v06_c05.mp4,p02,f,test,7
Sitdown_p10_r03_v03_c04.mp4,p10,f,test,25
Cook.Usestove_p10_r05_v12_c06.mp4,p10,f,test,5
Pour.Frombottle_p10_r00_v06_c05.mp4,p10,f,test,21
Walk_p04_r22_v05_c04.mp4,p04,f,train,30
Drink.Fromcup_p14_r03_v07_c04.mp4,p14,m,test,9
Enter_p14_r00_v05_c04.mp4,p14,m,test,13
Walk_p16_r16_v12_c06.mp4,p16,f,test,30
Enter_p06_r00_v13_c03.mp4,p06,f,train,13
Readbook_p06_r02_v06_c04.mp4,p06,f,train,24
Readbook_p04_r01_v04_c05.mp4,p04,f,train,24
Enter_p06_r00_v12_c06.mp4,p06,f,train,13
Cook.Cleandishes_p11_r00_v12_c03.mp4,p11,f,test,1
Eat.Attable_p13_r00_v19_c01.mp4,p13,f,train,11
Walk_p02_r02_v06_c05.mp4,p02,f,test,30
Drink.Fromcan_p06_r00_v14_c01.mp4,p06,f,train,8
Walk_p19_r07_v11_c06.mp4,p19,f,train,30
Readbook_p19_r02_v02_c04.mp4,p19,f,train,24
Walk_p25_r08_v17_c02.mp4,p25,f,train,30
Getup_p14_r05_v02_c04.mp4,p14,m,test,14
Walk_p04_r02_v15_c03.mp4,p04,f,train,30
Sitdown_p11_r00_v04_c04.mp4,p11,f,test,25
Readbook_p06_r03_v03_c04.mp4,p06,f,train,24
Usetelephone_p15_r03_v02_c04.mp4,p15,m,train,29
WatchTV_p18_r00_v06_c05.mp4,p18,m,test,31
Usetelephone_p14_r01_v10_c01.mp4,p14,m,test,29
Getup_p10_r05_v03_c04.mp4,p10,f,test,14
Eat.Snack_p03_r00_v07_c05.mp4,p03,m,train,12
Sitdown_p04_r01_v13_c02.mp4,p04,f,train,25
Readbook_p12_r02_v02_c05.mp4,p12,f,train,24
Drink.Fromcup_p25_r04_v05_c04.mp4,p25,f,train,9
Cook.Usestove_p04_r01_v18_c06.mp4,p04,f,train,5
Readbook_p25_r05_v07_c04.mp4,p25,f,train,24
Leave_p09_r00_v15_c03.mp4,p09,m,train,16
Cook.Cleandishes_p04_r01_v17_c06.mp4,p04,f,train,1
Drink.Fromglass_p25_r02_v11_c01.mp4,p25,f,train,10
Walk_p17_r11_v12_c06.mp4,p17,m,train,30
Walk_p19_r00_v12_c03.mp4,p19,f,train,30
Walk_p15_r10_v03_c04.mp4,p15,m,train,30
WatchTV_p16_r12_v02_c05.mp4,p16,f,test,31
Sitdown_p14_r21_v05_c05.mp4,p14,m,test,25
Uselaptop_p16_r00_v07_c01.mp4,p16,f,test,27
Walk_p15_r11_v11_c02.mp4,p15,m,train,30
Sitdown_p03_r09_v08_c05.mp4,p03,m,train,25
Walk_p12_r00_v03_c05.mp4,p12,f,train,30
Walk_p10_r03_v13_c03.mp4,p10,f,test,30
Laydown_p03_r00_v19_c05.mp4,p03,m,train,15
Walk_p12_r04_v02_c04.mp4,p12,f,train,30
Walk_p04_r07_v14_c07.mp4,p04,f,train,30
Eat.Snack_p13_r00_v21_c03.mp4,p13,f,train,12
Walk_p17_r26_v05_c05.mp4,p17,m,train,30
Takepills_p15_r00_v17_c03.mp4,p15,m,train,26
Walk_p18_r00_v13_c03.mp4,p18,m,test,30
Drink.Frombottle_p16_r01_v14_c03.mp4,p16,f,test,7
Eat.Attable_p18_r02_v12_c02.mp4,p18,m,test,11
Readbook_p06_r10_v07_c01.mp4,p06,f,train,24
Walk_p11_r24_v04_c04.mp4,p11,f,test,30
Walk_p16_r10_v14_c07.mp4,p16,f,test,30
Maketea.Insertteabag_p13_r02_v21_c03.mp4,p13,f,train,20
Sitdown_p10_r12_v10_c01.mp4,p10,f,test,25
Cook.Cut_p20_r01_v16_c07.mp4,p20,f,test,3
Drink.Fromcup_p03_r03_v04_c04.mp4,p03,m,train,9
Drink.Fromglass_p25_r01_v11_c01.mp4,p25,f,train,10
Walk_p04_r04_v17_c03.mp4,p04,f,train,30
Cook.Stir_p16_r02_v14_c03.mp4,p16,f,test,4
Walk_p14_r23_v07_c04.mp4,p14,m,test,30
Readbook_p03_r00_v19_c04.mp4,p03,m,train,24
Walk_p07_r05_v03_c05.mp4,p07,f,train,30
Eat.Attable_p11_r08_v08_c01.mp4,p11,f,test,11
Walk_p15_r04_v14_c07.mp4,p15,m,train,30
Leave_p17_r00_v04_c05.mp4,p17,m,train,16
Drink.Fromcup_p15_r01_v08_c02.mp4,p15,m,train,9
Sitdown_p17_r10_v09_c01.mp4,p17,m,train,25
Walk_p02_r14_v13_c06.mp4,p02,f,test,30
Walk_p03_r44_v04_c05.mp4,p03,m,train,30
Readbook_p03_r02_v06_c05.mp4,p03,m,train,24
Enter_p25_r03_v05_c05.mp4,p25,f,train,13
Readbook_p06_r01_v07_c02.mp4,p06,f,train,24
Cook.Stir_p25_r07_v16_c03.mp4,p25,f,train,4
Drink.Fromcup_p20_r02_v06_c04.mp4,p20,f,test,9
Enter_p03_r02_v11_c01.mp4,p03,m,train,13
Walk_p17_r07_v12_c03.mp4,p17,m,train,30
Readbook_p12_r00_v01_c04.mp4,p12,f,train,24
Eat.Snack_p15_r01_v04_c04.mp4,p15,m,train,12
Uselaptop_p02_r05_v12_c02.mp4,p02,f,test,27
Cook.Cleandishes_p04_r03_v14_c03.mp4,p04,f,train,1
Walk_p12_r21_v07_c04.mp4,p12,f,train,30
Walk_p15_r10_v14_c06.mp4,p15,m,train,30
Maketea.Boilwater_p10_r00_v11_c06.mp4,p10,f,test,19
Leave_p03_r01_v10_c02.mp4,p03,m,train,16
Uselaptop_p14_r02_v06_c05.mp4,p14,m,test,27
Laydown_p17_r03_v05_c05.mp4,p17,m,train,15
Maketea.Insertteabag_p13_r00_v21_c06.mp4,p13,f,train,20
Sitdown_p07_r03_v05_c05.mp4,p07,f,train,25
WatchTV_p10_r00_v05_c04.mp4,p10,f,test,31
Getup_p15_r03_v10_c01.mp4,p15,m,train,14
Eat.Attable_p04_r02_v12_c01.mp4,p04,f,train,11
Walk_p12_r07_v13_c06.mp4,p12,f,train,30
Cook.Usestove_p07_r02_v21_c06.mp4,p07,f,train,5
Walk_p07_r03_v20_c07.mp4,p07,f,train,30
Walk_p15_r09_v16_c06.mp4,p15,m,train,30
Cook.Cleandishes_p25_r03_v12_c03.mp4,p25,f,train,1
Drink.Fromcup_p10_r04_v03_c05.mp4,p10,f,test,9
Drink.Fromcup_p15_r06_v13_c03.mp4,p15,m,train,9
Readbook_p19_r00_v09_c01.mp4,p19,f,train,24
Walk_p17_r07_v15_c07.mp4,p17,m,train,30
WatchTV_p12_r03_v07_c05.mp4,p12,f,train,31
Takepills_p15_r03_v04_c05.mp4,p15,m,train,26
Takepills_p17_r03_v14_c06.mp4,p17,m,train,26
Pour.Frombottle_p06_r01_v02_c04.mp4,p06,f,train,21
Walk_p13_r03_v20_c06.mp4,p13,f,train,30
Getup_p06_r00_v05_c05.mp4,p06,f,train,14
Cook.Cleandishes_p10_r04_v14_c06.mp4,p10,f,test,1
WatchTV_p18_r11_v08_c05.mp4,p18,m,test,31
Sitdown_p25_r06_v10_c01.mp4,p25,f,train,25
Readbook_p02_r04_v04_c04.mp4,p02,f,test,24
Walk_p12_r02_v01_c04.mp4,p12,f,train,30
Eat.Attable_p04_r03_v08_c02.mp4,p04,f,train,11
WatchTV_p04_r01_v07_c05.mp4,p04,f,train,31
Walk_p18_r09_v15_c07.mp4,p18,m,test,30
Drink.Fromcup_p14_r05_v01_c05.mp4,p14,m,test,9
Readbook_p12_r01_v02_c04.mp4,p12,f,train,24
Cook.Cleandishes_p17_r01_v14_c03.mp4,p17,m,train,1
Getup_p13_r04_v13_c02.mp4,p13,f,train,14
Sitdown_p20_r06_v06_c05.mp4,p20,f,test,25
Walk_p13_r07_v06_c04.mp4,p13,f,train,30
Walk_p25_r07_v04_c04.mp4,p25,f,train,30
Drink.Fromcup_p13_r10_v20_c03.mp4,p13,f,train,9
Leave_p18_r01_v05_c05.mp4,p18,m,test,16
Cook.Stir_p07_r12_v21_c07.mp4,p07,f,train,4
Sitdown_p10_r12_v09_c01.mp4,p10,f,test,25
Drink.Frombottle_p14_r01_v07_c04.mp4,p14,m,test,7
Sitdown_p17_r08_v05_c05.mp4,p17,m,train,25
Drink.Fromcup_p13_r02_v11_c02.mp4,p13,f,train,9
Cook.Cleanup_p10_r01_v14_c03.mp4,p10,f,test,2
Walk_p16_r06_v04_c05.mp4,p16,f,test,30
Drink.Fromcup_p02_r07_v17_c05.mp4,p02,f,test,9
Walk_p14_r06_v06_c05.mp4,p14,m,test,30
Eat.Attable_p07_r00_v08_c01.mp4,p07,f,train,11
Walk_p03_r03_v15_c03.mp4,p03,m,train,30
Usetelephone_p19_r00_v01_c05.mp4,p19,f,train,29
Takepills_p15_r01_v10_c02.mp4,p15,m,train,26
Sitdown_p02_r00_v04_c04.mp4,p02,f,test,25
Walk_p04_r21_v05_c05.mp4,p04,f,train,30
Usetelephone_p10_r01_v11_c03.mp4,p10,f,test,29
Eat.Attable_p07_r28_v08_c01.mp4,p07,f,train,11
Leave_p09_r00_v02_c04.mp4,p09,m,train,16
Uselaptop_p17_r07_v08_c01.mp4,p17,m,train,27
Walk_p02_r16_v14_c06.mp4,p02,f,test,30
Eat.Snack_p15_r01_v14_c03.mp4,p15,m,train,12
Leave_p07_r00_v03_c05.mp4,p07,f,train,16
Drink.Fromcup_p15_r05_v14_c03.mp4,p15,m,train,9
Walk_p11_r15_v04_c04.mp4,p11,f,test,30
Walk_p04_r12_v05_c05.mp4,p04,f,train,30
Drink.Fromcup_p10_r06_v05_c05.mp4,p10,f,test,9
Walk_p03_r01_v06_c05.mp4,p03,m,train,30
Walk_p15_r00_v13_c07.mp4,p15,m,train,30
Walk_p25_r01_v16_c07.mp4,p25,f,train,30
Uselaptop_p09_r01_v05_c04.mp4,p09,m,train,27
Takepills_p03_r03_v04_c04.mp4,p03,m,train,26
WatchTV_p06_r03_v06_c04.mp4,p06,f,train,31
Drink.Fromcup_p13_r08_v08_c02.mp4,p13,f,train,9
Walk_p15_r02_v16_c06.mp4,p15,m,train,30
Walk_p09_r07_v05_c05.mp4,p09,m,train,30
Walk_p15_r08_v10_c02.mp4,p15,m,train,30
Drink.Fromcup_p14_r01_v14_c06.mp4,p14,m,test,9
Drink.Fromcup_p20_r04_v09_c01.mp4,p20,f,test,9
WatchTV_p14_r00_v05_c05.mp4,p14,m,test,31
Eat.Attable_p09_r16_v08_c01.mp4,p09,m,train,11
Walk_p02_r17_v02_c07.mp4,p02,f,test,30
Drink.Fromcup_p07_r07_v20_c03.mp4,p07,f,train,9
Drink.Fromcup_p13_r06_v21_c03.mp4,p13,f,train,9
Walk_p14_r07_v04_c05.mp4,p14,m,test,30
Getup_p14_r10_v02_c05.mp4,p14,m,test,14
Getup_p17_r00_v10_c01.mp4,p17,m,train,14
Walk_p03_r01_v13_c01.mp4,p03,m,train,30
Eat.Attable_p07_r19_v08_c01.mp4,p07,f,train,11
Getup_p09_r04_v05_c05.mp4,p09,m,train,14
Walk_p09_r03_v15_c03.mp4,p09,m,train,30
Drink.Fromcup_p19_r03_v03_c05.mp4,p19,f,train,9
Walk_p10_r01_v11_c07.mp4,p10,f,test,30
WatchTV_p13_r05_v25_c05.mp4,p13,f,train,31
Eat.Attable_p14_r05_v09_c01.mp4,p14,m,test,11
Uselaptop_p17_r00_v08_c02.mp4,p17,m,train,27
Drink.Fromcup_p14_r06_v03_c04.mp4,p14,m,test,9
Leave_p02_r01_v08_c04.mp4,p02,f,test,16
Drink.Fromcan_p14_r02_v06_c04.mp4,p14,m,test,8
Walk_p07_r00_v22_c06.mp4,p07,f,train,30
Getup_p06_r02_v01_c04.mp4,p06,f,train,14
Walk_p17_r28_v03_c05.mp4,p17,m,train,30
Walk_p12_r13_v06_c05.mp4,p12,f,train,30
Sitdown_p17_r02_v08_c01.mp4,p17,m,train,25
Enter_p03_r01_v18_c07.mp4,p03,m,train,13
Drink.Fromcup_p06_r09_v03_c04.mp4,p06,f,train,9
WatchTV_p18_r07_v07_c05.mp4,p18,m,test,31
WatchTV_p10_r02_v03_c05.mp4,p10,f,test,31
Walk_p15_r03_v10_c02.mp4,p15,m,train,30
WatchTV_p18_r13_v08_c05.mp4,p18,m,test,31
Drink.Fromcup_p06_r07_v03_c05.mp4,p06,f,train,9
Leave_p25_r00_v16_c07.mp4,p25,f,train,16
Drink.Fromcup_p06_r01_v10_c01.mp4,p06,f,train,9
Getup_p15_r00_v08_c01.mp4,p15,m,train,14
Walk_p09_r03_v12_c06.mp4,p09,m,train,30
WatchTV_p06_r03_v04_c04.mp4,p06,f,train,31
Walk_p15_r06_v16_c07.mp4,p15,m,train,30
Walk_p18_r04_v11_c02.mp4,p18,m,test,30
Walk_p14_r01_v07_c04.mp4,p14,m,test,30
Walk_p03_r19_v04_c04.mp4,p03,m,train,30
Drink.Fromcup_p15_r03_v03_c04.mp4,p15,m,train,9
Usetelephone_p03_r01_v11_c01.mp4,p03,m,train,29
Readbook_p03_r11_v02_c04.mp4,p03,m,train,24
Cook.Stir_p18_r10_v15_c07.mp4,p18,m,test,4
Uselaptop_p04_r01_v06_c05.mp4,p04,f,train,27
Sitdown_p14_r01_v02_c05.mp4,p14,m,test,25
Drink.Fromcup_p07_r08_v20_c03.mp4,p07,f,train,9
Drink.Fromcup_p10_r02_v10_c01.mp4,p10,f,test,9
WatchTV_p03_r01_v07_c04.mp4,p03,m,train,31
Walk_p25_r04_v12_c07.mp4,p25,f,train,30
Getup_p20_r02_v03_c04.mp4,p20,f,test,14
Leave_p25_r01_v06_c04.mp4,p25,f,train,16
Drink.Fromcup_p14_r10_v03_c05.mp4,p14,m,test,9
Eat.Attable_p09_r36_v08_c01.mp4,p09,m,train,11
Cook.Cleanup_p15_r03_v13_c06.mp4,p15,m,train,2
WatchTV_p12_r09_v06_c05.mp4,p12,f,train,31
Drink.Fromcup_p10_r00_v06_c04.mp4,p10,f,test,9
Eat.Snack_p04_r00_v16_c06.mp4,p04,f,train,12
Walk_p03_r39_v02_c04.mp4,p03,m,train,30
Maketea.Boilwater_p11_r00_v12_c03.mp4,p11,f,test,19
Drink.Fromcup_p16_r01_v09_c01.mp4,p16,f,test,9
Drink.Fromcup_p10_r07_v09_c01.mp4,p10,f,test,9
WatchTV_p20_r09_v07_c05.mp4,p20,f,test,31
Usetelephone_p13_r02_v13_c01.mp4,p13,f,train,29
Usetelephone_p02_r02_v01_c06.mp4,p02,f,test,29
Walk_p16_r13_v08_c02.mp4,p16,f,test,30
Getup_p06_r04_v06_c04.mp4,p06,f,train,14
Uselaptop_p07_r00_v10_c01.mp4,p07,f,train,27
Cook.Cut_p19_r05_v12_c06.mp4,p19,f,train,3
Walk_p15_r03_v17_c07.mp4,p15,m,train,30
Walk_p02_r07_v09_c05.mp4,p02,f,test,30
Cook.Cleandishes_p09_r03_v13_c06.mp4,p09,m,train,1
Sitdown_p10_r01_v09_c01.mp4,p10,f,test,25
Eat.Attable_p07_r16_v08_c01.mp4,p07,f,train,11
Leave_p18_r03_v05_c04.mp4,p18,m,test,16
WatchTV_p07_r03_v02_c05.mp4,p07,f,train,31
Walk_p11_r23_v04_c04.mp4,p11,f,test,30
Sitdown_p10_r00_v02_c05.mp4,p10,f,test,25
WatchTV_p09_r04_v05_c05.mp4,p09,m,train,31
Walk_p17_r01_v04_c04.mp4,p17,m,train,30
Cook.Usestove_p09_r06_v13_c03.mp4,p09,m,train,5
Drink.Fromcup_p04_r06_v08_c01.mp4,p04,f,train,9
Takepills_p16_r02_v14_c06.mp4,p16,f,test,26
Walk_p12_r03_v05_c04.mp4,p12,f,train,30
Walk_p03_r13_v02_c04.mp4,p03,m,train,30
Eat.Snack_p06_r00_v12_c06.mp4,p06,f,train,12
Cook.Stir_p09_r05_v13_c03.mp4,p09,m,train,4
Walk_p14_r06_v12_c02.mp4,p14,m,test,30
Eat.Attable_p17_r02_v10_c02.mp4,p17,m,train,11
Takepills_p14_r00_v04_c05.mp4,p14,m,test,26
Walk_p09_r02_v04_c04.mp4,p09,m,train,30
Cook.Cut_p02_r02_v14_c03.mp4,p02,f,test,3
Drink.Fromcup_p19_r05_v04_c04.mp4,p19,f,train,9
Walk_p03_r01_v08_c05.mp4,p03,m,train,30
Walk_p06_r03_v12_c07.mp4,p06,f,train,30
Walk_p17_r09_v14_c06.mp4,p17,m,train,30
Eat.Snack_p13_r01_v21_c06.mp4,p13,f,train,12
Walk_p17_r24_v04_c05.mp4,p17,m,train,30
Getup_p06_r00_v07_c01.mp4,p06,f,train,14
Walk_p15_r13_v13_c06.mp4,p15,m,train,30
Drink.Fromglass_p03_r03_v18_c06.mp4,p03,m,train,10
WatchTV_p13_r00_v24_c05.mp4,p13,f,train,31
Sitdown_p14_r09_v02_c05.mp4,p14,m,test,25
Cook.Cut_p20_r02_v15_c07.mp4,p20,f,test,3
Eat.Attable_p19_r02_v07_c01.mp4,p19,f,train,11
Leave_p07_r03_v05_c05.mp4,p07,f,train,16
Drink.Fromcup_p02_r01_v14_c03.mp4,p02,f,test,9
Cook.Cleanup_p15_r01_v16_c03.mp4,p15,m,train,2
Drink.Fromcup_p10_r08_v05_c05.mp4,p10,f,test,9
Enter_p06_r00_v03_c05.mp4,p06,f,train,13
Drink.Frombottle_p15_r01_v10_c01.mp4,p15,m,train,7
Eat.Attable_p14_r18_v09_c02.mp4,p14,m,test,11
Walk_p13_r02_v20_c06.mp4,p13,f,train,30
WatchTV_p12_r03_v04_c05.mp4,p12,f,train,31
Walk_p12_r12_v12_c07.mp4,p12,f,train,30
Eat.Attable_p18_r28_v09_c01.mp4,p18,m,test,11
Sitdown_p13_r02_v07_c04.mp4,p13,f,train,25
Walk_p20_r00_v13_c07.mp4,p20,f,test,30
Walk_p15_r01_v12_c01.mp4,p15,m,train,30
Cook.Cleanup_p16_r00_v13_c03.mp4,p16,f,test,2
Drink.Fromcup_p06_r00_v02_c05.mp4,p06,f,train,9
Drink.Fromcup_p07_r08_v20_c07.mp4,p07,f,train,9
Walk_p17_r10_v10_c02.mp4,p17,m,train,30
Drink.Frombottle_p15_r01_v16_c03.mp4,p15,m,train,7
Getup_p14_r07_v10_c02.mp4,p14,m,test,14
WatchTV_p12_r04_v14_c05.mp4,p12,f,train,31
Eat.Snack_p06_r06_v11_c02.mp4,p06,f,train,12
Readbook_p12_r01_v05_c05.mp4,p12,f,train,24
Walk_p04_r03_v14_c06.mp4,p04,f,train,30
Walk_p14_r10_v13_c02.mp4,p14,m,test,30
Drink.Fromcup_p19_r02_v03_c05.mp4,p19,f,train,9
Walk_p02_r33_v09_c05.mp4,p02,f,test,30
Drink.Fromcan_p11_r03_v10_c01.mp4,p11,f,test,8
Drink.Fromcup_p16_r04_v14_c03.mp4,p16,f,test,9
Walk_p10_r06_v06_c05.mp4,p10,f,test,30
Walk_p15_r35_v16_c06.mp4,p15,m,train,30
Drink.Fromcup_p16_r00_v09_c01.mp4,p16,f,test,9
Drink.Fromcan_p06_r02_v14_c01.mp4,p06,f,train,8
Cook.Cleandishes_p11_r08_v11_c07.mp4,p11,f,test,1
Eat.Snack_p06_r07_v11_c02.mp4,p06,f,train,12
Eat.Snack_p11_r00_v13_c07.mp4,p11,f,test,12
Usetelephone_p20_r01_v03_c04.mp4,p20,f,test,29
Usetelephone_p15_r00_v17_c06.mp4,p15,m,train,29
Drink.Fromcan_p25_r00_v11_c01.mp4,p25,f,train,8
Walk_p14_r00_v03_c05.mp4,p14,m,test,30
Readbook_p14_r04_v12_c02.mp4,p14,m,test,24
Walk_p14_r00_v14_c06.mp4,p14,m,test,30
Readbook_p18_r02_v01_c05.mp4,p18,m,test,24
Cook.Cleanup_p03_r01_v16_c03.mp4,p03,m,train,2
Walk_p15_r04_v11_c02.mp4,p15,m,train,30
Enter_p25_r02_v05_c05.mp4,p25,f,train,13
Takepills_p03_r07_v04_c04.mp4,p03,m,train,26
Eat.Attable_p04_r13_v08_c02.mp4,p04,f,train,11
Walk_p25_r00_v09_c02.mp4,p25,f,train,30
Walk_p12_r18_v05_c05.mp4,p12,f,train,30
Drink.Frombottle_p06_r04_v10_c01.mp4,p06,f,train,7
Walk_p09_r00_v03_c04.mp4,p09,m,train,30
Cook.Stir_p17_r03_v14_c06.mp4,p17,m,train,4
Cook.Cleanup_p10_r07_v11_c03.mp4,p10,f,test,2
Cook.Cleandishes_p07_r09_v06_c06.mp4,p07,f,train,1
Walk_p19_r12_v04_c05.mp4,p19,f,train,30
Drink.Frombottle_p04_r02_v07_c04.mp4,p04,f,train,7
Cook.Stir_p13_r04_v23_c03.mp4,p13,f,train,4
Sitdown_p18_r01_v09_c01.mp4,p18,m,test,25
Eat.Attable_p04_r16_v08_c02.mp4,p04,f,train,11
Readbook_p09_r02_v01_c05.mp4,p09,m,train,24
Cook.Cleanup_p10_r02_v14_c03.mp4,p10,f,test,2
Eat.Snack_p06_r05_v11_c02.mp4,p06,f,train,12
Cook.Stir_p09_r14_v12_c07.mp4,p09,m,train,4
Leave_p20_r00_v06_c05.mp4,p20,f,test,16
Drink.Fromcan_p15_r00_v09_c01.mp4,p15,m,train,8
Sitdown_p07_r00_v03_c05.mp4,p07,f,train,25
Walk_p16_r02_v14_c07.mp4,p16,f,test,30
Drink.Fromcup_p09_r13_v08_c01.mp4,p09,m,train,9
Walk_p25_r25_v04_c05.mp4,p25,f,train,30
Drink.Fromcup_p06_r06_v26_c01.mp4,p06,f,train,9
Walk_p12_r01_v06_c05.mp4,p12,f,train,30
Eat.Attable_p13_r22_v08_c02.mp4,p13,f,train,11
Enter_p25_r01_v05_c05.mp4,p25,f,train,13
Drink.Fromcup_p15_r07_v09_c02.mp4,p15,m,train,9
Sitdown_p17_r01_v10_c02.mp4,p17,m,train,25
Drink.Fromcup_p07_r02_v02_c05.mp4,p07,f,train,9
Cook.Cleandishes_p07_r10_v06_c03.mp4,p07,f,train,1
Drink.Fromcup_p13_r11_v19_c01.mp4,p13,f,train,9
Eat.Snack_p06_r04_v11_c01.mp4,p06,f,train,12
Makecoffee.Pourgrains_p18_r00_v13_c03.mp4,p18,m,test,17
Drink.Fromcan_p18_r00_v10_c02.mp4,p18,m,test,8
Sitdown_p19_r06_v03_c05.mp4,p19,f,train,25
Pour.Fromkettle_p07_r00_v22_c03.mp4,p07,f,train,23
Usetelephone_p06_r00_v01_c04.mp4,p06,f,train,29
Readbook_p04_r05_v08_c01.mp4,p04,f,train,24
Cutbread_p25_r00_v17_c01.mp4,p25,f,train,6
Walk_p03_r46_v04_c04.mp4,p03,m,train,30
Sitdown_p18_r02_v05_c05.mp4,p18,m,test,25
Drink.Frombottle_p03_r05_v03_c04.mp4,p03,m,train,7
Walk_p12_r00_v01_c04.mp4,p12,f,train,30
Readbook_p03_r12_v02_c04.mp4,p03,m,train,24
WatchTV_p07_r09_v04_c05.mp4,p07,f,train,31
Walk_p25_r09_v06_c05.mp4,p25,f,train,30
Getup_p12_r02_v04_c05.mp4,p12,f,train,14
Drink.Fromcup_p14_r20_v03_c05.mp4,p14,m,test,9
Cook.Cut_p12_r01_v12_c06.mp4,p12,f,train,3
Pour.Frombottle_p25_r03_v05_c04.mp4,p25,f,train,21
Walk_p14_r32_v06_c05.mp4,p14,m,test,30
Usetelephone_p04_r00_v06_c04.mp4,p04,f,train,29
Drink.Frombottle_p04_r15_v04_c04.mp4,p04,f,train,7
Laydown_p17_r02_v05_c05.mp4,p17,m,train,15
Drink.Fromcup_p19_r06_v02_c05.mp4,p19,f,train,9
Cook.Stir_p25_r04_v16_c06.mp4,p25,f,train,4
Drink.Frombottle_p12_r04_v02_c05.mp4,p12,f,train,7
Walk_p19_r06_v04_c05.mp4,p19,f,train,30
Readbook_p19_r04_v01_c04.mp4,p19,f,train,24
Walk_p10_r10_v13_c07.mp4,p10,f,test,30
Sitdown_p17_r03_v05_c04.mp4,p17,m,train,25
Walk_p11_r12_v13_c07.mp4,p11,f,test,30
Leave_p25_r00_v06_c04.mp4,p25,f,train,16
WatchTV_p25_r06_v06_c05.mp4,p25,f,train,31
Eat.Snack_p10_r00_v13_c06.mp4,p10,f,test,12
Getup_p03_r02_v13_c01.mp4,p03,m,train,14
Walk_p17_r00_v09_c02.mp4,p17,m,train,30
Pour.Frombottle_p07_r00_v10_c02.mp4,p07,f,train,21
Drink.Fromcup_p07_r02_v08_c01.mp4,p07,f,train,9
Cook.Cleandishes_p07_r02_v21_c06.mp4,p07,f,train,1
Leave_p10_r00_v11_c03.mp4,p10,f,test,16
Walk_p15_r07_v13_c06.mp4,p15,m,train,30
Walk_p15_r05_v17_c03.mp4,p15,m,train,30
Enter_p11_r00_v06_c04.mp4,p11,f,test,13
Cook.Stir_p17_r03_v14_c03.mp4,p17,m,train,4
Cook.Cut_p04_r01_v17_c06.mp4,p04,f,train,3
Uselaptop_p09_r00_v03_c04.mp4,p09,m,train,27
Readbook_p17_r00_v04_c05.mp4,p17,m,train,24
Drink.Fromcup_p13_r02_v10_c02.mp4,p13,f,train,9
Sitdown_p19_r01_v02_c05.mp4,p19,f,train,25
Getup_p15_r01_v08_c01.mp4,p15,m,train,14
Walk_p13_r03_v23_c06.mp4,p13,f,train,30
Cook.Stir_p02_r01_v14_c06.mp4,p02,f,test,4
Pour.Frombottle_p10_r00_v05_c05.mp4,p10,f,test,21
Sitdown_p04_r03_v04_c05.mp4,p04,f,train,25
Drink.Fromcup_p17_r00_v01_c04.mp4,p17,m,train,9
Makecoffee.Pourgrains_p04_r00_v15_c06.mp4,p04,f,train,17
Eat.Attable_p07_r11_v08_c02.mp4,p07,f,train,11
Walk_p06_r13_v13_c07.mp4,p06,f,train,30
Pour.Fromcan_p20_r00_v07_c04.mp4,p20,f,test,22
Walk_p04_r03_v05_c04.mp4,p04,f,train,30
Drink.Fromcup_p14_r00_v14_c06.mp4,p14,m,test,9
Drink.Fromcup_p10_r10_v02_c04.mp4,p10,f,test,9
Eat.Attable_p04_r10_v08_c01.mp4,p04,f,train,11
Drink.Fromcup_p13_r01_v09_c01.mp4,p13,f,train,9
Drink.Fromcan_p18_r06_v08_c04.mp4,p18,m,test,8
Pour.Frombottle_p14_r00_v07_c05.mp4,p14,m,test,21
Walk_p15_r06_v08_c02.mp4,p15,m,train,30
Laydown_p20_r00_v04_c04.mp4,p20,f,test,15
Drink.Fromcup_p10_r05_v07_c05.mp4,p10,f,test,9
Drink.Fromcup_p19_r01_v05_c04.mp4,p19,f,train,9
Cook.Stir_p18_r02_v15_c03.mp4,p18,m,test,4
Walk_p25_r14_v12_c06.mp4,p25,f,train,30
WatchTV_p25_r05_v01_c04.mp4,p25,f,train,31
Makecoffee.Pourgrains_p15_r01_v13_c06.mp4,p15,m,train,17
Enter_p07_r04_v04_c07.mp4,p07,f,train,13
Takepills_p25_r01_v11_c02.mp4,p25,f,train,26
Readbook_p18_r02_v09_c02.mp4,p18,m,test,24
Walk_p19_r01_v03_c05.mp4,p19,f,train,30
Cook.Cleanup_p07_r06_v20_c06.mp4,p07,f,train,2
Leave_p02_r00_v02_c03.mp4,p02,f,test,16
Walk_p20_r09_v05_c05.mp4,p20,f,test,30
Leave_p17_r00_v12_c03.mp4,p17,m,train,16
Leave_p09_r00_v13_c07.mp4,p09,m,train,16
Sitdown_p19_r03_v02_c05.mp4,p19,f,train,25
Walk_p17_r20_v15_c07.mp4,p17,m,train,30
Eat.Attable_p04_r09_v08_c01.mp4,p04,f,train,11
WatchTV_p20_r05_v07_c05.mp4,p20,f,test,31
Drink.Fromcup_p03_r00_v12_c02.mp4,p03,m,train,9
Drink.Fromcup_p04_r09_v05_c04.mp4,p04,f,train,9
Drink.Fromcup_p12_r00_v03_c05.mp4,p12,f,train,9
Cook.Cut_p02_r08_v15_c06.mp4,p02,f,test,3
Drink.Fromcup_p04_r01_v01_c04.mp4,p04,f,train,9
Walk_p25_r00_v02_c05.mp4,p25,f,train,30
Getup_p19_r02_v09_c01.mp4,p19,f,train,14
Walk_p09_r07_v15_c07.mp4,p09,m,train,30
Walk_p25_r08_v05_c05.mp4,p25,f,train,30
Leave_p09_r00_v07_c04.mp4,p09,m,train,16
Drink.Frombottle_p16_r03_v07_c02.mp4,p16,f,test,7
Eat.Attable_p16_r32_v06_c01.mp4,p16,f,test,11
Walk_p25_r07_v14_c07.mp4,p25,f,train,30
Enter_p18_r00_v14_c07.mp4,p18,m,test,13
Drink.Fromcup_p06_r02_v03_c04.mp4,p06,f,train,9
Sitdown_p06_r03_v05_c05.mp4,p06,f,train,25
Eat.Attable_p04_r15_v08_c02.mp4,p04,f,train,11
Cook.Stir_p20_r03_v15_c07.mp4,p20,f,test,4
Drink.Fromcup_p25_r06_v01_c04.mp4,p25,f,train,9
Walk_p20_r04_v13_c03.mp4,p20,f,test,30
Pour.Frombottle_p06_r02_v02_c04.mp4,p06,f,train,21
Drink.Fromcup_p15_r00_v13_c03.mp4,p15,m,train,9
Drink.Fromcup_p17_r03_v10_c01.mp4,p17,m,train,9
Walk_p20_r03_v07_c04.mp4,p20,f,test,30
Cook.Stir_p13_r08_v23_c07.mp4,p13,f,train,4
Drink.Fromcup_p19_r02_v01_c04.mp4,p19,f,train,9
Maketea.Boilwater_p02_r01_v02_c03.mp4,p02,f,test,19
Takepills_p16_r01_v04_c04.mp4,p16,f,test,26
Uselaptop_p09_r00_v04_c04.mp4,p09,m,train,27
Walk_p15_r15_v16_c07.mp4,p15,m,train,30
Makecoffee.Pourgrains_p17_r00_v11_c03.mp4,p17,m,train,17
Drink.Fromcup_p10_r01_v07_c04.mp4,p10,f,test,9
Walk_p14_r50_v05_c05.mp4,p14,m,test,30
Readbook_p13_r00_v07_c04.mp4,p13,f,train,24
Eat.Attable_p19_r11_v07_c01.mp4,p19,f,train,11
Walk_p13_r06_v25_c05.mp4,p13,f,train,30
Walk_p03_r12_v13_c01.mp4,p03,m,train,30
Drink.Fromcup_p10_r12_v02_c05.mp4,p10,f,test,9
Walk_p15_r02_v11_c02.mp4,p15,m,train,30
Readbook_p16_r10_v02_c05.mp4,p16,f,test,24
Pour.Fromcan_p03_r02_v18_c06.mp4,p03,m,train,22
Walk_p15_r04_v03_c05.mp4,p15,m,train,30
Getup_p07_r03_v03_c05.mp4,p07,f,train,14
Readbook_p19_r01_v08_c02.mp4,p19,f,train,24
Cook.Usestove_p10_r01_v12_c06.mp4,p10,f,test,5
Drink.Fromcup_p13_r01_v13_c02.mp4,p13,f,train,9
Takepills_p10_r00_v14_c03.mp4,p10,f,test,26
Cook.Usestove_p09_r02_v12_c06.mp4,p09,m,train,5
Enter_p07_r05_v06_c03.mp4,p07,f,train,13
Drink.Frombottle_p03_r04_v03_c05.mp4,p03,m,train,7
Drink.Frombottle_p04_r05_v04_c04.mp4,p04,f,train,7
Walk_p20_r05_v13_c03.mp4,p20,f,test,30
Walk_p20_r03_v07_c05.mp4,p20,f,test,30
Drink.Fromcup_p15_r07_v01_c04.mp4,p15,m,train,9
Readbook_p15_r03_v01_c04.mp4,p15,m,train,24
Sitdown_p17_r11_v04_c04.mp4,p17,m,train,25
Sitdown_p07_r02_v04_c05.mp4,p07,f,train,25
Drink.Fromcup_p18_r02_v14_c03.mp4,p18,m,test,9
Walk_p25_r09_v11_c02.mp4,p25,f,train,30
Sitdown_p15_r01_v02_c05.mp4,p15,m,train,25
Getup_p09_r00_v06_c04.mp4,p09,m,train,14
Walk_p10_r03_v11_c03.mp4,p10,f,test,30
Drink.Fromcup_p14_r08_v11_c02.mp4,p14,m,test,9
Sitdown_p15_r00_v11_c02.mp4,p15,m,train,25
Eat.Attable_p11_r22_v08_c01.mp4,p11,f,test,11
Eat.Snack_p19_r05_v09_c02.mp4,p19,f,train,12
Cook.Stir_p09_r05_v12_c03.mp4,p09,m,train,4
Cook.Cut_p17_r00_v15_c03.mp4,p17,m,train,3
Usetelephone_p25_r00_v05_c04.mp4,p25,f,train,29
Cook.Stir_p20_r09_v16_c07.mp4,p20,f,test,4
Walk_p02_r36_v15_c06.mp4,p02,f,test,30
Uselaptop_p13_r00_v11_c01.mp4,p13,f,train,27
Enter_p03_r00_v07_c05.mp4,p03,m,train,13
Takepills_p02_r00_v02_c07.mp4,p02,f,test,26
WatchTV_p12_r02_v04_c05.mp4,p12,f,train,31
Walk_p11_r12_v13_c03.mp4,p11,f,test,30
Readbook_p06_r02_v01_c04.mp4,p06,f,train,24
Walk_p15_r00_v17_c07.mp4,p15,m,train,30
Cutbread_p03_r00_v10_c01.mp4,p03,m,train,6
Getup_p12_r02_v06_c05.mp4,p12,f,train,14
Walk_p17_r10_v15_c06.mp4,p17,m,train,30
Walk_p06_r00_v04_c04.mp4,p06,f,train,30
Walk_p17_r02_v11_c07.mp4,p17,m,train,30
Drink.Fromcan_p12_r02_v05_c04.mp4,p12,f,train,8
Laydown_p18_r01_v06_c05.mp4,p18,m,test,15
Drink.Fromcup_p25_r01_v12_c03.mp4,p25,f,train,9
Cook.Stir_p07_r02_v21_c07.mp4,p07,f,train,4
Walk_p02_r14_v02_c03.mp4,p02,f,test,30
Cook.Cleandishes_p04_r01_v18_c03.mp4,p04,f,train,1
Getup_p13_r03_v12_c02.mp4,p13,f,train,14
Usetelephone_p14_r00_v01_c04.mp4,p14,m,test,29
Cook.Usestove_p10_r02_v12_c06.mp4,p10,f,test,5
Drink.Fromcup_p25_r02_v05_c05.mp4,p25,f,train,9
Walk_p15_r06_v01_c04.mp4,p15,m,train,30
Pour.Fromkettle_p09_r01_v15_c03.mp4,p09,m,train,23
Cook.Cut_p09_r02_v13_c07.mp4,p09,m,train,3
Drink.Fromcup_p06_r00_v09_c02.mp4,p06,f,train,9
Walk_p17_r12_v15_c06.mp4,p17,m,train,30
Walk_p04_r10_v16_c06.mp4,p04,f,train,30
Enter_p03_r02_v18_c03.mp4,p03,m,train,13
Drink.Frombottle_p04_r14_v04_c04.mp4,p04,f,train,7
Walk_p06_r01_v14_c02.mp4,p06,f,train,30
Sitdown_p12_r01_v03_c05.mp4,p12,f,train,25
Readbook_p03_r03_v19_c04.mp4,p03,m,train,24
Drink.Fromcup_p16_r04_v02_c04.mp4,p16,f,test,9
Pour.Frombottle_p16_r00_v07_c02.mp4,p16,f,test,21
Readbook_p16_r00_v01_c04.mp4,p16,f,test,24
Pour.Fromkettle_p07_r00_v20_c06.mp4,p07,f,train,23
Walk_p03_r16_v03_c05.mp4,p03,m,train,30
Pour.Frombottle_p02_r01_v14_c06.mp4,p02,f,test,21
Readbook_p07_r01_v02_c05.mp4,p07,f,train,24
Eat.Attable_p13_r17_v08_c02.mp4,p13,f,train,11
Drink.Fromcup_p13_r10_v11_c02.mp4,p13,f,train,9
Getup_p03_r01_v10_c01.mp4,p03,m,train,14
Readbook_p25_r02_v10_c02.mp4,p25,f,train,24
Readbook_p11_r02_v04_c04.mp4,p11,f,test,24
Drink.Fromcup_p20_r04_v03_c04.mp4,p20,f,test,9
Getup_p19_r01_v01_c04.mp4,p19,f,train,14
Usetablet_p03_r00_v05_c05.mp4,p03,m,train,28
Sitdown_p04_r06_v03_c05.mp4,p04,f,train,25
Cook.Stir_p07_r05_v21_c06.mp4,p07,f,train,4
WatchTV_p04_r00_v03_c04.mp4,p04,f,train,31
Drink.Fromcan_p03_r01_v08_c05.mp4,p03,m,train,8
Walk_p14_r02_v04_c05.mp4,p14,m,test,30
Drink.Fromcup_p07_r00_v22_c03.mp4,p07,f,train,9
Usetelephone_p04_r00_v13_c02.mp4,p04,f,train,29
Leave_p07_r01_v03_c05.mp4,p07,f,train,16
Walk_p15_r09_v11_c02.mp4,p15,m,train,30
Walk_p25_r14_v15_c06.mp4,p25,f,train,30
Walk_p10_r01_v12_c06.mp4,p10,f,test,30
Walk_p03_r31_v04_c04.mp4,p03,m,train,30
Walk_p07_r04_v06_c06.mp4,p07,f,train,30
Walk_p16_r17_v14_c06.mp4,p16,f,test,30
WatchTV_p16_r07_v01_c05.mp4,p16,f,test,31
Leave_p07_r01_v03_c03.mp4,p07,f,train,16
Uselaptop_p02_r03_v12_c02.mp4,p02,f,test,27
WatchTV_p07_r00_v07_c05.mp4,p07,f,train,31
Enter_p04_r01_v15_c06.mp4,p04,f,train,13
Drink.Fromcup_p19_r17_v08_c02.mp4,p19,f,train,9
Walk_p15_r07_v15_c07.mp4,p15,m,train,30
Drink.Fromcup_p10_r03_v02_c04.mp4,p10,f,test,9
Getup_p03_r16_v07_c05.mp4,p03,m,train,14
Drink.Fromcup_p06_r05_v03_c05.mp4,p06,f,train,9
Makecoffee.Pourwater_p06_r01_v12_c03.mp4,p06,f,train,18
Walk_p06_r10_v13_c07.mp4,p06,f,train,30
Usetelephone_p10_r00_v07_c04.mp4,p10,f,test,29
Cook.Cleanup_p03_r03_v16_c06.mp4,p03,m,train,2
Readbook_p19_r02_v08_c02.mp4,p19,f,train,24
Usetelephone_p17_r01_v02_c04.mp4,p17,m,train,29
Eat.Attable_p13_r30_v08_c02.mp4,p13,f,train,11
Sitdown_p14_r13_v07_c05.mp4,p14,m,test,25
Walk_p25_r09_v03_c05.mp4,p25,f,train,30
Cook.Stir_p25_r04_v15_c07.mp4,p25,f,train,4
Pour.Fromcan_p14_r00_v04_c04.mp4,p14,m,test,22
Takepills_p16_r01_v15_c06.mp4,p16,f,test,26
Walk_p03_r05_v16_c03.mp4,p03,m,train,30
Walk_p19_r11_v09_c02.mp4,p19,f,train,30
Walk_p13_r05_v10_c02.mp4,p13,f,train,30
Cook.Stir_p15_r03_v16_c03.mp4,p15,m,train,4
Drink.Fromcup_p04_r00_v09_c01.mp4,p04,f,train,9
Drink.Fromcup_p04_r01_v06_c04.mp4,p04,f,train,9
Walk_p04_r25_v05_c05.mp4,p04,f,train,30
Walk_p07_r00_v01_c05.mp4,p07,f,train,30
Drink.Frombottle_p14_r03_v06_c05.mp4,p14,m,test,7
Cook.Cleanup_p13_r02_v20_c06.mp4,p13,f,train,2
WatchTV_p02_r02_v04_c05.mp4,p02,f,test,31
Takepills_p06_r01_v03_c05.mp4,p06,f,train,26
Sitdown_p06_r01_v02_c04.mp4,p06,f,train,25
Cook.Stir_p13_r09_v23_c03.mp4,p13,f,train,4
Cook.Cleandishes_p20_r03_v13_c03.mp4,p20,f,test,1
Walk_p12_r08_v02_c05.mp4,p12,f,train,30
Drink.Fromcup_p13_r00_v21_c06.mp4,p13,f,train,9
Leave_p06_r00_v13_c06.mp4,p06,f,train,16
Readbook_p15_r00_v11_c02.mp4,p15,m,train,24
Walk_p15_r02_v15_c07.mp4,p15,m,train,30
Walk_p17_r18_v02_c05.mp4,p17,m,train,30
Takepills_p03_r01_v19_c05.mp4,p03,m,train,26
Walk_p17_r04_v04_c05.mp4,p17,m,train,30
Leave_p06_r01_v13_c03.mp4,p06,f,train,16
WatchTV_p04_r01_v05_c04.mp4,p04,f,train,31
Makecoffee.Pourwater_p19_r00_v14_c03.mp4,p19,f,train,18
Drink.Fromcan_p03_r05_v02_c05.mp4,p03,m,train,8
Drink.Fromcup_p15_r06_v01_c05.mp4,p15,m,train,9
Walk_p07_r01_v04_c05.mp4,p07,f,train,30
Walk_p11_r00_v13_c07.mp4,p11,f,test,30
Getup_p04_r00_v12_c01.mp4,p04,f,train,14
Readbook_p06_r10_v07_c02.mp4,p06,f,train,24
Usetelephone_p04_r00_v13_c01.mp4,p04,f,train,29
Walk_p17_r25_v09_c02.mp4,p17,m,train,30
Readbook_p19_r12_v01_c05.mp4,p19,f,train,24
Drink.Fromcup_p17_r11_v01_c05.mp4,p17,m,train,9
Cook.Usestove_p06_r01_v12_c06.mp4,p06,f,train,5
Drink.Fromcup_p03_r02_v11_c01.mp4,p03,m,train,9
Walk_p15_r03_v10_c01.mp4,p15,m,train,30
Drink.Fromcup_p14_r09_v11_c01.mp4,p14,m,test,9
Sitdown_p14_r00_v10_c01.mp4,p14,m,test,25
Walk_p02_r15_v02_c03.mp4,p02,f,test,30
Drink.Fromcup_p06_r02_v09_c02.mp4,p06,f,train,9
Walk_p14_r25_v02_c05.mp4,p14,m,test,30
Drink.Fromcup_p09_r05_v03_c04.mp4,p09,m,train,9
Walk_p16_r03_v03_c05.mp4,p16,f,test,30
Walk_p25_r01_v04_c04.mp4,p25,f,train,30
Drink.Fromcup_p19_r09_v03_c05.mp4,p19,f,train,9
Eat.Attable_p06_r07_v07_c01.mp4,p06,f,train,11
Walk_p15_r05_v15_c07.mp4,p15,m,train,30
Leave_p17_r02_v03_c04.mp4,p17,m,train,16
Walk_p02_r36_v14_c06.mp4,p02,f,test,30
WatchTV_p03_r02_v07_c04.mp4,p03,m,train,31
Makecoffee.Pourgrains_p13_r00_v20_c06.mp4,p13,f,train,17
Walk_p17_r06_v11_c07.mp4,p17,m,train,30
Drink.Fromcup_p25_r00_v14_c03.mp4,p25,f,train,9
Drink.Frombottle_p12_r03_v02_c05.mp4,p12,f,train,7
WatchTV_p14_r06_v06_c05.mp4,p14,m,test,31
Cook.Stir_p25_r06_v15_c03.mp4,p25,f,train,4
Walk_p12_r01_v11_c07.mp4,p12,f,train,30
Walk_p17_r18_v03_c05.mp4,p17,m,train,30
Walk_p19_r07_v05_c05.mp4,p19,f,train,30
Usetelephone_p02_r02_v09_c05.mp4,p02,f,test,29
Sitdown_p06_r04_v15_c02.mp4,p06,f,train,25
Walk_p19_r03_v12_c06.mp4,p19,f,train,30
Cook.Cleanup_p20_r02_v13_c03.mp4,p20,f,test,2
Walk_p25_r24_v05_c05.mp4,p25,f,train,30
Leave_p09_r02_v05_c04.mp4,p09,m,train,16
Walk_p13_r07_v23_c06.mp4,p13,f,train,30
Uselaptop_p03_r06_v03_c05.mp4,p03,m,train,27
Pour.Frombottle_p19_r01_v04_c04.mp4,p19,f,train,21
Walk_p14_r16_v06_c05.mp4,p14,m,test,30
Eat.Attable_p16_r33_v06_c02.mp4,p16,f,test,11
Enter_p09_r00_v14_c03.mp4,p09,m,train,13
Drink.Fromcup_p13_r04_v10_c02.mp4,p13,f,train,9
Getup_p18_r00_v12_c01.mp4,p18,m,test,14
Walk_p17_r01_v04_c05.mp4,p17,m,train,30
Pour.Fromkettle_p10_r02_v11_c06.mp4,p10,f,test,23
Makecoffee.Pourwater_p09_r00_v15_c03.mp4,p09,m,train,18
Drink.Fromcan_p03_r03_v07_c04.mp4,p03,m,train,8
Eat.Attable_p13_r07_v08_c02.mp4,p13,f,train,11
Uselaptop_p14_r00_v11_c02.mp4,p14,m,test,27
Leave_p10_r00_v02_c04.mp4,p10,f,test,16
Usetelephone_p19_r00_v02_c05.mp4,p19,f,train,29
Takepills_p10_r01_v05_c04.mp4,p10,f,test,26
Walk_p14_r22_v07_c04.mp4,p14,m,test,30
WatchTV_p07_r10_v05_c05.mp4,p07,f,train,31
Eat.Snack_p09_r05_v15_c03.mp4,p09,m,train,12
Walk_p03_r17_v02_c05.mp4,p03,m,train,30
Walk_p10_r05_v12_c06.mp4,p10,f,test,30
Sitdown_p09_r00_v10_c01.mp4,p09,m,train,25
Sitdown_p14_r18_v05_c05.mp4,p14,m,test,25
Drink.Fromcup_p03_r00_v04_c04.mp4,p03,m,train,9
Getup_p16_r00_v02_c04.mp4,p16,f,test,14
Walk_p03_r21_v02_c05.mp4,p03,m,train,30
Drink.Fromcup_p10_r08_v07_c04.mp4,p10,f,test,9
Sitdown_p14_r05_v02_c05.mp4,p14,m,test,25
Drink.Fromcup_p10_r00_v13_c03.mp4,p10,f,test,9
Getup_p06_r02_v05_c04.mp4,p06,f,train,14
Readbook_p25_r00_v03_c04.mp4,p25,f,train,24
Enter_p09_r00_v06_c05.mp4,p09,m,train,13
Readbook_p11_r01_v02_c04.mp4,p11,f,test,24
Walk_p15_r20_v14_c06.mp4,p15,m,train,30
Walk_p07_r00_v21_c06.mp4,p07,f,train,30
Cook.Cleanup_p07_r14_v20_c03.mp4,p07,f,train,2
Walk_p13_r02_v04_c04.mp4,p13,f,train,30
Readbook_p15_r00_v06_c04.mp4,p15,m,train,24
Getup_p17_r01_v09_c01.mp4,p17,m,train,14
Walk_p14_r20_v06_c05.mp4,p14,m,test,30
Readbook_p12_r00_v07_c04.mp4,p12,f,train,24
Eat.Attable_p04_r17_v08_c02.mp4,p04,f,train,11
Drink.Fromcup_p19_r06_v09_c02.mp4,p19,f,train,9
Usetelephone_p13_r06_v13_c01.mp4,p13,f,train,29
Enter_p10_r03_v13_c07.mp4,p10,f,test,13
Cook.Cleandishes_p11_r00_v11_c07.mp4,p11,f,test,1
Sitdown_p14_r02_v04_c05.mp4,p14,m,test,25
Usetablet_p03_r00_v19_c05.mp4,p03,m,train,28
Getup_p11_r01_v04_c04.mp4,p11,f,test,14
Walk_p18_r02_v13_c03.mp4,p18,m,test,30
Readbook_p16_r03_v06_c02.mp4,p16,f,test,24
Cook.Cleanup_p17_r00_v15_c06.mp4,p17,m,train,2
Walk_p12_r10_v04_c05.mp4,p12,f,train,30
Eat.Snack_p13_r01_v21_c03.mp4,p13,f,train,12
Readbook_p16_r14_v02_c05.mp4,p16,f,test,24
Getup_p10_r01_v05_c05.mp4,p10,f,test,14
Makecoffee.Pourgrains_p15_r01_v13_c03.mp4,p15,m,train,17
Walk_p06_r03_v14_c02.mp4,p06,f,train,30
Sitdown_p17_r03_v09_c02.mp4,p17,m,train,25
Drink.Fromcup_p17_r04_v09_c02.mp4,p17,m,train,9
Drink.Fromcup_p15_r08_v08_c01.mp4,p15,m,train,9
Walk_p20_r00_v07_c05.mp4,p20,f,test,30
Sitdown_p14_r04_v13_c01.mp4,p14,m,test,25
Walk_p03_r09_v12_c01.mp4,p03,m,train,30
Drink.Frombottle_p09_r00_v03_c04.mp4,p09,m,train,7
Walk_p16_r14_v12_c06.mp4,p16,f,test,30
WatchTV_p17_r09_v01_c05.mp4,p17,m,train,31
Takepills_p11_r00_v15_c01.mp4,p11,f,test,26
Sitdown_p18_r03_v10_c01.mp4,p18,m,test,25
Makecoffee.Pourwater_p11_r01_v12_c06.mp4,p11,f,test,18
Walk_p07_r00_v22_c03.mp4,p07,f,train,30
Cook.Cleandishes_p09_r03_v12_c06.mp4,p09,m,train,1
Drink.Frombottle_p17_r00_v09_c01.mp4,p17,m,train,7
Leave_p12_r01_v07_c04.mp4,p12,f,train,16
Makecoffee.Pourgrains_p06_r00_v12_c03.mp4,p06,f,train,17
Drink.Fromcup_p04_r16_v05_c05.mp4,p04,f,train,9
Drink.Fromcup_p19_r07_v10_c01.mp4,p19,f,train,9
Walk_p17_r04_v06_c05.mp4,p17,m,train,30
Walk_p16_r12_v07_c02.mp4,p16,f,test,30
Walk_p12_r01_v02_c05.mp4,p12,f,train,30
Walk_p19_r03_v04_c05.mp4,p19,f,train,30
Sitdown_p06_r02_v11_c02.mp4,p06,f,train,25
Leave_p06_r04_v12_c07.mp4,p06,f,train,16
Cook.Cleanup_p10_r06_v11_c06.mp4,p10,f,test,2
Pour.Frombottle_p13_r01_v13_c02.mp4,p13,f,train,21
Drink.Fromcup_p14_r02_v09_c01.mp4,p14,m,test,9
Drink.Fromglass_p03_r07_v18_c06.mp4,p03,m,train,10
Readbook_p17_r08_v08_c01.mp4,p17,m,train,24
Sitdown_p10_r08_v05_c05.mp4,p10,f,test,25
Readbook_p02_r01_v17_c05.mp4,p02,f,test,24
Walk_p13_r00_v13_c02.mp4,p13,f,train,30
Drink.Fromcup_p02_r03_v02_c03.mp4,p02,f,test,9
Pour.Fromkettle_p04_r00_v14_c07.mp4,p04,f,train,23
Leave_p07_r01_v07_c04.mp4,p07,f,train,16
Walk_p14_r14_v04_c05.mp4,p14,m,test,30
Readbook_p16_r18_v06_c02.mp4,p16,f,test,24
WatchTV_p07_r05_v02_c05.mp4,p07,f,train,31
Eat.Attable_p13_r18_v19_c01.mp4,p13,f,train,11
Pour.Frombottle_p25_r01_v10_c01.mp4,p25,f,train,21
Walk_p03_r41_v04_c04.mp4,p03,m,train,30
Walk_p04_r04_v04_c04.mp4,p04,f,train,30
Drink.Fromcup_p13_r06_v10_c02.mp4,p13,f,train,9
Eat.Snack_p03_r01_v16_c03.mp4,p03,m,train,12
Eat.Attable_p20_r08_v08_c01.mp4,p20,f,test,11
Cook.Cleandishes_p07_r07_v06_c06.mp4,p07,f,train,1
Walk_p19_r07_v04_c05.mp4,p19,f,train,30
WatchTV_p19_r00_v01_c05.mp4,p19,f,train,31
Walk_p03_r02_v07_c05.mp4,p03,m,train,30
Walk_p15_r03_v14_c03.mp4,p15,m,train,30
Sitdown_p12_r08_v05_c05.mp4,p12,f,train,25
Getup_p18_r02_v10_c01.mp4,p18,m,test,14
Drink.Fromcup_p16_r01_v13_c06.mp4,p16,f,test,9
Walk_p11_r09_v13_c07.mp4,p11,f,test,30
Drink.Fromcup_p14_r10_v05_c04.mp4,p14,m,test,9
Getup_p19_r02_v05_c04.mp4,p19,f,train,14
Drink.Fromcup_p17_r05_v14_c03.mp4,p17,m,train,9
Walk_p15_r09_v15_c06.mp4,p15,m,train,30
Getup_p06_r05_v06_c05.mp4,p06,f,train,14
Walk_p17_r02_v10_c02.mp4,p17,m,train,30
Drink.Fromcup_p19_r02_v02_c04.mp4,p19,f,train,9
Sitdown_p02_r05_v09_c05.mp4,p02,f,test,25
Getup_p13_r03_v13_c02.mp4,p13,f,train,14
Drink.Fromcup_p19_r16_v08_c02.mp4,p19,f,train,9
Sitdown_p02_r04_v18_c05.mp4,p02,f,test,25
Readbook_p04_r01_v13_c01.mp4,p04,f,train,24
Cook.Cut_p16_r02_v14_c06.mp4,p16,f,test,3
Readbook_p13_r02_v13_c02.mp4,p13,f,train,24
Drink.Fromcup_p14_r09_v03_c05.mp4,p14,m,test,9
Pour.Fromkettle_p04_r01_v15_c07.mp4,p04,f,train,23
Drink.Fromcup_p20_r01_v11_c01.mp4,p20,f,test,9
Walk_p20_r14_v06_c05.mp4,p20,f,test,30
Readbook_p15_r00_v09_c01.mp4,p15,m,train,24
Drink.Fromcan_p25_r08_v15_c03.mp4,p25,f,train,8
Walk_p12_r07_v05_c05.mp4,p12,f,train,30
Walk_p17_r32_v12_c06.mp4,p17,m,train,30
Sitdown_p19_r04_v10_c01.mp4,p19,f,train,25
Getup_p06_r03_v14_c01.mp4,p06,f,train,14
Walk_p19_r07_v02_c05.mp4,p19,f,train,30
Drink.Fromcup_p19_r11_v10_c02.mp4,p19,f,train,9
Eat.Snack_p19_r04_v09_c02.mp4,p19,f,train,12
Eat.Attable_p16_r31_v06_c01.mp4,p16,f,test,11
Eat.Attable_p02_r13_v11_c02.mp4,p02,f,test,11
Walk_p20_r08_v06_c05.mp4,p20,f,test,30
Cook.Cut_p17_r00_v15_c06.mp4,p17,m,train,3
Takepills_p16_r00_v09_c02.mp4,p16,f,test,26
Cook.Stir_p18_r10_v15_c03.mp4,p18,m,test,4
Pour.Frombottle_p12_r00_v06_c05.mp4,p12,f,train,21
Getup_p04_r01_v08_c02.mp4,p04,f,train,14
Drink.Fromcup_p17_r10_v01_c05.mp4,p17,m,train,9
Cook.Cleanup_p11_r11_v11_c07.mp4,p11,f,test,2
Eat.Attable_p13_r09_v08_c02.mp4,p13,f,train,11
Walk_p25_r09_v04_c04.mp4,p25,f,train,30
Drink.Fromcup_p14_r05_v03_c05.mp4,p14,m,test,9
Drink.Fromcup_p19_r00_v12_c03.mp4,p19,f,train,9
WatchTV_p20_r08_v02_c05.mp4,p20,f,test,31
Cook.Stir_p20_r04_v16_c07.mp4,p20,f,test,4
Drink.Fromcup_p16_r13_v12_c06.mp4,p16,f,test,9
Walk_p04_r19_v05_c04.mp4,p04,f,train,30
Walk_p14_r09_v10_c02.mp4,p14,m,test,30
Walk_p03_r08_v08_c05.mp4,p03,m,train,30
Getup_p06_r00_v10_c02.mp4,p06,f,train,14
Drink.Frombottle_p03_r05_v03_c05.mp4,p03,m,train,7
Enter_p09_r00_v11_c01.mp4,p09,m,train,13
Getup_p06_r03_v14_c02.mp4,p06,f,train,14
Drink.Frombottle_p04_r01_v04_c05.mp4,p04,f,train,7
Maketea.Boilwater_p09_r00_v16_c06.mp4,p09,m,train,19
Drink.Fromcup_p14_r07_v11_c02.mp4,p14,m,test,9
Drink.Fromcup_p20_r06_v13_c03.mp4,p20,f,test,9
Readbook_p25_r00_v14_c07.mp4,p25,f,train,24
Uselaptop_p14_r02_v06_c04.mp4,p14,m,test,27
Uselaptop_p03_r00_v05_c04.mp4,p03,m,train,27
Sitdown_p14_r20_v05_c04.mp4,p14,m,test,25
Walk_p18_r08_v12_c02.mp4,p18,m,test,30
Uselaptop_p06_r00_v15_c01.mp4,p06,f,train,27
Cook.Stir_p17_r00_v14_c06.mp4,p17,m,train,4
Getup_p17_r00_v10_c02.mp4,p17,m,train,14
Walk_p18_r08_v13_c07.mp4,p18,m,test,30
Readbook_p20_r05_v01_c04.mp4,p20,f,test,24
Walk_p03_r32_v04_c04.mp4,p03,m,train,30
Enter_p07_r04_v06_c05.mp4,p07,f,train,13
Sitdown_p09_r03_v07_c04.mp4,p09,m,train,25
Drink.Fromcup_p13_r08_v10_c01.mp4,p13,f,train,9
Drink.Fromcup_p16_r03_v06_c01.mp4,p16,f,test,9
Walk_p03_r00_v08_c04.mp4,p03,m,train,30
Walk_p04_r12_v04_c05.mp4,p04,f,train,30
Drink.Fromcup_p09_r01_v10_c01.mp4,p09,m,train,9
Sitdown_p25_r05_v10_c02.mp4,p25,f,train,25
Readbook_p19_r06_v01_c05.mp4,p19,f,train,24
Walk_p04_r18_v05_c04.mp4,p04,f,train,30
Walk_p14_r27_v02_c05.mp4,p14,m,test,30
Pour.Fromkettle_p15_r00_v14_c03.mp4,p15,m,train,23
Sitdown_p25_r06_v10_c02.mp4,p25,f,train,25
Cook.Usestove_p09_r11_v13_c06.mp4,p09,m,train,5
WatchTV_p06_r00_v02_c05.mp4,p06,f,train,31
Cook.Cut_p02_r00_v14_c03.mp4,p02,f,test,3
Walk_p19_r00_v14_c03.mp4,p19,f,train,30
Drink.Fromcup_p04_r00_v05_c04.mp4,p04,f,train,9
Drink.Fromcup_p19_r03_v04_c04.mp4,p19,f,train,9
Drink.Fromcup_p19_r04_v11_c06.mp4,p19,f,train,9
Makecoffee.Pourwater_p17_r00_v11_c03.mp4,p17,m,train,18
Walk_p12_r06_v14_c05.mp4,p12,f,train,30
Walk_p25_r07_v11_c02.mp4,p25,f,train,30
Leave_p11_r00_v13_c07.mp4,p11,f,test,16
Walk_p17_r05_v12_c07.mp4,p17,m,train,30
Sitdown_p20_r08_v06_c05.mp4,p20,f,test,25
Walk_p19_r03_v12_c03.mp4,p19,f,train,30
Eat.Attable_p02_r07_v11_c01.mp4,p02,f,test,11
Walk_p03_r17_v03_c04.mp4,p03,m,train,30
Readbook_p12_r04_v06_c04.mp4,p12,f,train,24
Usetelephone_p11_r03_v04_c04.mp4,p11,f,test,29
Drink.Fromcup_p20_r00_v02_c05.mp4,p20,f,test,9
Maketea.Insertteabag_p16_r01_v13_c06.mp4,p16,f,test,20
Enter_p13_r00_v06_c04.mp4,p13,f,train,13
Readbook_p16_r01_v04_c05.mp4,p16,f,test,24
Cook.Stir_p02_r12_v15_c06.mp4,p02,f,test,4
Cook.Cleandishes_p06_r00_v12_c06.mp4,p06,f,train,1
Drink.Fromcup_p20_r04_v13_c07.mp4,p20,f,test,9
Walk_p03_r07_v18_c03.mp4,p03,m,train,30
Sitdown_p17_r00_v08_c02.mp4,p17,m,train,25
Drink.Fromglass_p03_r09_v18_c06.mp4,p03,m,train,10
Usetelephone_p04_r01_v04_c05.mp4,p04,f,train,29
Walk_p15_r11_v04_c04.mp4,p15,m,train,30
Sitdown_p03_r07_v19_c05.mp4,p03,m,train,25
Walk_p12_r00_v11_c06.mp4,p12,f,train,30
Cook.Cleandishes_p11_r05_v11_c07.mp4,p11,f,test,1
Usetelephone_p02_r00_v13_c06.mp4,p02,f,test,29
Sitdown_p09_r01_v02_c05.mp4,p09,m,train,25
Drink.Fromcup_p19_r01_v02_c05.mp4,p19,f,train,9
Walk_p15_r05_v03_c05.mp4,p15,m,train,30
Walk_p10_r09_v13_c06.mp4,p10,f,test,30
Usetelephone_p13_r04_v13_c01.mp4,p13,f,train,29
Drink.Fromcup_p19_r11_v08_c01.mp4,p19,f,train,9
Walk_p10_r06_v13_c06.mp4,p10,f,test,30
WatchTV_p02_r03_v04_c04.mp4,p02,f,test,31
Cook.Usestove_p09_r00_v15_c06.mp4,p09,m,train,5
Cook.Stir_p09_r17_v12_c06.mp4,p09,m,train,4
Walk_p19_r11_v12_c06.mp4,p19,f,train,30
Walk_p02_r04_v17_c05.mp4,p02,f,test,30
Walk_p12_r32_v04_c05.mp4,p12,f,train,30
Walk_p25_r11_v14_c07.mp4,p25,f,train,30
Drink.Fromcup_p19_r05_v09_c02.mp4,p19,f,train,9
WatchTV_p17_r08_v01_c05.mp4,p17,m,train,31
Walk_p10_r00_v13_c07.mp4,p10,f,test,30
Drink.Fromcup_p18_r03_v03_c05.mp4,p18,m,test,9
Drink.Fromcup_p10_r04_v09_c01.mp4,p10,f,test,9
Getup_p15_r03_v02_c05.mp4,p15,m,train,14
Drink.Frombottle_p06_r05_v10_c01.mp4,p06,f,train,7
Getup_p04_r00_v13_c02.mp4,p04,f,train,14
Walk_p07_r01_v09_c02.mp4,p07,f,train,30
Sitdown_p06_r02_v10_c01.mp4,p06,f,train,25
Drink.Fromcup_p15_r00_v11_c01.mp4,p15,m,train,9
Readbook_p07_r02_v02_c05.mp4,p07,f,train,24
Walk_p02_r12_v09_c05.mp4,p02,f,test,30
Cook.Cut_p15_r00_v16_c03.mp4,p15,m,train,3
Eat.Attable_p20_r14_v08_c01.mp4,p20,f,test,11
Enter_p06_r00_v12_c03.mp4,p06,f,train,13
Walk_p07_r01_v07_c04.mp4,p07,f,train,30
Sitdown_p04_r03_v03_c05.mp4,p04,f,train,25
Getup_p07_r01_v10_c02.mp4,p07,f,train,14
Eat.Attable_p13_r06_v08_c02.mp4,p13,f,train,11
Walk_p12_r04_v12_c07.mp4,p12,f,train,30
Sitdown_p10_r04_v06_c04.mp4,p10,f,test,25
Drink.Fromcup_p12_r04_v06_c04.mp4,p12,f,train,9
Enter_p14_r02_v05_c04.mp4,p14,m,test,13
Cook.Cleanup_p07_r00_v20_c06.mp4,p07,f,train,2
Uselaptop_p07_r00_v09_c02.mp4,p07,f,train,27
Getup_p07_r01_v03_c05.mp4,p07,f,train,14
Getup_p09_r03_v05_c05.mp4,p09,m,train,14
Drink.Fromcup_p10_r08_v07_c05.mp4,p10,f,test,9
Sitdown_p09_r05_v09_c01.mp4,p09,m,train,25
Sitdown_p17_r02_v02_c05.mp4,p17,m,train,25
Drink.Fromcup_p13_r10_v08_c02.mp4,p13,f,train,9
Cook.Cleanup_p10_r03_v11_c06.mp4,p10,f,test,2
Sitdown_p12_r02_v05_c05.mp4,p12,f,train,25
Leave_p02_r00_v03_c03.mp4,p02,f,test,16
Usetelephone_p03_r09_v02_c04.mp4,p03,m,train,29
Leave_p15_r00_v15_c07.mp4,p15,m,train,16
WatchTV_p10_r02_v05_c05.mp4,p10,f,test,31
Sitdown_p03_r00_v13_c02.mp4,p03,m,train,25
Cook.Cleanup_p11_r08_v11_c07.mp4,p11,f,test,2
Enter_p07_r00_v21_c06.mp4,p07,f,train,13
Cook.Cleandishes_p17_r02_v15_c03.mp4,p17,m,train,1
Eat.Attable_p07_r20_v08_c01.mp4,p07,f,train,11
Cook.Cleanup_p07_r11_v06_c03.mp4,p07,f,train,2
Getup_p10_r09_v02_c04.mp4,p10,f,test,14
Drink.Fromcup_p16_r02_v08_c02.mp4,p16,f,test,9
Drink.Fromcup_p20_r01_v01_c04.mp4,p20,f,test,9
WatchTV_p20_r00_v07_c05.mp4,p20,f,test,31
Walk_p10_r03_v11_c07.mp4,p10,f,test,30
Sitdown_p17_r04_v04_c04.mp4,p17,m,train,25
Readbook_p14_r00_v13_c01.mp4,p14,m,test,24
Sitdown_p10_r04_v03_c04.mp4,p10,f,test,25
Readbook_p25_r04_v06_c05.mp4,p25,f,train,24
Readbook_p12_r09_v02_c05.mp4,p12,f,train,24
Drink.Fromcup_p15_r00_v08_c02.mp4,p15,m,train,9
Usetablet_p20_r01_v01_c04.mp4,p20,f,test,28
Readbook_p06_r08_v07_c02.mp4,p06,f,train,24
Eat.Attable_p19_r19_v07_c01.mp4,p19,f,train,11
Drink.Fromcan_p03_r07_v07_c04.mp4,p03,m,train,8
Enter_p16_r00_v04_c05.mp4,p16,f,test,13
Pour.Frombottle_p03_r00_v10_c01.mp4,p03,m,train,21
Walk_p10_r00_v06_c05.mp4,p10,f,test,30
Takepills_p19_r00_v10_c02.mp4,p19,f,train,26
Walk_p04_r01_v18_c06.mp4,p04,f,train,30
Readbook_p17_r02_v02_c04.mp4,p17,m,train,24
Drink.Frombottle_p03_r08_v03_c04.mp4,p03,m,train,7
Readbook_p12_r03_v05_c04.mp4,p12,f,train,24
Eat.Attable_p18_r02_v09_c02.mp4,p18,m,test,11
Drink.Fromcan_p03_r05_v07_c04.mp4,p03,m,train,8
Cook.Cleandishes_p03_r02_v18_c03.mp4,p03,m,train,1
Usetelephone_p03_r00_v16_c07.mp4,p03,m,train,29
WatchTV_p17_r00_v04_c05.mp4,p17,m,train,31
Cook.Usestove_p10_r04_v12_c06.mp4,p10,f,test,5
Cook.Stir_p13_r04_v23_c06.mp4,p13,f,train,4
Walk_p09_r02_v06_c04.mp4,p09,m,train,30
Sitdown_p17_r06_v04_c04.mp4,p17,m,train,25
Uselaptop_p14_r02_v08_c05.mp4,p14,m,test,27
WatchTV_p09_r03_v05_c04.mp4,p09,m,train,31
Enter_p17_r00_v05_c04.mp4,p17,m,train,13
Walk_p15_r05_v13_c07.mp4,p15,m,train,30
Drink.Fromcup_p20_r00_v14_c07.mp4,p20,f,test,9
Uselaptop_p14_r02_v05_c05.mp4,p14,m,test,27
Cook.Stir_p11_r11_v13_c03.mp4,p11,f,test,4
Walk_p17_r17_v10_c02.mp4,p17,m,train,30
Drink.Frombottle_p12_r02_v04_c05.mp4,p12,f,train,7
Drink.Fromcup_p10_r02_v03_c04.mp4,p10,f,test,9
Walk_p16_r18_v12_c06.mp4,p16,f,test,30
Drink.Fromcup_p16_r16_v12_c06.mp4,p16,f,test,9
Drink.Frombottle_p13_r00_v06_c04.mp4,p13,f,train,7
Pour.Frombottle_p25_r00_v03_c05.mp4,p25,f,train,21
Leave_p13_r00_v21_c07.mp4,p13,f,train,16
Drink.Fromcup_p17_r02_v14_c06.mp4,p17,m,train,9
Usetelephone_p14_r02_v01_c04.mp4,p14,m,test,29
Pour.Frombottle_p14_r04_v05_c04.mp4,p14,m,test,21
Sitdown_p06_r00_v03_c05.mp4,p06,f,train,25
Walk_p16_r00_v04_c05.mp4,p16,f,test,30
Takepills_p11_r00_v06_c04.mp4,p11,f,test,26
Cook.Cut_p25_r03_v16_c07.mp4,p25,f,train,3
Walk_p07_r00_v07_c05.mp4,p07,f,train,30
Drink.Fromcup_p03_r09_v04_c05.mp4,p03,m,train,9
Eat.Attable_p13_r31_v08_c02.mp4,p13,f,train,11
Getup_p09_r04_v02_c05.mp4,p09,m,train,14
Drink.Frombottle_p15_r01_v10_c02.mp4,p15,m,train,7
Drink.Fromcup_p25_r01_v03_c05.mp4,p25,f,train,9
Walk_p03_r24_v03_c04.mp4,p03,m,train,30
Uselaptop_p09_r00_v04_c05.mp4,p09,m,train,27
Drink.Frombottle_p10_r00_v07_c04.mp4,p10,f,test,7
Drink.Frombottle_p20_r03_v05_c05.mp4,p20,f,test,7
Readbook_p16_r06_v06_c02.mp4,p16,f,test,24
Drink.Frombottle_p20_r02_v06_c04.mp4,p20,f,test,7
Cook.Cleanup_p14_r00_v14_c06.mp4,p14,m,test,2
Walk_p10_r00_v14_c03.mp4,p10,f,test,30
Walk_p03_r10_v13_c02.mp4,p03,m,train,30
Walk_p10_r07_v13_c07.mp4,p10,f,test,30
Walk_p12_r13_v07_c05.mp4,p12,f,train,30
Walk_p02_r05_v18_c05.mp4,p02,f,test,30
Walk_p18_r04_v10_c02.mp4,p18,m,test,30
Pour.Fromcan_p16_r00_v05_c04.mp4,p16,f,test,22
Walk_p14_r44_v05_c05.mp4,p14,m,test,30
Eat.Attable_p18_r07_v09_c01.mp4,p18,m,test,11
Drink.Fromcup_p04_r08_v09_c01.mp4,p04,f,train,9
Eat.Attable_p13_r08_v09_c01.mp4,p13,f,train,11
Walk_p20_r12_v06_c05.mp4,p20,f,test,30
Walk_p12_r10_v13_c06.mp4,p12,f,train,30
Getup_p09_r02_v05_c05.mp4,p09,m,train,14
Walk_p14_r24_v06_c05.mp4,p14,m,test,30
Sitdown_p14_r13_v05_c04.mp4,p14,m,test,25
Usetelephone_p19_r01_v05_c05.mp4,p19,f,train,29
Walk_p03_r02_v18_c07.mp4,p03,m,train,30
Eat.Snack_p06_r07_v06_c04.mp4,p06,f,train,12
Drink.Frombottle_p14_r01_v06_c05.mp4,p14,m,test,7
Cook.Stir_p02_r04_v14_c03.mp4,p02,f,test,4
Takepills_p14_r02_v05_c05.mp4,p14,m,test,26
Walk_p25_r30_v14_c06.mp4,p25,f,train,30
Cook.Stir_p07_r11_v21_c06.mp4,p07,f,train,4
WatchTV_p19_r20_v01_c05.mp4,p19,f,train,31
Walk_p16_r09_v05_c05.mp4,p16,f,test,30
Leave_p03_r00_v19_c05.mp4,p03,m,train,16
Drink.Fromcup_p19_r21_v07_c01.mp4,p19,f,train,9
Pour.Frombottle_p02_r00_v15_c06.mp4,p02,f,test,21
Walk_p15_r10_v16_c03.mp4,p15,m,train,30
Enter_p07_r01_v06_c06.mp4,p07,f,train,13
Drink.Fromcup_p04_r05_v01_c04.mp4,p04,f,train,9
Cook.Usestove_p10_r00_v12_c07.mp4,p10,f,test,5
WatchTV_p12_r13_v02_c05.mp4,p12,f,train,31
Pour.Fromkettle_p19_r01_v14_c06.mp4,p19,f,train,23
Getup_p20_r01_v01_c04.mp4,p20,f,test,14
Pour.Fromkettle_p19_r00_v14_c06.mp4,p19,f,train,23
Readbook_p03_r05_v01_c05.mp4,p03,m,train,24
Sitdown_p13_r01_v08_c02.mp4,p13,f,train,25
Walk_p19_r00_v02_c05.mp4,p19,f,train,30
Cook.Stir_p07_r16_v21_c06.mp4,p07,f,train,4
WatchTV_p02_r05_v04_c04.mp4,p02,f,test,31
Drink.Fromcup_p12_r09_v04_c05.mp4,p12,f,train,9
Takepills_p16_r00_v14_c03.mp4,p16,f,test,26
Walk_p17_r11_v06_c05.mp4,p17,m,train,30
Cook.Cleanup_p18_r03_v13_c03.mp4,p18,m,test,2
Readbook_p16_r07_v06_c02.mp4,p16,f,test,24
Walk_p19_r00_v12_c06.mp4,p19,f,train,30
Eat.Attable_p04_r18_v08_c01.mp4,p04,f,train,11
Uselaptop_p10_r00_v02_c05.mp4,p10,f,test,27
Walk_p11_r17_v07_c04.mp4,p11,f,test,30
Walk_p19_r16_v05_c05.mp4,p19,f,train,30
Walk_p07_r00_v04_c05.mp4,p07,f,train,30
Walk_p12_r02_v12_c06.mp4,p12,f,train,30
WatchTV_p17_r00_v01_c05.mp4,p17,m,train,31
Uselaptop_p25_r00_v04_c05.mp4,p25,f,train,27
Walk_p11_r06_v03_c04.mp4,p11,f,test,30
Walk_p25_r03_v06_c05.mp4,p25,f,train,30
Walk_p12_r08_v01_c04.mp4,p12,f,train,30
Cook.Cleanup_p04_r00_v18_c06.mp4,p04,f,train,2
Walk_p11_r07_v04_c04.mp4,p11,f,test,30
Drink.Fromcup_p19_r02_v04_c05.mp4,p19,f,train,9
Getup_p19_r00_v08_c01.mp4,p19,f,train,14
Enter_p16_r00_v02_c05.mp4,p16,f,test,13
Drink.Fromcup_p25_r01_v02_c04.mp4,p25,f,train,9
Leave_p15_r01_v03_c04.mp4,p15,m,train,16
Cutbread_p14_r00_v09_c01.mp4,p14,m,test,6
Takepills_p16_r00_v08_c02.mp4,p16,f,test,26
WatchTV_p13_r04_v25_c05.mp4,p13,f,train,31
Walk_p04_r13_v05_c04.mp4,p04,f,train,30
Laydown_p07_r02_v03_c05.mp4,p07,f,train,15
Drink.Frombottle_p10_r00_v05_c05.mp4,p10,f,test,7
Sitdown_p06_r01_v03_c04.mp4,p06,f,train,25
Drink.Fromcup_p14_r02_v03_c04.mp4,p14,m,test,9
Walk_p14_r15_v10_c02.mp4,p14,m,test,30
Uselaptop_p20_r04_v05_c05.mp4,p20,f,test,27
Leave_p09_r00_v04_c05.mp4,p09,m,train,16
Eat.Attable_p06_r03_v07_c02.mp4,p06,f,train,11
Readbook_p15_r00_v11_c01.mp4,p15,m,train,24
Cook.Cut_p02_r01_v15_c06.mp4,p02,f,test,3
Cook.Cleanup_p13_r00_v23_c03.mp4,p13,f,train,2
Walk_p02_r19_v09_c05.mp4,p02,f,test,30
Laydown_p12_r01_v03_c05.mp4,p12,f,train,15
Walk_p07_r01_v06_c03.mp4,p07,f,train,30
Walk_p13_r07_v25_c04.mp4,p13,f,train,30
Uselaptop_p20_r01_v09_c01.mp4,p20,f,test,27
Readbook_p18_r07_v07_c05.mp4,p18,m,test,24
Readbook_p11_r12_v01_c04.mp4,p11,f,test,24
Getup_p14_r04_v05_c04.mp4,p14,m,test,14
Cook.Stir_p20_r10_v16_c07.mp4,p20,f,test,4
Drink.Fromcup_p19_r06_v11_c03.mp4,p19,f,train,9
Walk_p14_r00_v05_c05.mp4,p14,m,test,30
Walk_p17_r04_v11_c06.mp4,p17,m,train,30
Getup_p06_r01_v03_c05.mp4,p06,f,train,14
Drink.Fromcan_p25_r02_v15_c06.mp4,p25,f,train,8
Sitdown_p10_r14_v09_c01.mp4,p10,f,test,25
Enter_p25_r01_v14_c03.mp4,p25,f,train,13
Enter_p10_r01_v06_c05.mp4,p10,f,test,13
Eat.Snack_p25_r01_v14_c03.mp4,p25,f,train,12
WatchTV_p06_r13_v03_c04.mp4,p06,f,train,31
Eat.Snack_p15_r03_v14_c03.mp4,p15,m,train,12
Walk_p18_r08_v05_c05.mp4,p18,m,test,30
Sitdown_p04_r00_v13_c02.mp4,p04,f,train,25
Drink.Frombottle_p14_r01_v13_c01.mp4,p14,m,test,7
Drink.Frombottle_p04_r12_v04_c04.mp4,p04,f,train,7
Walk_p13_r00_v20_c06.mp4,p13,f,train,30
Walk_p11_r04_v13_c07.mp4,p11,f,test,30
Drink.Fromcup_p14_r02_v07_c05.mp4,p14,m,test,9
Walk_p02_r30_v15_c06.mp4,p02,f,test,30
Usetablet_p20_r00_v02_c05.mp4,p20,f,test,28
Drink.Fromcup_p13_r07_v24_c05.mp4,p13,f,train,9
Walk_p25_r11_v03_c05.mp4,p25,f,train,30
Sitdown_p18_r06_v05_c04.mp4,p18,m,test,25
Cook.Cleanup_p04_r00_v14_c03.mp4,p04,f,train,2
Walk_p13_r22_v04_c04.mp4,p13,f,train,30
Drink.Fromglass_p03_r02_v19_c05.mp4,p03,m,train,10
Pour.Fromkettle_p16_r00_v14_c06.mp4,p16,f,test,23
Usetelephone_p17_r00_v08_c01.mp4,p17,m,train,29
Sitdown_p09_r04_v06_c05.mp4,p09,m,train,25
Walk_p12_r15_v06_c04.mp4,p12,f,train,30
Walk_p03_r21_v04_c04.mp4,p03,m,train,30
Walk_p04_r09_v17_c07.mp4,p04,f,train,30
Drink.Fromglass_p03_r01_v19_c05.mp4,p03,m,train,10
Usetelephone_p04_r01_v04_c04.mp4,p04,f,train,29
Getup_p20_r02_v03_c05.mp4,p20,f,test,14
Eat.Attable_p13_r15_v09_c01.mp4,p13,f,train,11
Walk_p04_r04_v15_c06.mp4,p04,f,train,30
Walk_p10_r03_v12_c03.mp4,p10,f,test,30
WatchTV_p15_r01_v03_c05.mp4,p15,m,train,31
Sitdown_p15_r00_v06_c05.mp4,p15,m,train,25
Cook.Cleanup_p17_r01_v14_c06.mp4,p17,m,train,2
Drink.Fromcan_p12_r00_v03_c04.mp4,p12,f,train,8
Maketea.Insertteabag_p15_r01_v14_c07.mp4,p15,m,train,20
Drink.Fromcup_p19_r05_v14_c06.mp4,p19,f,train,9
Sitdown_p19_r02_v08_c01.mp4,p19,f,train,25
Eat.Attable_p07_r08_v08_c02.mp4,p07,f,train,11
Eat.Snack_p12_r00_v12_c06.mp4,p12,f,train,12
Walk_p09_r00_v06_c05.mp4,p09,m,train,30
Walk_p13_r10_v13_c02.mp4,p13,f,train,30
Readbook_p20_r01_v02_c05.mp4,p20,f,test,24
Enter_p10_r00_v05_c04.mp4,p10,f,test,13
Cook.Cleanup_p06_r00_v13_c06.mp4,p06,f,train,2
Sitdown_p10_r08_v03_c04.mp4,p10,f,test,25
Cook.Stir_p19_r00_v12_c06.mp4,p19,f,train,4
WatchTV_p09_r01_v04_c05.mp4,p09,m,train,31
Walk_p14_r04_v06_c05.mp4,p14,m,test,30
WatchTV_p25_r10_v01_c04.mp4,p25,f,train,31
Usetelephone_p18_r02_v10_c01.mp4,p18,m,test,29
Cook.Cleanup_p15_r01_v13_c06.mp4,p15,m,train,2
Walk_p03_r19_v04_c05.mp4,p03,m,train,30
Drink.Fromcup_p13_r05_v19_c01.mp4,p13,f,train,9
Walk_p14_r07_v13_c02.mp4,p14,m,test,30
Getup_p20_r06_v06_c05.mp4,p20,f,test,14
Walk_p17_r30_v03_c05.mp4,p17,m,train,30
Cutbread_p13_r04_v08_c02.mp4,p13,f,train,6
Drink.Fromcup_p02_r00_v08_c04.mp4,p02,f,test,9
Readbook_p07_r01_v05_c05.mp4,p07,f,train,24
Enter_p20_r00_v14_c07.mp4,p20,f,test,13
Walk_p03_r10_v03_c04.mp4,p03,m,train,30
Drink.Fromcup_p02_r06_v02_c03.mp4,p02,f,test,9
Drink.Fromcup_p04_r06_v15_c06.mp4,p04,f,train,9
Uselaptop_p18_r00_v03_c05.mp4,p18,m,test,27
Eat.Snack_p19_r00_v14_c06.mp4,p19,f,train,12
Walk_p16_r06_v05_c05.mp4,p16,f,test,30
Drink.Fromcup_p13_r10_v21_c06.mp4,p13,f,train,9
Walk_p03_r21_v02_c04.mp4,p03,m,train,30
Drink.Fromcup_p19_r08_v02_c04.mp4,p19,f,train,9
Walk_p17_r05_v11_c03.mp4,p17,m,train,30
Walk_p11_r18_v07_c04.mp4,p11,f,test,30
Uselaptop_p15_r00_v09_c02.mp4,p15,m,train,27
Walk_p17_r10_v02_c05.mp4,p17,m,train,30
Getup_p10_r09_v07_c04.mp4,p10,f,test,14
WatchTV_p07_r06_v02_c05.mp4,p07,f,train,31
Pour.Frombottle_p06_r00_v13_c03.mp4,p06,f,train,21
Leave_p06_r04_v12_c06.mp4,p06,f,train,16
Walk_p02_r18_v09_c05.mp4,p02,f,test,30
Walk_p03_r19_v02_c05.mp4,p03,m,train,30
Drink.Fromcup_p20_r01_v03_c04.mp4,p20,f,test,9
Eat.Attable_p13_r34_v19_c01.mp4,p13,f,train,11
Walk_p02_r02_v16_c06.mp4,p02,f,test,30
Sitdown_p17_r01_v03_c04.mp4,p17,m,train,25
Walk_p11_r02_v13_c06.mp4,p11,f,test,30
Walk_p25_r32_v14_c06.mp4,p25,f,train,30
Walk_p06_r04_v12_c07.mp4,p06,f,train,30
Drink.Fromcup_p19_r01_v04_c04.mp4,p19,f,train,9
Cook.Cleanup_p04_r02_v14_c06.mp4,p04,f,train,2
Usetablet_p06_r00_v11_c01.mp4,p06,f,train,28
Getup_p20_r02_v11_c01.mp4,p20,f,test,14
Laydown_p03_r02_v19_c04.mp4,p03,m,train,15
WatchTV_p12_r07_v04_c05.mp4,p12,f,train,31
Enter_p04_r00_v14_c03.mp4,p04,f,train,13
Sitdown_p17_r04_v08_c02.mp4,p17,m,train,25
Walk_p03_r32_v02_c05.mp4,p03,m,train,30
Cutbread_p13_r01_v08_c02.mp4,p13,f,train,6
Walk_p12_r17_v07_c04.mp4,p12,f,train,30
Walk_p03_r14_v03_c04.mp4,p03,m,train,30
Leave_p18_r00_v05_c05.mp4,p18,m,test,16
Cook.Cleandishes_p17_r07_v15_c03.mp4,p17,m,train,1
Drink.Fromcup_p19_r09_v04_c04.mp4,p19,f,train,9
Sitdown_p04_r00_v04_c05.mp4,p04,f,train,25
Getup_p10_r14_v03_c05.mp4,p10,f,test,14
Sitdown_p07_r01_v02_c05.mp4,p07,f,train,25
Readbook_p18_r03_v09_c01.mp4,p18,m,test,24
Walk_p03_r25_v02_c05.mp4,p03,m,train,30
Walk_p03_r07_v13_c02.mp4,p03,m,train,30
Walk_p16_r01_v12_c03.mp4,p16,f,test,30
Cook.Cleanup_p07_r04_v22_c03.mp4,p07,f,train,2
Pour.Fromkettle_p13_r00_v21_c06.mp4,p13,f,train,23
Cook.Cleanup_p10_r03_v14_c06.mp4,p10,f,test,2
Getup_p07_r00_v01_c05.mp4,p07,f,train,14
Walk_p17_r05_v10_c02.mp4,p17,m,train,30
Drink.Fromcup_p19_r16_v07_c01.mp4,p19,f,train,9
Walk_p12_r11_v13_c06.mp4,p12,f,train,30
Drink.Fromcup_p19_r04_v08_c02.mp4,p19,f,train,9
Eat.Attable_p25_r05_v09_c01.mp4,p25,f,train,11
Enter_p06_r00_v07_c02.mp4,p06,f,train,13
Uselaptop_p15_r01_v05_c04.mp4,p15,m,train,27
Drink.Fromcup_p14_r04_v01_c04.mp4,p14,m,test,9
Pour.Frombottle_p25_r04_v05_c04.mp4,p25,f,train,21
Cook.Cleandishes_p10_r00_v13_c06.mp4,p10,f,test,1
WatchTV_p16_r06_v01_c05.mp4,p16,f,test,31
Readbook_p15_r03_v02_c04.mp4,p15,m,train,24
Cook.Stir_p11_r06_v13_c03.mp4,p11,f,test,4
Leave_p07_r02_v06_c06.mp4,p07,f,train,16
Walk_p15_r14_v10_c02.mp4,p15,m,train,30
Sitdown_p18_r01_v08_c04.mp4,p18,m,test,25
Sitdown_p06_r01_v06_c05.mp4,p06,f,train,25
Walk_p06_r08_v13_c03.mp4,p06,f,train,30
Getup_p14_r04_v07_c05.mp4,p14,m,test,14
Sitdown_p17_r01_v01_c05.mp4,p17,m,train,25
Leave_p02_r00_v01_c07.mp4,p02,f,test,16
Getup_p09_r05_v10_c01.mp4,p09,m,train,14
Drink.Fromcup_p09_r05_v05_c05.mp4,p09,m,train,9
Maketea.Boilwater_p19_r00_v11_c06.mp4,p19,f,train,19
WatchTV_p17_r02_v02_c05.mp4,p17,m,train,31
Drink.Frombottle_p15_r00_v10_c02.mp4,p15,m,train,7
Walk_p16_r01_v14_c06.mp4,p16,f,test,30
Cook.Cleanup_p06_r00_v13_c03.mp4,p06,f,train,2
WatchTV_p04_r12_v05_c04.mp4,p04,f,train,31
Leave_p07_r00_v06_c03.mp4,p07,f,train,16
Drink.Fromcup_p19_r03_v14_c03.mp4,p19,f,train,9
Sitdown_p20_r02_v03_c04.mp4,p20,f,test,25
Usetelephone_p02_r03_v09_c05.mp4,p02,f,test,29
Cook.Stir_p20_r00_v15_c07.mp4,p20,f,test,4
Getup_p06_r00_v14_c01.mp4,p06,f,train,14
Walk_p03_r09_v13_c01.mp4,p03,m,train,30
Usetelephone_p13_r00_v13_c01.mp4,p13,f,train,29
Walk_p02_r05_v15_c06.mp4,p02,f,test,30
Walk_p09_r04_v10_c01.mp4,p09,m,train,30
Drink.Fromcup_p03_r04_v16_c06.mp4,p03,m,train,9
Walk_p15_r06_v13_c03.mp4,p15,m,train,30
Walk_p10_r06_v13_c03.mp4,p10,f,test,30
Drink.Fromcup_p06_r00_v03_c05.mp4,p06,f,train,9
Cook.Stir_p10_r03_v12_c07.mp4,p10,f,test,4
Walk_p03_r18_v04_c04.mp4,p03,m,train,30
Walk_p14_r26_v05_c05.mp4,p14,m,test,30
Leave_p06_r01_v05_c05.mp4,p06,f,train,16
Walk_p11_r01_v05_c04.mp4,p11,f,test,30
Maketea.Boilwater_p12_r00_v11_c06.mp4,p12,f,train,19
Readbook_p13_r03_v24_c05.mp4,p13,f,train,24
Uselaptop_p02_r04_v12_c02.mp4,p02,f,test,27
Uselaptop_p15_r00_v07_c04.mp4,p15,m,train,27
Walk_p17_r13_v09_c02.mp4,p17,m,train,30
Readbook_p14_r04_v07_c05.mp4,p14,m,test,24
Takepills_p04_r00_v04_c05.mp4,p04,f,train,26
Walk_p25_r06_v10_c02.mp4,p25,f,train,30
Walk_p06_r00_v08_c01.mp4,p06,f,train,30
Getup_p14_r04_v08_c05.mp4,p14,m,test,14
Cook.Cleanup_p07_r10_v06_c03.mp4,p07,f,train,2
Pour.Frombottle_p12_r01_v02_c04.mp4,p12,f,train,21
Drink.Fromcup_p15_r00_v10_c02.mp4,p15,m,train,9
Maketea.Boilwater_p18_r01_v14_c03.mp4,p18,m,test,19
Pour.Fromkettle_p09_r00_v15_c06.mp4,p09,m,train,23
Laydown_p25_r02_v03_c04.mp4,p25,f,train,15
Takepills_p12_r00_v14_c05.mp4,p12,f,train,26
Drink.Fromcup_p07_r08_v08_c01.mp4,p07,f,train,9
Usetelephone_p06_r00_v14_c02.mp4,p06,f,train,29
Walk_p17_r03_v05_c04.mp4,p17,m,train,30
Uselaptop_p18_r00_v03_c04.mp4,p18,m,test,27
Maketea.Boilwater_p02_r00_v02_c03.mp4,p02,f,test,19
WatchTV_p07_r07_v05_c05.mp4,p07,f,train,31
Walk_p11_r05_v13_c03.mp4,p11,f,test,30
Walk_p11_r07_v13_c06.mp4,p11,f,test,30
Sitdown_p16_r01_v04_c04.mp4,p16,f,test,25
Walk_p20_r05_v05_c05.mp4,p20,f,test,30
WatchTV_p25_r02_v06_c05.mp4,p25,f,train,31
Walk_p04_r06_v15_c06.mp4,p04,f,train,30
Leave_p03_r00_v18_c03.mp4,p03,m,train,16
Walk_p15_r09_v10_c02.mp4,p15,m,train,30
WatchTV_p09_r00_v04_c04.mp4,p09,m,train,31
Readbook_p13_r00_v03_c04.mp4,p13,f,train,24
Cook.Stir_p15_r10_v16_c03.mp4,p15,m,train,4
Drink.Fromcan_p03_r02_v07_c04.mp4,p03,m,train,8
Sitdown_p06_r03_v09_c02.mp4,p06,f,train,25
Sitdown_p13_r01_v13_c02.mp4,p13,f,train,25
Drink.Fromcup_p16_r00_v13_c03.mp4,p16,f,test,9
Getup_p14_r09_v01_c04.mp4,p14,m,test,14
Walk_p02_r19_v14_c03.mp4,p02,f,test,30
WatchTV_p18_r08_v07_c05.mp4,p18,m,test,31
WatchTV_p02_r05_v17_c05.mp4,p02,f,test,31
Makecoffee.Pourwater_p10_r01_v11_c06.mp4,p10,f,test,18
Cook.Cut_p02_r01_v14_c06.mp4,p02,f,test,3
Eat.Attable_p07_r38_v08_c02.mp4,p07,f,train,11
Walk_p13_r04_v11_c02.mp4,p13,f,train,30
Eat.Attable_p02_r08_v11_c02.mp4,p02,f,test,11
Eat.Attable_p13_r18_v08_c02.mp4,p13,f,train,11
Leave_p04_r00_v04_c04.mp4,p04,f,train,16
Getup_p14_r04_v13_c01.mp4,p14,m,test,14
Walk_p04_r05_v16_c07.mp4,p04,f,train,30
Laydown_p03_r00_v06_c05.mp4,p03,m,train,15
Walk_p17_r22_v12_c06.mp4,p17,m,train,30
Drink.Fromcup_p18_r01_v09_c02.mp4,p18,m,test,9
Walk_p19_r04_v03_c05.mp4,p19,f,train,30
Walk_p04_r00_v14_c06.mp4,p04,f,train,30
Getup_p16_r02_v09_c01.mp4,p16,f,test,14
Walk_p18_r07_v13_c07.mp4,p18,m,test,30
Walk_p13_r00_v12_c02.mp4,p13,f,train,30
Drink.Fromcan_p03_r02_v08_c05.mp4,p03,m,train,8
Drink.Fromcup_p07_r00_v10_c02.mp4,p07,f,train,9
Cook.Cleanup_p07_r00_v20_c07.mp4,p07,f,train,2
Drink.Fromcup_p19_r01_v05_c05.mp4,p19,f,train,9
Drink.Fromcan_p11_r01_v09_c01.mp4,p11,f,test,8
Pour.Frombottle_p09_r00_v05_c05.mp4,p09,m,train,21
Walk_p25_r10_v06_c05.mp4,p25,f,train,30
Getup_p14_r08_v12_c02.mp4,p14,m,test,14
Drink.Fromcan_p04_r01_v03_c05.mp4,p04,f,train,8
Drink.Fromcup_p25_r07_v12_c06.mp4,p25,f,train,9
Maketea.Boilwater_p06_r00_v12_c03.mp4,p06,f,train,19
Walk_p03_r02_v19_c04.mp4,p03,m,train,30
Laydown_p12_r00_v14_c05.mp4,p12,f,train,15
Getup_p16_r01_v02_c05.mp4,p16,f,test,14
Walk_p15_r02_v10_c01.mp4,p15,m,train,30
Readbook_p16_r03_v09_c01.mp4,p16,f,test,24
Drink.Fromcan_p02_r02_v08_c05.mp4,p02,f,test,8
Usetelephone_p03_r01_v12_c02.mp4,p03,m,train,29
Walk_p17_r21_v03_c05.mp4,p17,m,train,30
Usetelephone_p15_r00_v11_c01.mp4,p15,m,train,29
Walk_p14_r53_v05_c05.mp4,p14,m,test,30
Cook.Cleanup_p15_r00_v17_c06.mp4,p15,m,train,2
Drink.Fromcup_p19_r00_v10_c02.mp4,p19,f,train,9
WatchTV_p12_r11_v02_c05.mp4,p12,f,train,31
Getup_p06_r00_v14_c02.mp4,p06,f,train,14
Leave_p18_r02_v05_c05.mp4,p18,m,test,16
Walk_p11_r09_v13_c03.mp4,p11,f,test,30
Walk_p03_r37_v02_c04.mp4,p03,m,train,30
Cook.Cleandishes_p15_r03_v13_c03.mp4,p15,m,train,1
Cook.Stir_p09_r02_v13_c03.mp4,p09,m,train,4
Cook.Stir_p15_r00_v15_c07.mp4,p15,m,train,4
Drink.Fromcup_p25_r00_v10_c01.mp4,p25,f,train,9
Walk_p02_r00_v13_c06.mp4,p02,f,test,30
Walk_p18_r07_v11_c02.mp4,p18,m,test,30
Walk_p14_r05_v07_c04.mp4,p14,m,test,30
Drink.Fromcup_p17_r00_v04_c05.mp4,p17,m,train,9
Leave_p06_r01_v13_c07.mp4,p06,f,train,16
Usetelephone_p15_r02_v12_c02.mp4,p15,m,train,29
Makecoffee.Pourwater_p04_r00_v15_c06.mp4,p04,f,train,18
Walk_p17_r23_v09_c02.mp4,p17,m,train,30
Sitdown_p19_r00_v10_c01.mp4,p19,f,train,25
Enter_p07_r00_v22_c03.mp4,p07,f,train,13
Cook.Cleandishes_p03_r00_v16_c06.mp4,p03,m,train,1
Laydown_p15_r01_v07_c04.mp4,p15,m,train,15
Cook.Stir_p13_r06_v23_c03.mp4,p13,f,train,4
Walk_p03_r04_v16_c07.mp4,p03,m,train,30
Walk_p10_r01_v14_c03.mp4,p10,f,test,30
Sitdown_p15_r05_v11_c02.mp4,p15,m,train,25
Walk_p15_r04_v17_c03.mp4,p15,m,train,30
Sitdown_p17_r06_v03_c05.mp4,p17,m,train,25
Drink.Fromcup_p02_r06_v17_c05.mp4,p02,f,test,9
WatchTV_p14_r03_v08_c05.mp4,p14,m,test,31
Pour.Frombottle_p14_r00_v12_c02.mp4,p14,m,test,21
Readbook_p14_r00_v13_c02.mp4,p14,m,test,24
Uselaptop_p03_r02_v03_c04.mp4,p03,m,train,27
Drink.Fromglass_p07_r00_v03_c05.mp4,p07,f,train,10
Drink.Frombottle_p12_r02_v02_c05.mp4,p12,f,train,7
Walk_p07_r03_v10_c01.mp4,p07,f,train,30
Maketea.Insertteabag_p02_r00_v02_c03.mp4,p02,f,test,20
Drink.Fromcup_p10_r06_v02_c05.mp4,p10,f,test,9
Walk_p14_r00_v11_c02.mp4,p14,m,test,30
Sitdown_p09_r05_v04_c04.mp4,p09,m,train,25
Walk_p12_r13_v01_c04.mp4,p12,f,train,30
Readbook_p13_r05_v12_c02.mp4,p13,f,train,24
Drink.Fromcup_p19_r05_v01_c05.mp4,p19,f,train,9
Walk_p14_r07_v02_c05.mp4,p14,m,test,30
Sitdown_p02_r02_v07_c04.mp4,p02,f,test,25
Sitdown_p25_r03_v11_c02.mp4,p25,f,train,25
Walk_p04_r23_v05_c04.mp4,p04,f,train,30
Drink.Fromcan_p04_r00_v11_c02.mp4,p04,f,train,8
Eat.Attable_p19_r03_v07_c01.mp4,p19,f,train,11
Walk_p15_r24_v13_c06.mp4,p15,m,train,30
Drink.Fromcup_p19_r04_v12_c06.mp4,p19,f,train,9
Drink.Fromcup_p15_r04_v14_c03.mp4,p15,m,train,9
Drink.Fromcup_p18_r09_v12_c02.mp4,p18,m,test,9
Cook.Usestove_p07_r03_v21_c06.mp4,p07,f,train,5
Pour.Frombottle_p17_r01_v09_c02.mp4,p17,m,train,21
Cook.Cleanup_p03_r07_v18_c06.mp4,p03,m,train,2
Drink.Fromcup_p14_r10_v11_c01.mp4,p14,m,test,9
Uselaptop_p15_r02_v04_c04.mp4,p15,m,train,27
Cook.Stir_p25_r09_v15_c07.mp4,p25,f,train,4
Walk_p14_r12_v10_c02.mp4,p14,m,test,30
Drink.Fromcan_p12_r01_v06_c04.mp4,p12,f,train,8
Cook.Cleanup_p07_r05_v22_c03.mp4,p07,f,train,2
Cook.Cleandishes_p11_r02_v12_c03.mp4,p11,f,test,1
Pour.Frombottle_p03_r05_v06_c04.mp4,p03,m,train,21
Enter_p07_r01_v04_c07.mp4,p07,f,train,13
Cook.Stir_p10_r01_v12_c03.mp4,p10,f,test,4
Cook.Stir_p17_r04_v14_c06.mp4,p17,m,train,4
Getup_p14_r07_v10_c01.mp4,p14,m,test,14
Getup_p06_r03_v06_c05.mp4,p06,f,train,14
Enter_p09_r00_v14_c07.mp4,p09,m,train,13
Sitdown_p11_r01_v09_c01.mp4,p11,f,test,25
WatchTV_p06_r01_v04_c05.mp4,p06,f,train,31
Walk_p17_r04_v03_c05.mp4,p17,m,train,30
Walk_p03_r05_v13_c02.mp4,p03,m,train,30
Cook.Stir_p11_r00_v13_c03.mp4,p11,f,test,4
Laydown_p17_r01_v05_c04.mp4,p17,m,train,15
Walk_p03_r03_v10_c02.mp4,p03,m,train,30
Cook.Stir_p15_r00_v15_c03.mp4,p15,m,train,4
Walk_p02_r13_v02_c07.mp4,p02,f,test,30
Cook.Stir_p11_r03_v13_c07.mp4,p11,f,test,4
Eat.Snack_p12_r03_v05_c04.mp4,p12,f,train,12
Drink.Fromcup_p19_r10_v04_c04.mp4,p19,f,train,9
WatchTV_p07_r00_v02_c05.mp4,p07,f,train,31
Cook.Stir_p15_r03_v16_c07.mp4,p15,m,train,4
Uselaptop_p19_r00_v05_c05.mp4,p19,f,train,27
Enter_p13_r04_v04_c04.mp4,p13,f,train,13
Walk_p03_r11_v15_c03.mp4,p03,m,train,30
Cook.Cleanup_p13_r01_v20_c06.mp4,p13,f,train,2
Walk_p12_r14_v05_c05.mp4,p12,f,train,30
Walk_p07_r03_v03_c05.mp4,p07,f,train,30
Usetelephone_p03_r01_v02_c05.mp4,p03,m,train,29
Walk_p04_r01_v07_c04.mp4,p04,f,train,30
Drink.Fromcup_p12_r03_v05_c05.mp4,p12,f,train,9
Walk_p07_r00_v21_c07.mp4,p07,f,train,30
Sitdown_p14_r02_v06_c05.mp4,p14,m,test,25
Cook.Cleandishes_p11_r03_v13_c03.mp4,p11,f,test,1
Walk_p25_r02_v12_c03.mp4,p25,f,train,30
Uselaptop_p20_r01_v06_c05.mp4,p20,f,test,27
Takepills_p17_r00_v05_c04.mp4,p17,m,train,26
WatchTV_p07_r12_v04_c05.mp4,p07,f,train,31
Enter_p10_r01_v06_c04.mp4,p10,f,test,13
Usetelephone_p11_r02_v04_c04.mp4,p11,f,test,29
Leave_p06_r01_v05_c04.mp4,p06,f,train,16
Cook.Cleandishes_p07_r01_v20_c03.mp4,p07,f,train,1
Takepills_p16_r00_v03_c04.mp4,p16,f,test,26
Drink.Fromcup_p04_r05_v08_c02.mp4,p04,f,train,9
Walk_p17_r11_v05_c05.mp4,p17,m,train,30
Walk_p14_r04_v05_c05.mp4,p14,m,test,30
Walk_p14_r13_v13_c02.mp4,p14,m,test,30
Getup_p04_r02_v13_c01.mp4,p04,f,train,14
Leave_p03_r00_v13_c02.mp4,p03,m,train,16
Eat.Attable_p16_r19_v06_c01.mp4,p16,f,test,11
Usetelephone_p11_r01_v04_c04.mp4,p11,f,test,29
Getup_p17_r12_v09_c01.mp4,p17,m,train,14
Eat.Snack_p06_r07_v06_c05.mp4,p06,f,train,12
Sitdown_p10_r06_v06_c04.mp4,p10,f,test,25
Drink.Fromcan_p18_r00_v10_c01.mp4,p18,m,test,8
WatchTV_p04_r00_v05_c04.mp4,p04,f,train,31
Cook.Cleanup_p07_r03_v22_c07.mp4,p07,f,train,2
Walk_p02_r08_v17_c05.mp4,p02,f,test,30
Readbook_p12_r04_v05_c04.mp4,p12,f,train,24
Drink.Fromcup_p13_r04_v03_c04.mp4,p13,f,train,9
Cook.Stir_p02_r05_v14_c06.mp4,p02,f,test,4
Walk_p15_r13_v17_c03.mp4,p15,m,train,30
Sitdown_p06_r00_v09_c01.mp4,p06,f,train,25
Drink.Frombottle_p12_r00_v06_c05.mp4,p12,f,train,7
Walk_p12_r07_v07_c05.mp4,p12,f,train,30
Drink.Fromcup_p15_r06_v09_c02.mp4,p15,m,train,9
Takepills_p12_r00_v07_c05.mp4,p12,f,train,26
Walk_p12_r04_v02_c05.mp4,p12,f,train,30
Drink.Fromcan_p18_r04_v08_c04.mp4,p18,m,test,8
Eat.Attable_p06_r01_v07_c01.mp4,p06,f,train,11
Cook.Usestove_p07_r05_v21_c06.mp4,p07,f,train,5
Usetelephone_p19_r01_v03_c04.mp4,p19,f,train,29
Usetelephone_p25_r02_v03_c04.mp4,p25,f,train,29
Cook.Cleandishes_p07_r06_v20_c03.mp4,p07,f,train,1
Sitdown_p06_r02_v27_c01.mp4,p06,f,train,25
Drink.Fromcup_p16_r01_v07_c02.mp4,p16,f,test,9
Takepills_p17_r02_v09_c02.mp4,p17,m,train,26
Readbook_p13_r01_v06_c04.mp4,p13,f,train,24
Laydown_p16_r00_v05_c04.mp4,p16,f,test,15
Readbook_p19_r10_v01_c05.mp4,p19,f,train,24
Walk_p11_r10_v04_c04.mp4,p11,f,test,30
Sitdown_p10_r02_v02_c05.mp4,p10,f,test,25
Takepills_p04_r07_v04_c04.mp4,p04,f,train,26
WatchTV_p04_r06_v05_c04.mp4,p04,f,train,31
Cook.Stir_p25_r06_v16_c06.mp4,p25,f,train,4
Enter_p16_r00_v15_c07.mp4,p16,f,test,13
Drink.Fromcup_p02_r03_v09_c05.mp4,p02,f,test,9
Getup_p06_r02_v11_c01.mp4,p06,f,train,14
Drink.Frombottle_p06_r00_v10_c02.mp4,p06,f,train,7
Cook.Stir_p17_r04_v15_c06.mp4,p17,m,train,4
Sitdown_p14_r13_v06_c05.mp4,p14,m,test,25
Walk_p06_r00_v02_c05.mp4,p06,f,train,30
Enter_p02_r02_v08_c04.mp4,p02,f,test,13
Takepills_p20_r01_v09_c01.mp4,p20,f,test,26
Pour.Fromkettle_p15_r01_v14_c03.mp4,p15,m,train,23
Sitdown_p10_r00_v09_c01.mp4,p10,f,test,25
Drink.Fromcup_p25_r00_v04_c04.mp4,p25,f,train,9
Drink.Fromcup_p16_r03_v12_c03.mp4,p16,f,test,9
Walk_p16_r00_v12_c07.mp4,p16,f,test,30
Cutbread_p20_r02_v08_c01.mp4,p20,f,test,6
Pour.Fromkettle_p06_r02_v12_c06.mp4,p06,f,train,23
Walk_p13_r03_v08_c02.mp4,p13,f,train,30
Cook.Cleanup_p10_r03_v11_c03.mp4,p10,f,test,2
Walk_p25_r07_v08_c03.mp4,p25,f,train,30
Drink.Fromcup_p16_r00_v01_c05.mp4,p16,f,test,9
Walk_p04_r17_v05_c04.mp4,p04,f,train,30
Drink.Fromcup_p02_r01_v14_c06.mp4,p02,f,test,9
Eat.Attable_p04_r27_v08_c02.mp4,p04,f,train,11
Drink.Frombottle_p02_r00_v12_c02.mp4,p02,f,test,7
Walk_p25_r05_v12_c07.mp4,p25,f,train,30
WatchTV_p14_r01_v04_c05.mp4,p14,m,test,31
Drink.Fromcup_p03_r06_v04_c05.mp4,p03,m,train,9
Drink.Frombottle_p02_r05_v12_c02.mp4,p02,f,test,7
Eat.Attable_p07_r43_v08_c01.mp4,p07,f,train,11
Pour.Frombottle_p17_r00_v15_c03.mp4,p17,m,train,21
Getup_p19_r03_v04_c05.mp4,p19,f,train,14
Usetelephone_p10_r03_v09_c01.mp4,p10,f,test,29
Drink.Fromcan_p14_r00_v11_c01.mp4,p14,m,test,8
Drink.Fromcup_p19_r05_v01_c04.mp4,p19,f,train,9
Walk_p16_r07_v12_c03.mp4,p16,f,test,30
Drink.Fromcup_p15_r00_v03_c04.mp4,p15,m,train,9
Cook.Cleandishes_p10_r05_v14_c06.mp4,p10,f,test,1
Walk_p15_r04_v13_c06.mp4,p15,m,train,30
Drink.Frombottle_p10_r01_v13_c03.mp4,p10,f,test,7
Drink.Frombottle_p15_r02_v05_c04.mp4,p15,m,train,7
Getup_p25_r07_v04_c05.mp4,p25,f,train,14
Walk_p16_r23_v12_c06.mp4,p16,f,test,30
Walk_p19_r03_v14_c06.mp4,p19,f,train,30
Getup_p13_r00_v19_c01.mp4,p13,f,train,14
Sitdown_p19_r02_v09_c02.mp4,p19,f,train,25
Walk_p13_r10_v04_c04.mp4,p13,f,train,30
Walk_p15_r12_v17_c07.mp4,p15,m,train,30
Drink.Fromcup_p16_r05_v07_c01.mp4,p16,f,test,9
Cook.Stir_p11_r02_v13_c06.mp4,p11,f,test,4
Walk_p25_r16_v03_c05.mp4,p25,f,train,30
Eat.Attable_p02_r18_v11_c02.mp4,p02,f,test,11
Walk_p04_r13_v17_c07.mp4,p04,f,train,30
Getup_p10_r15_v03_c05.mp4,p10,f,test,14
Drink.Fromcup_p19_r09_v02_c04.mp4,p19,f,train,9
Cook.Cleanup_p02_r00_v13_c06.mp4,p02,f,test,2
Drink.Fromcup_p20_r00_v06_c05.mp4,p20,f,test,9
Readbook_p19_r02_v03_c04.mp4,p19,f,train,24
Maketea.Insertteabag_p11_r00_v12_c06.mp4,p11,f,test,20
Walk_p16_r06_v15_c07.mp4,p16,f,test,30
Maketea.Insertteabag_p16_r00_v13_c06.mp4,p16,f,test,20
Drink.Fromcup_p06_r08_v03_c04.mp4,p06,f,train,9
Getup_p12_r00_v03_c04.mp4,p12,f,train,14
Getup_p12_r07_v05_c05.mp4,p12,f,train,14
Sitdown_p13_r00_v12_c02.mp4,p13,f,train,25
Sitdown_p12_r10_v05_c04.mp4,p12,f,train,25
Drink.Frombottle_p06_r01_v06_c04.mp4,p06,f,train,7
Cook.Stir_p09_r22_v12_c03.mp4,p09,m,train,4
Drink.Fromcup_p03_r05_v01_c05.mp4,p03,m,train,9
Walk_p10_r08_v12_c03.mp4,p10,f,test,30
Drink.Fromcup_p17_r12_v01_c05.mp4,p17,m,train,9
Readbook_p12_r05_v07_c05.mp4,p12,f,train,24
Enter_p03_r03_v19_c04.mp4,p03,m,train,13
Cook.Stir_p09_r09_v13_c06.mp4,p09,m,train,4
Walk_p04_r28_v05_c04.mp4,p04,f,train,30
Uselaptop_p25_r00_v06_c05.mp4,p25,f,train,27
Walk_p15_r07_v04_c05.mp4,p15,m,train,30
Usetelephone_p03_r00_v13_c02.mp4,p03,m,train,29
Pour.Frombottle_p06_r00_v09_c01.mp4,p06,f,train,21
Enter_p19_r00_v03_c04.mp4,p19,f,train,13
Walk_p06_r00_v12_c03.mp4,p06,f,train,30
WatchTV_p18_r04_v08_c05.mp4,p18,m,test,31
Cook.Stir_p18_r01_v15_c03.mp4,p18,m,test,4
Cook.Stir_p19_r02_v12_c06.mp4,p19,f,train,4
Walk_p18_r00_v01_c04.mp4,p18,m,test,30
Walk_p15_r17_v14_c06.mp4,p15,m,train,30
WatchTV_p02_r01_v05_c04.mp4,p02,f,test,31
Walk_p14_r00_v01_c05.mp4,p14,m,test,30
Laydown_p03_r00_v19_c04.mp4,p03,m,train,15
Walk_p03_r42_v02_c04.mp4,p03,m,train,30
Readbook_p06_r00_v15_c02.mp4,p06,f,train,24
Walk_p12_r11_v12_c06.mp4,p12,f,train,30
Cook.Stir_p02_r13_v15_c06.mp4,p02,f,test,4
Walk_p11_r11_v13_c06.mp4,p11,f,test,30
Walk_p12_r16_v07_c05.mp4,p12,f,train,30
Getup_p14_r06_v11_c02.mp4,p14,m,test,14
Getup_p09_r06_v05_c05.mp4,p09,m,train,14
Pour.Frombottle_p17_r02_v09_c02.mp4,p17,m,train,21
Sitdown_p07_r01_v04_c05.mp4,p07,f,train,25
Walk_p15_r05_v14_c07.mp4,p15,m,train,30
Cook.Stir_p17_r07_v14_c03.mp4,p17,m,train,4
Getup_p17_r04_v09_c02.mp4,p17,m,train,14
Walk_p17_r00_v12_c07.mp4,p17,m,train,30
Usetelephone_p03_r00_v06_c04.mp4,p03,m,train,29
Drink.Fromcup_p10_r00_v13_c06.mp4,p10,f,test,9
Walk_p11_r05_v05_c04.mp4,p11,f,test,30
Laydown_p25_r05_v03_c04.mp4,p25,f,train,15
Walk_p04_r13_v17_c03.mp4,p04,f,train,30
Sitdown_p15_r01_v07_c05.mp4,p15,m,train,25
Drink.Fromcup_p14_r02_v09_c02.mp4,p14,m,test,9
Getup_p13_r03_v11_c02.mp4,p13,f,train,14
Takepills_p12_r00_v07_c04.mp4,p12,f,train,26
Cutbread_p06_r00_v07_c02.mp4,p06,f,train,6
Walk_p25_r00_v05_c05.mp4,p25,f,train,30
Enter_p11_r00_v13_c06.mp4,p11,f,test,13
Cook.Cut_p16_r01_v14_c03.mp4,p16,f,test,3
Sitdown_p19_r05_v05_c05.mp4,p19,f,train,25
Readbook_p19_r01_v05_c05.mp4,p19,f,train,24
Cook.Cleandishes_p10_r02_v12_c06.mp4,p10,f,test,1
Cook.Cut_p16_r00_v14_c03.mp4,p16,f,test,3
Laydown_p11_r00_v03_c04.mp4,p11,f,test,15
Walk_p13_r21_v04_c04.mp4,p13,f,train,30
Walk_p11_r25_v04_c04.mp4,p11,f,test,30
Sitdown_p04_r08_v04_c05.mp4,p04,f,train,25
Drink.Frombottle_p12_r01_v14_c05.mp4,p12,f,train,7
Eat.Attable_p20_r15_v08_c01.mp4,p20,f,test,11
Walk_p15_r30_v16_c06.mp4,p15,m,train,30
Enter_p03_r00_v06_c05.mp4,p03,m,train,13
Sitdown_p03_r01_v13_c01.mp4,p03,m,train,25
Walk_p12_r08_v07_c04.mp4,p12,f,train,30
Sitdown_p14_r05_v13_c01.mp4,p14,m,test,25
Usetelephone_p10_r01_v13_c03.mp4,p10,f,test,29
Takepills_p10_r00_v05_c04.mp4,p10,f,test,26
Leave_p03_r00_v06_c05.mp4,p03,m,train,16
Pour.Frombottle_p14_r06_v03_c04.mp4,p14,m,test,21
Drink.Fromcan_p16_r00_v05_c05.mp4,p16,f,test,8
Walk_p15_r13_v02_c05.mp4,p15,m,train,30
Cook.Stir_p13_r01_v23_c06.mp4,p13,f,train,4
Getup_p20_r01_v06_c04.mp4,p20,f,test,14
Drink.Fromcup_p04_r17_v05_c05.mp4,p04,f,train,9
Eat.Attable_p07_r24_v08_c02.mp4,p07,f,train,11
Walk_p17_r10_v05_c05.mp4,p17,m,train,30
WatchTV_p09_r03_v04_c05.mp4,p09,m,train,31
Readbook_p02_r04_v12_c02.mp4,p02,f,test,24
Eat.Attable_p07_r44_v08_c01.mp4,p07,f,train,11
Sitdown_p25_r01_v09_c02.mp4,p25,f,train,25
Usetelephone_p15_r01_v05_c04.mp4,p15,m,train,29
Getup_p13_r04_v10_c02.mp4,p13,f,train,14
Eat.Snack_p03_r01_v15_c03.mp4,p03,m,train,12
Sitdown_p13_r03_v12_c01.mp4,p13,f,train,25
Uselaptop_p03_r01_v07_c04.mp4,p03,m,train,27
Readbook_p09_r00_v02_c05.mp4,p09,m,train,24
Walk_p02_r01_v07_c05.mp4,p02,f,test,30
Sitdown_p15_r03_v10_c02.mp4,p15,m,train,25
Readbook_p16_r12_v06_c02.mp4,p16,f,test,24
Sitdown_p11_r02_v05_c04.mp4,p11,f,test,25
Drink.Fromcan_p12_r00_v07_c05.mp4,p12,f,train,8
Eat.Attable_p09_r25_v08_c01.mp4,p09,m,train,11
Walk_p03_r04_v19_c05.mp4,p03,m,train,30
Walk_p14_r31_v05_c05.mp4,p14,m,test,30
Readbook_p02_r05_v12_c02.mp4,p02,f,test,24
Cook.Stir_p15_r07_v16_c06.mp4,p15,m,train,4
Walk_p25_r23_v04_c04.mp4,p25,f,train,30
Walk_p17_r14_v09_c02.mp4,p17,m,train,30
Pour.Frombottle_p19_r00_v08_c02.mp4,p19,f,train,21
Getup_p02_r04_v07_c04.mp4,p02,f,test,14
Drink.Fromcup_p17_r03_v10_c02.mp4,p17,m,train,9
Walk_p03_r10_v15_c06.mp4,p03,m,train,30
Laydown_p10_r00_v03_c04.mp4,p10,f,test,15
Cook.Cleandishes_p25_r05_v12_c03.mp4,p25,f,train,1
Usetelephone_p03_r02_v12_c02.mp4,p03,m,train,29
Walk_p10_r13_v13_c06.mp4,p10,f,test,30
Drink.Frombottle_p16_r02_v07_c02.mp4,p16,f,test,7
Uselaptop_p25_r01_v04_c05.mp4,p25,f,train,27
Cook.Cleanup_p06_r05_v13_c03.mp4,p06,f,train,2
Walk_p13_r02_v12_c02.mp4,p13,f,train,30
WatchTV_p02_r02_v18_c05.mp4,p02,f,test,31
Drink.Fromcup_p16_r05_v13_c06.mp4,p16,f,test,9
Cook.Cut_p06_r02_v13_c06.mp4,p06,f,train,3
Walk_p20_r16_v06_c05.mp4,p20,f,test,30
WatchTV_p09_r04_v05_c04.mp4,p09,m,train,31
Sitdown_p19_r04_v01_c04.mp4,p19,f,train,25
Walk_p25_r17_v14_c03.mp4,p25,f,train,30
Laydown_p25_r05_v03_c05.mp4,p25,f,train,15
Pour.Frombottle_p02_r00_v06_c05.mp4,p02,f,test,21
Leave_p06_r00_v03_c05.mp4,p06,f,train,16
Eat.Attable_p07_r11_v08_c01.mp4,p07,f,train,11
Walk_p19_r10_v08_c02.mp4,p19,f,train,30
Cook.Stir_p20_r06_v16_c03.mp4,p20,f,test,4
Cook.Stir_p19_r06_v12_c06.mp4,p19,f,train,4
Walk_p11_r00_v13_c03.mp4,p11,f,test,30
Makecoffee.Pourwater_p12_r01_v11_c06.mp4,p12,f,train,18
Sitdown_p04_r02_v13_c01.mp4,p04,f,train,25
Walk_p11_r03_v02_c04.mp4,p11,f,test,30
Usetelephone_p15_r04_v02_c05.mp4,p15,m,train,29
Drink.Fromcan_p06_r01_v04_c05.mp4,p06,f,train,8
Walk_p18_r06_v11_c02.mp4,p18,m,test,30
Cook.Cleanup_p06_r02_v12_c03.mp4,p06,f,train,2
Uselaptop_p14_r00_v08_c04.mp4,p14,m,test,27
Sitdown_p18_r00_v03_c05.mp4,p18,m,test,25
Walk_p04_r07_v17_c06.mp4,p04,f,train,30
Walk_p15_r20_v17_c06.mp4,p15,m,train,30
Cook.Cleandishes_p18_r02_v13_c03.mp4,p18,m,test,1
Walk_p25_r12_v04_c05.mp4,p25,f,train,30
Sitdown_p14_r11_v06_c05.mp4,p14,m,test,25
Walk_p19_r23_v12_c06.mp4,p19,f,train,30
Sitdown_p06_r03_v05_c04.mp4,p06,f,train,25
Cook.Cleanup_p03_r04_v16_c06.mp4,p03,m,train,2
Drink.Fromcup_p03_r06_v06_c04.mp4,p03,m,train,9
Pour.Frombottle_p13_r00_v11_c02.mp4,p13,f,train,21
Takepills_p15_r00_v04_c05.mp4,p15,m,train,26
Walk_p16_r38_v12_c06.mp4,p16,f,test,30
Cook.Cleandishes_p16_r06_v12_c07.mp4,p16,f,test,1
Sitdown_p13_r00_v24_c04.mp4,p13,f,train,25
Cook.Cleandishes_p04_r00_v16_c03.mp4,p04,f,train,1
Drink.Fromcup_p16_r01_v09_c02.mp4,p16,f,test,9
WatchTV_p07_r00_v07_c04.mp4,p07,f,train,31
WatchTV_p06_r11_v03_c04.mp4,p06,f,train,31
Sitdown_p12_r01_v05_c05.mp4,p12,f,train,25
Walk_p12_r20_v06_c05.mp4,p12,f,train,30
Drink.Fromcup_p17_r01_v10_c01.mp4,p17,m,train,9
Leave_p04_r01_v04_c04.mp4,p04,f,train,16
Walk_p11_r04_v06_c04.mp4,p11,f,test,30
Readbook_p03_r17_v02_c04.mp4,p03,m,train,24
Drink.Fromcup_p10_r04_v11_c06.mp4,p10,f,test,9
Leave_p07_r04_v04_c07.mp4,p07,f,train,16
WatchTV_p12_r02_v06_c05.mp4,p12,f,train,31
Uselaptop_p14_r04_v07_c05.mp4,p14,m,test,27
Drink.Fromcup_p02_r05_v14_c06.mp4,p02,f,test,9
Drink.Frombottle_p09_r00_v06_c04.mp4,p09,m,train,7
Readbook_p18_r01_v09_c01.mp4,p18,m,test,24
Drink.Fromcup_p07_r06_v20_c06.mp4,p07,f,train,9
Walk_p07_r01_v21_c06.mp4,p07,f,train,30
Drink.Fromcup_p16_r00_v07_c02.mp4,p16,f,test,9
Walk_p13_r02_v20_c03.mp4,p13,f,train,30
Cook.Cleandishes_p10_r06_v14_c06.mp4,p10,f,test,1
Eat.Attable_p11_r01_v08_c01.mp4,p11,f,test,11
Walk_p10_r06_v13_c07.mp4,p10,f,test,30
Walk_p09_r00_v07_c05.mp4,p09,m,train,30
Eat.Attable_p25_r01_v09_c02.mp4,p25,f,train,11
Drink.Fromcup_p18_r00_v11_c01.mp4,p18,m,test,9
Usetelephone_p03_r01_v16_c06.mp4,p03,m,train,29
Drink.Frombottle_p10_r00_v07_c05.mp4,p10,f,test,7
Walk_p02_r16_v09_c05.mp4,p02,f,test,30
Walk_p10_r01_v11_c03.mp4,p10,f,test,30
Laydown_p14_r02_v02_c05.mp4,p14,m,test,15
Readbook_p03_r03_v03_c05.mp4,p03,m,train,24
WatchTV_p03_r00_v07_c05.mp4,p03,m,train,31
Cook.Cleanup_p15_r00_v16_c06.mp4,p15,m,train,2
Drink.Frombottle_p09_r00_v10_c01.mp4,p09,m,train,7
Walk_p07_r09_v06_c05.mp4,p07,f,train,30
WatchTV_p25_r00_v07_c05.mp4,p25,f,train,31
Walk_p07_r03_v09_c02.mp4,p07,f,train,30
Cook.Stir_p20_r02_v16_c07.mp4,p20,f,test,4
Eat.Snack_p10_r02_v13_c03.mp4,p10,f,test,12
Cook.Stir_p09_r02_v12_c03.mp4,p09,m,train,4
Eat.Snack_p09_r04_v13_c06.mp4,p09,m,train,12
Readbook_p03_r02_v07_c04.mp4,p03,m,train,24
Drink.Fromcan_p03_r08_v02_c04.mp4,p03,m,train,8
Cook.Cleanup_p07_r00_v22_c06.mp4,p07,f,train,2
Enter_p06_r00_v14_c01.mp4,p06,f,train,13
Walk_p18_r01_v11_c01.mp4,p18,m,test,30
Walk_p03_r03_v08_c05.mp4,p03,m,train,30
Drink.Fromcup_p09_r20_v08_c01.mp4,p09,m,train,9
Takepills_p25_r02_v03_c04.mp4,p25,f,train,26
Uselaptop_p15_r01_v11_c01.mp4,p15,m,train,27
Sitdown_p14_r08_v04_c04.mp4,p14,m,test,25
Usetelephone_p10_r00_v11_c06.mp4,p10,f,test,29
Walk_p20_r07_v03_c05.mp4,p20,f,test,30
Sitdown_p20_r02_v06_c04.mp4,p20,f,test,25
Walk_p14_r39_v05_c05.mp4,p14,m,test,30
Readbook_p16_r04_v06_c02.mp4,p16,f,test,24
Walk_p10_r06_v01_c05.mp4,p10,f,test,30
Eat.Snack_p11_r00_v07_c04.mp4,p11,f,test,12
Usetelephone_p19_r02_v01_c04.mp4,p19,f,train,29
Walk_p16_r00_v13_c03.mp4,p16,f,test,30
Sitdown_p09_r06_v03_c04.mp4,p09,m,train,25
Walk_p14_r26_v06_c05.mp4,p14,m,test,30
Cook.Cleanup_p04_r00_v16_c03.mp4,p04,f,train,2
Takepills_p10_r01_v13_c03.mp4,p10,f,test,26
Walk_p19_r12_v10_c02.mp4,p19,f,train,30
Walk_p25_r27_v05_c05.mp4,p25,f,train,30
Cook.Usestove_p09_r14_v12_c06.mp4,p09,m,train,5
Readbook_p16_r00_v04_c04.mp4,p16,f,test,24
Drink.Fromcan_p04_r04_v03_c05.mp4,p04,f,train,8
Drink.Fromcup_p10_r11_v02_c04.mp4,p10,f,test,9
Takepills_p16_r00_v14_c06.mp4,p16,f,test,26
WatchTV_p02_r10_v05_c04.mp4,p02,f,test,31
Walk_p14_r24_v05_c05.mp4,p14,m,test,30
Drink.Fromcup_p25_r02_v01_c05.mp4,p25,f,train,9
Pour.Frombottle_p13_r00_v13_c02.mp4,p13,f,train,21
Getup_p03_r01_v13_c02.mp4,p03,m,train,14
Walk_p03_r21_v04_c05.mp4,p03,m,train,30
Walk_p02_r12_v18_c05.mp4,p02,f,test,30
Walk_p12_r06_v12_c06.mp4,p12,f,train,30
Drink.Fromcup_p03_r12_v04_c04.mp4,p03,m,train,9
Walk_p16_r06_v03_c05.mp4,p16,f,test,30
Eat.Attable_p14_r02_v09_c02.mp4,p14,m,test,11
Walk_p15_r10_v17_c06.mp4,p15,m,train,30
Cook.Cleandishes_p03_r05_v18_c06.mp4,p03,m,train,1
Uselaptop_p03_r06_v03_c04.mp4,p03,m,train,27
Usetelephone_p25_r02_v05_c05.mp4,p25,f,train,29
Cook.Cleandishes_p07_r14_v20_c03.mp4,p07,f,train,1
Drink.Fromcup_p16_r04_v01_c05.mp4,p16,f,test,9
Walk_p17_r25_v05_c05.mp4,p17,m,train,30
Walk_p03_r12_v04_c04.mp4,p03,m,train,30
Sitdown_p03_r07_v07_c05.mp4,p03,m,train,25
Cook.Cut_p16_r01_v15_c06.mp4,p16,f,test,3
Cook.Cleandishes_p10_r02_v13_c06.mp4,p10,f,test,1
Walk_p12_r18_v04_c05.mp4,p12,f,train,30
WatchTV_p19_r07_v05_c05.mp4,p19,f,train,31
Walk_p12_r00_v14_c05.mp4,p12,f,train,30
Drink.Fromcup_p25_r13_v12_c06.mp4,p25,f,train,9
Getup_p07_r00_v05_c05.mp4,p07,f,train,14
Eat.Attable_p04_r02_v08_c02.mp4,p04,f,train,11
Drink.Fromcup_p10_r02_v11_c03.mp4,p10,f,test,9
Drink.Fromcup_p14_r05_v09_c01.mp4,p14,m,test,9
Cook.Stir_p15_r09_v16_c07.mp4,p15,m,train,4
Makecoffee.Pourwater_p16_r01_v12_c03.mp4,p16,f,test,18
Sitdown_p06_r01_v10_c01.mp4,p06,f,train,25
Eat.Attable_p16_r04_v06_c02.mp4,p16,f,test,11
Readbook_p03_r16_v02_c04.mp4,p03,m,train,24
Walk_p17_r17_v03_c05.mp4,p17,m,train,30
Walk_p13_r08_v25_c04.mp4,p13,f,train,30
Eat.Attable_p11_r02_v08_c01.mp4,p11,f,test,11
Readbook_p14_r01_v11_c01.mp4,p14,m,test,24
Walk_p03_r10_v15_c07.mp4,p03,m,train,30
Leave_p09_r00_v05_c04.mp4,p09,m,train,16
Takepills_p17_r01_v04_c05.mp4,p17,m,train,26
Drink.Fromcup_p19_r14_v07_c01.mp4,p19,f,train,9
WatchTV_p06_r12_v03_c04.mp4,p06,f,train,31
Getup_p10_r04_v07_c05.mp4,p10,f,test,14
Cook.Stir_p11_r04_v13_c07.mp4,p11,f,test,4
WatchTV_p19_r04_v05_c05.mp4,p19,f,train,31
Walk_p09_r02_v05_c05.mp4,p09,m,train,30
Sitdown_p14_r05_v11_c02.mp4,p14,m,test,25
Uselaptop_p11_r01_v09_c01.mp4,p11,f,test,27
Eat.Attable_p07_r19_v08_c02.mp4,p07,f,train,11
Leave_p14_r01_v02_c04.mp4,p14,m,test,16
Drink.Fromcup_p25_r03_v01_c04.mp4,p25,f,train,9
Readbook_p03_r00_v06_c05.mp4,p03,m,train,24
WatchTV_p09_r01_v05_c04.mp4,p09,m,train,31
Sitdown_p14_r06_v08_c05.mp4,p14,m,test,25
Drink.Fromcup_p13_r00_v20_c07.mp4,p13,f,train,9
Walk_p16_r00_v14_c03.mp4,p16,f,test,30
Walk_p02_r15_v02_c07.mp4,p02,f,test,30
Takepills_p09_r01_v03_c04.mp4,p09,m,train,26
Sitdown_p06_r02_v10_c02.mp4,p06,f,train,25
Readbook_p19_r00_v03_c04.mp4,p19,f,train,24
Readbook_p13_r00_v10_c01.mp4,p13,f,train,24
Leave_p06_r02_v13_c07.mp4,p06,f,train,16
Walk_p03_r35_v04_c04.mp4,p03,m,train,30
Enter_p17_r01_v03_c04.mp4,p17,m,train,13
Walk_p19_r05_v09_c02.mp4,p19,f,train,30
Getup_p04_r07_v03_c04.mp4,p04,f,train,14
Leave_p06_r04_v15_c01.mp4,p06,f,train,16
Walk_p14_r26_v02_c05.mp4,p14,m,test,30
Drink.Fromcan_p12_r00_v03_c05.mp4,p12,f,train,8
Walk_p17_r15_v02_c05.mp4,p17,m,train,30
Getup_p09_r03_v09_c01.mp4,p09,m,train,14
Drink.Fromcup_p03_r02_v10_c01.mp4,p03,m,train,9
Sitdown_p12_r05_v06_c05.mp4,p12,f,train,25
Getup_p14_r12_v05_c05.mp4,p14,m,test,14
Cook.Cleanup_p03_r04_v18_c07.mp4,p03,m,train,2
Sitdown_p12_r09_v04_c05.mp4,p12,f,train,25
Drink.Fromcup_p19_r00_v05_c04.mp4,p19,f,train,9
Drink.Fromcup_p19_r12_v08_c01.mp4,p19,f,train,9
Drink.Fromcup_p16_r11_v12_c06.mp4,p16,f,test,9
Drink.Frombottle_p14_r02_v06_c05.mp4,p14,m,test,7
Leave_p17_r00_v04_c04.mp4,p17,m,train,16
Walk_p13_r02_v23_c06.mp4,p13,f,train,30
Pour.Frombottle_p25_r00_v05_c05.mp4,p25,f,train,21
Readbook_p15_r02_v01_c05.mp4,p15,m,train,24
Pour.Fromcan_p13_r01_v11_c01.mp4,p13,f,train,22
Takepills_p25_r02_v05_c05.mp4,p25,f,train,26
Drink.Fromcup_p02_r09_v11_c01.mp4,p02,f,test,9
Laydown_p03_r03_v19_c05.mp4,p03,m,train,15
Walk_p18_r10_v05_c05.mp4,p18,m,test,30
WatchTV_p25_r10_v01_c05.mp4,p25,f,train,31
Readbook_p02_r06_v04_c04.mp4,p02,f,test,24
Drink.Fromcup_p04_r06_v05_c04.mp4,p04,f,train,9
Drink.Fromcan_p25_r03_v15_c06.mp4,p25,f,train,8
Laydown_p16_r01_v05_c04.mp4,p16,f,test,15
Drink.Fromcup_p20_r04_v02_c04.mp4,p20,f,test,9
Walk_p20_r04_v16_c07.mp4,p20,f,test,30
WatchTV_p25_r06_v01_c05.mp4,p25,f,train,31
Cook.Cleandishes_p09_r03_v13_c03.mp4,p09,m,train,1
Usetelephone_p09_r00_v06_c05.mp4,p09,m,train,29
Laydown_p25_r02_v05_c04.mp4,p25,f,train,15
Maketea.Boilwater_p07_r00_v22_c03.mp4,p07,f,train,19
Walk_p12_r05_v13_c07.mp4,p12,f,train,30
Cook.Stir_p20_r04_v15_c07.mp4,p20,f,test,4
Walk_p19_r13_v12_c06.mp4,p19,f,train,30
Readbook_p19_r07_v08_c02.mp4,p19,f,train,24
Pour.Fromkettle_p04_r00_v15_c03.mp4,p04,f,train,23
Uselaptop_p02_r00_v12_c02.mp4,p02,f,test,27
Walk_p15_r07_v17_c03.mp4,p15,m,train,30
Drink.Fromcup_p12_r06_v07_c04.mp4,p12,f,train,9
Leave_p10_r02_v13_c07.mp4,p10,f,test,16
Walk_p07_r02_v07_c05.mp4,p07,f,train,30
Walk_p14_r09_v11_c02.mp4,p14,m,test,30
Getup_p09_r01_v11_c01.mp4,p09,m,train,14
Drink.Fromcup_p07_r12_v21_c06.mp4,p07,f,train,9
Eat.Attable_p06_r02_v07_c02.mp4,p06,f,train,11
Eat.Snack_p06_r06_v06_c05.mp4,p06,f,train,12
Sitdown_p14_r08_v10_c01.mp4,p14,m,test,25
Pour.Frombottle_p06_r00_v12_c03.mp4,p06,f,train,21
Walk_p07_r04_v07_c04.mp4,p07,f,train,30
Walk_p07_r03_v01_c05.mp4,p07,f,train,30
Drink.Fromcup_p25_r05_v12_c03.mp4,p25,f,train,9
Sitdown_p07_r00_v08_c02.mp4,p07,f,train,25
Usetablet_p06_r00_v27_c01.mp4,p06,f,train,28
Walk_p15_r15_v11_c02.mp4,p15,m,train,30
Drink.Fromcup_p16_r04_v06_c02.mp4,p16,f,test,9
Pour.Frombottle_p04_r01_v06_c04.mp4,p04,f,train,21
Walk_p13_r01_v10_c02.mp4,p13,f,train,30
Pour.Frombottle_p17_r03_v03_c05.mp4,p17,m,train,21
Getup_p20_r00_v06_c04.mp4,p20,f,test,14
Walk_p14_r08_v13_c02.mp4,p14,m,test,30
Walk_p17_r06_v11_c03.mp4,p17,m,train,30
Eat.Attable_p04_r20_v08_c02.mp4,p04,f,train,11
WatchTV_p03_r09_v07_c04.mp4,p03,m,train,31
Cook.Cleandishes_p25_r01_v12_c03.mp4,p25,f,train,1
Getup_p14_r02_v04_c04.mp4,p14,m,test,14
Readbook_p06_r00_v11_c01.mp4,p06,f,train,24
Walk_p02_r45_v15_c06.mp4,p02,f,test,30
Readbook_p25_r03_v11_c02.mp4,p25,f,train,24
Walk_p10_r02_v01_c05.mp4,p10,f,test,30
Eat.Snack_p09_r02_v13_c06.mp4,p09,m,train,12
Sitdown_p14_r03_v04_c05.mp4,p14,m,test,25
Sitdown_p16_r02_v04_c05.mp4,p16,f,test,25
Drink.Fromglass_p25_r01_v09_c01.mp4,p25,f,train,10
Eat.Attable_p13_r14_v19_c01.mp4,p13,f,train,11
Takepills_p14_r01_v07_c05.mp4,p14,m,test,26
Pour.Frombottle_p25_r01_v11_c02.mp4,p25,f,train,21
Getup_p14_r02_v11_c01.mp4,p14,m,test,14
Makecoffee.Pourgrains_p15_r00_v13_c03.mp4,p15,m,train,17
Sitdown_p19_r04_v02_c04.mp4,p19,f,train,25
Drink.Fromcup_p17_r03_v02_c04.mp4,p17,m,train,9
Walk_p15_r04_v07_c05.mp4,p15,m,train,30
Pour.Frombottle_p03_r03_v06_c05.mp4,p03,m,train,21
Walk_p12_r04_v06_c04.mp4,p12,f,train,30
Walk_p25_r06_v12_c07.mp4,p25,f,train,30
Walk_p15_r04_v06_c05.mp4,p15,m,train,30
Walk_p12_r17_v06_c05.mp4,p12,f,train,30
Walk_p12_r02_v07_c05.mp4,p12,f,train,30
Uselaptop_p14_r06_v02_c05.mp4,p14,m,test,27
WatchTV_p17_r06_v02_c05.mp4,p17,m,train,31
Pour.Fromkettle_p17_r00_v12_c06.mp4,p17,m,train,23
Walk_p15_r01_v09_c01.mp4,p15,m,train,30
Walk_p02_r48_v15_c06.mp4,p02,f,test,30
Drink.Fromcup_p07_r03_v21_c06.mp4,p07,f,train,9
Getup_p15_r02_v05_c05.mp4,p15,m,train,14
Cook.Cleandishes_p03_r01_v16_c03.mp4,p03,m,train,1
Getup_p10_r11_v01_c05.mp4,p10,f,test,14
Readbook_p25_r01_v07_c04.mp4,p25,f,train,24
Walk_p04_r04_v04_c05.mp4,p04,f,train,30
Getup_p10_r01_v06_c04.mp4,p10,f,test,14
Drink.Fromcup_p09_r05_v15_c06.mp4,p09,m,train,9
Eat.Snack_p10_r02_v13_c06.mp4,p10,f,test,12
Laydown_p15_r00_v05_c04.mp4,p15,m,train,15
Walk_p19_r10_v13_c06.mp4,p19,f,train,30
Walk_p03_r01_v12_c01.mp4,p03,m,train,30
Drink.Fromcup_p03_r01_v02_c04.mp4,p03,m,train,9
Readbook_p14_r02_v04_c05.mp4,p14,m,test,24
Usetelephone_p13_r00_v11_c02.mp4,p13,f,train,29
Walk_p19_r10_v12_c06.mp4,p19,f,train,30
Walk_p06_r00_v03_c05.mp4,p06,f,train,30
Cook.Cleandishes_p10_r03_v12_c06.mp4,p10,f,test,1
Usetelephone_p15_r01_v11_c02.mp4,p15,m,train,29
Walk_p03_r22_v03_c04.mp4,p03,m,train,30
Readbook_p03_r00_v15_c07.mp4,p03,m,train,24
Pour.Frombottle_p25_r00_v11_c01.mp4,p25,f,train,21
Drink.Fromcup_p19_r04_v10_c02.mp4,p19,f,train,9
Walk_p14_r52_v05_c05.mp4,p14,m,test,30
Walk_p19_r13_v03_c05.mp4,p19,f,train,30
Drink.Frombottle_p16_r01_v04_c04.mp4,p16,f,test,7
Drink.Fromglass_p03_r02_v19_c04.mp4,p03,m,train,10
Walk_p03_r02_v15_c07.mp4,p03,m,train,30
Eat.Attable_p02_r06_v11_c01.mp4,p02,f,test,11
WatchTV_p19_r02_v05_c05.mp4,p19,f,train,31
Sitdown_p10_r04_v01_c04.mp4,p10,f,test,25
Sitdown_p17_r02_v10_c02.mp4,p17,m,train,25
Walk_p15_r12_v16_c07.mp4,p15,m,train,30
Pour.Fromkettle_p10_r00_v11_c03.mp4,p10,f,test,23
Walk_p09_r01_v07_c04.mp4,p09,m,train,30
Leave_p09_r01_v08_c01.mp4,p09,m,train,16
Drink.Frombottle_p02_r02_v12_c02.mp4,p02,f,test,7
Usetelephone_p04_r02_v06_c05.mp4,p04,f,train,29
Walk_p14_r03_v15_c07.mp4,p14,m,test,30
Cook.Stir_p02_r02_v14_c03.mp4,p02,f,test,4
Walk_p09_r05_v12_c07.mp4,p09,m,train,30
Walk_p15_r04_v06_c04.mp4,p15,m,train,30
WatchTV_p12_r11_v05_c05.mp4,p12,f,train,31
WatchTV_p04_r00_v07_c04.mp4,p04,f,train,31
Walk_p20_r13_v06_c05.mp4,p20,f,test,30
Walk_p20_r05_v13_c07.mp4,p20,f,test,30
Pour.Frombottle_p25_r01_v03_c05.mp4,p25,f,train,21
Eat.Attable_p04_r20_v08_c01.mp4,p04,f,train,11
Cook.Cleandishes_p07_r13_v06_c03.mp4,p07,f,train,1
Enter_p25_r00_v05_c05.mp4,p25,f,train,13
Drink.Fromcup_p04_r00_v08_c01.mp4,p04,f,train,9
Walk_p25_r18_v14_c06.mp4,p25,f,train,30
Walk_p03_r24_v04_c05.mp4,p03,m,train,30
Walk_p12_r01_v05_c05.mp4,p12,f,train,30
WatchTV_p07_r07_v06_c05.mp4,p07,f,train,31
Walk_p09_r01_v05_c04.mp4,p09,m,train,30
Walk_p15_r07_v06_c05.mp4,p15,m,train,30
Usetablet_p03_r01_v06_c05.mp4,p03,m,train,28
Makecoffee.Pourwater_p15_r00_v17_c03.mp4,p15,m,train,18
Usetelephone_p16_r00_v03_c04.mp4,p16,f,test,29
Drink.Fromcup_p19_r02_v05_c05.mp4,p19,f,train,9
Cook.Cleanup_p04_r03_v14_c07.mp4,p04,f,train,2
Cook.Stir_p09_r07_v12_c06.mp4,p09,m,train,4
Usetelephone_p12_r01_v01_c04.mp4,p12,f,train,29
Sitdown_p06_r05_v09_c02.mp4,p06,f,train,25
Cook.Cut_p17_r06_v14_c06.mp4,p17,m,train,3
Sitdown_p19_r01_v10_c01.mp4,p19,f,train,25
Getup_p14_r05_v12_c02.mp4,p14,m,test,14
Cook.Stir_p16_r04_v15_c03.mp4,p16,f,test,4
Eat.Attable_p02_r12_v11_c02.mp4,p02,f,test,11
Drink.Frombottle_p16_r00_v04_c04.mp4,p16,f,test,7
Pour.Frombottle_p17_r01_v03_c05.mp4,p17,m,train,21
Drink.Fromcup_p13_r07_v21_c03.mp4,p13,f,train,9
Cook.Stir_p17_r00_v14_c03.mp4,p17,m,train,4
Cook.Stir_p12_r03_v12_c07.mp4,p12,f,train,4
Cook.Usestove_p07_r00_v21_c07.mp4,p07,f,train,5
Drink.Fromcup_p03_r00_v02_c04.mp4,p03,m,train,9
Uselaptop_p14_r06_v05_c05.mp4,p14,m,test,27
Drink.Fromcup_p15_r03_v01_c05.mp4,p15,m,train,9
Walk_p07_r07_v07_c05.mp4,p07,f,train,30
Drink.Fromcup_p13_r05_v21_c07.mp4,p13,f,train,9
Pour.Frombottle_p03_r04_v06_c04.mp4,p03,m,train,21
Getup_p06_r01_v11_c01.mp4,p06,f,train,14
Drink.Fromcup_p17_r07_v01_c04.mp4,p17,m,train,9
Walk_p03_r07_v04_c05.mp4,p03,m,train,30
Cook.Cut_p02_r06_v15_c06.mp4,p02,f,test,3
Sitdown_p06_r03_v11_c01.mp4,p06,f,train,25
Walk_p06_r05_v05_c04.mp4,p06,f,train,30
Walk_p14_r04_v14_c06.mp4,p14,m,test,30
Walk_p14_r05_v11_c02.mp4,p14,m,test,30
Walk_p02_r09_v08_c05.mp4,p02,f,test,30
Walk_p02_r00_v09_c05.mp4,p02,f,test,30
Drink.Frombottle_p06_r05_v06_c05.mp4,p06,f,train,7
Drink.Fromcan_p14_r00_v06_c04.mp4,p14,m,test,8
Laydown_p02_r00_v07_c04.mp4,p02,f,test,15
Drink.Fromcup_p25_r09_v01_c04.mp4,p25,f,train,9
Cook.Cleandishes_p10_r01_v14_c03.mp4,p10,f,test,1
Eat.Attable_p11_r14_v08_c01.mp4,p11,f,test,11
Cutbread_p11_r00_v08_c01.mp4,p11,f,test,6
Drink.Fromcup_p25_r02_v10_c02.mp4,p25,f,train,9
Walk_p12_r18_v07_c04.mp4,p12,f,train,30
Walk_p25_r00_v14_c06.mp4,p25,f,train,30
Eat.Attable_p06_r12_v07_c02.mp4,p06,f,train,11
Drink.Fromcup_p15_r01_v14_c03.mp4,p15,m,train,9
Usetelephone_p09_r00_v10_c01.mp4,p09,m,train,29
Readbook_p13_r04_v11_c02.mp4,p13,f,train,24
Walk_p15_r10_v08_c02.mp4,p15,m,train,30
Maketea.Insertteabag_p17_r00_v13_c03.mp4,p17,m,train,20
Drink.Fromcup_p03_r02_v12_c02.mp4,p03,m,train,9
Cook.Stir_p09_r05_v13_c06.mp4,p09,m,train,4
Leave_p09_r01_v06_c05.mp4,p09,m,train,16
Leave_p03_r02_v18_c06.mp4,p03,m,train,16
Sitdown_p14_r15_v05_c05.mp4,p14,m,test,25
Getup_p18_r00_v01_c04.mp4,p18,m,test,14
Cook.Stir_p10_r02_v12_c03.mp4,p10,f,test,4
Sitdown_p14_r06_v02_c05.mp4,p14,m,test,25
Cook.Cut_p04_r01_v17_c03.mp4,p04,f,train,3
Takepills_p12_r00_v05_c05.mp4,p12,f,train,26
Drink.Fromcup_p02_r03_v17_c05.mp4,p02,f,test,9
Walk_p19_r09_v11_c06.mp4,p19,f,train,30
Usetelephone_p03_r01_v19_c04.mp4,p03,m,train,29
Walk_p17_r20_v12_c03.mp4,p17,m,train,30
Cook.Stir_p15_r07_v16_c07.mp4,p15,m,train,4
Takepills_p06_r01_v12_c06.mp4,p06,f,train,26
Uselaptop_p14_r07_v05_c05.mp4,p14,m,test,27
WatchTV_p19_r01_v02_c05.mp4,p19,f,train,31
Walk_p14_r01_v04_c05.mp4,p14,m,test,30
Readbook_p19_r07_v01_c05.mp4,p19,f,train,24
Eat.Snack_p16_r00_v09_c02.mp4,p16,f,test,12
Pour.Frombottle_p25_r00_v09_c02.mp4,p25,f,train,21
Drink.Fromcup_p10_r02_v07_c05.mp4,p10,f,test,9
Enter_p17_r00_v03_c05.mp4,p17,m,train,13
Walk_p02_r06_v08_c05.mp4,p02,f,test,30
WatchTV_p14_r09_v06_c05.mp4,p14,m,test,31
Enter_p06_r01_v15_c01.mp4,p06,f,train,13
Drink.Fromcup_p13_r05_v11_c01.mp4,p13,f,train,9
Enter_p07_r02_v05_c05.mp4,p07,f,train,13
Cook.Stir_p16_r00_v15_c07.mp4,p16,f,test,4
Cook.Cleanup_p15_r09_v13_c06.mp4,p15,m,train,2
Drink.Fromcup_p14_r01_v04_c05.mp4,p14,m,test,9
Cook.Cleandishes_p10_r01_v14_c06.mp4,p10,f,test,1
Walk_p04_r03_v16_c03.mp4,p04,f,train,30
Eat.Attable_p04_r08_v08_c01.mp4,p04,f,train,11
Drink.Fromcup_p06_r00_v27_c01.mp4,p06,f,train,9
Eat.Attable_p13_r19_v08_c02.mp4,p13,f,train,11
Uselaptop_p11_r00_v10_c01.mp4,p11,f,test,27
Walk_p13_r11_v25_c04.mp4,p13,f,train,30
WatchTV_p12_r00_v04_c05.mp4,p12,f,train,31
Usetelephone_p09_r01_v10_c01.mp4,p09,m,train,29
Walk_p16_r04_v07_c02.mp4,p16,f,test,30
Makecoffee.Pourgrains_p10_r00_v11_c03.mp4,p10,f,test,17
Walk_p25_r11_v14_c03.mp4,p25,f,train,30
Walk_p03_r04_v16_c06.mp4,p03,m,train,30
Cook.Cut_p25_r00_v16_c06.mp4,p25,f,train,3
Eat.Attable_p18_r21_v09_c02.mp4,p18,m,test,11
WatchTV_p19_r04_v02_c05.mp4,p19,f,train,31
Cook.Cleanup_p09_r07_v13_c06.mp4,p09,m,train,2
Walk_p06_r04_v13_c06.mp4,p06,f,train,30
Usetelephone_p03_r04_v02_c04.mp4,p03,m,train,29
Eat.Attable_p13_r32_v19_c01.mp4,p13,f,train,11
Walk_p20_r06_v13_c07.mp4,p20,f,test,30
Getup_p12_r03_v06_c05.mp4,p12,f,train,14
Walk_p14_r04_v07_c04.mp4,p14,m,test,30
Walk_p16_r26_v12_c06.mp4,p16,f,test,30
Drink.Fromcup_p25_r09_v12_c06.mp4,p25,f,train,9
Pour.Frombottle_p10_r00_v07_c05.mp4,p10,f,test,21
WatchTV_p06_r06_v02_c04.mp4,p06,f,train,31
WatchTV_p02_r04_v05_c05.mp4,p02,f,test,31
WatchTV_p12_r14_v02_c05.mp4,p12,f,train,31
Cook.Stir_p18_r02_v15_c07.mp4,p18,m,test,4
Walk_p02_r00_v02_c07.mp4,p02,f,test,30
Walk_p07_r02_v03_c03.mp4,p07,f,train,30
WatchTV_p20_r04_v04_c05.mp4,p20,f,test,31
Cook.Stir_p10_r04_v12_c03.mp4,p10,f,test,4
Readbook_p06_r01_v27_c01.mp4,p06,f,train,24
Drink.Frombottle_p04_r00_v06_c05.mp4,p04,f,train,7
Takepills_p03_r00_v18_c03.mp4,p03,m,train,26
Walk_p15_r16_v02_c05.mp4,p15,m,train,30
Sitdown_p25_r06_v06_c04.mp4,p25,f,train,25
Cook.Cleandishes_p10_r00_v12_c06.mp4,p10,f,test,1
Walk_p14_r02_v13_c02.mp4,p14,m,test,30
Walk_p02_r20_v02_c07.mp4,p02,f,test,30
Walk_p25_r11_v12_c07.mp4,p25,f,train,30
Eat.Attable_p09_r06_v09_c01.mp4,p09,m,train,11
Getup_p09_r06_v03_c04.mp4,p09,m,train,14
Sitdown_p19_r04_v02_c05.mp4,p19,f,train,25
Maketea.Insertteabag_p15_r02_v14_c07.mp4,p15,m,train,20
Cutbread_p16_r00_v06_c01.mp4,p16,f,test,6
Drink.Frombottle_p14_r03_v10_c01.mp4,p14,m,test,7
Walk_p07_r02_v04_c05.mp4,p07,f,train,30
Walk_p20_r05_v15_c07.mp4,p20,f,test,30
Readbook_p02_r02_v18_c05.mp4,p02,f,test,24
Uselaptop_p25_r04_v04_c05.mp4,p25,f,train,27
Sitdown_p02_r00_v08_c05.mp4,p02,f,test,25
Walk_p14_r01_v05_c05.mp4,p14,m,test,30
Pour.Fromkettle_p09_r00_v16_c03.mp4,p09,m,train,23
Walk_p04_r00_v05_c05.mp4,p04,f,train,30
Readbook_p13_r06_v11_c02.mp4,p13,f,train,24
Walk_p19_r03_v09_c02.mp4,p19,f,train,30
Pour.Frombottle_p02_r00_v18_c05.mp4,p02,f,test,21
Eat.Snack_p19_r00_v10_c02.mp4,p19,f,train,12
Walk_p16_r06_v12_c03.mp4,p16,f,test,30
Drink.Fromcan_p12_r00_v07_c04.mp4,p12,f,train,8
Eat.Snack_p06_r01_v11_c02.mp4,p06,f,train,12
Walk_p04_r05_v05_c04.mp4,p04,f,train,30
Walk_p15_r08_v02_c05.mp4,p15,m,train,30
Uselaptop_p19_r00_v03_c04.mp4,p19,f,train,27
Walk_p15_r15_v15_c06.mp4,p15,m,train,30
Sitdown_p14_r08_v07_c04.mp4,p14,m,test,25
Drink.Fromcup_p04_r05_v01_c05.mp4,p04,f,train,9
WatchTV_p14_r04_v03_c05.mp4,p14,m,test,31
WatchTV_p19_r00_v02_c05.mp4,p19,f,train,31
Walk_p02_r10_v01_c07.mp4,p02,f,test,30
Drink.Fromcup_p18_r00_v11_c02.mp4,p18,m,test,9
Cook.Cut_p06_r02_v13_c07.mp4,p06,f,train,3
Walk_p09_r00_v05_c05.mp4,p09,m,train,30
Walk_p09_r00_v14_c07.mp4,p09,m,train,30
Walk_p14_r05_v13_c02.mp4,p14,m,test,30
Getup_p03_r11_v06_c05.mp4,p03,m,train,14
Drink.Fromcan_p12_r02_v07_c05.mp4,p12,f,train,8
Enter_p17_r01_v05_c05.mp4,p17,m,train,13
Drink.Fromcup_p19_r06_v11_c06.mp4,p19,f,train,9
Readbook_p03_r03_v03_c04.mp4,p03,m,train,24
Pour.Frombottle_p14_r07_v03_c04.mp4,p14,m,test,21
Pour.Frombottle_p19_r00_v09_c01.mp4,p19,f,train,21
Getup_p03_r00_v19_c05.mp4,p03,m,train,14
Pour.Fromcan_p20_r00_v07_c05.mp4,p20,f,test,22
Walk_p09_r00_v15_c06.mp4,p09,m,train,30
Usetelephone_p13_r01_v13_c02.mp4,p13,f,train,29
Uselaptop_p10_r03_v02_c04.mp4,p10,f,test,27
Drink.Fromcup_p17_r00_v12_c06.mp4,p17,m,train,9
Getup_p14_r16_v06_c04.mp4,p14,m,test,14
Cook.Cleandishes_p07_r11_v06_c06.mp4,p07,f,train,1
Drink.Fromcup_p09_r00_v06_c04.mp4,p09,m,train,9
WatchTV_p03_r00_v07_c04.mp4,p03,m,train,31
Eat.Attable_p09_r13_v08_c01.mp4,p09,m,train,11
Readbook_p10_r02_v01_c04.mp4,p10,f,test,24
Walk_p19_r07_v13_c06.mp4,p19,f,train,30
Eat.Attable_p16_r15_v06_c02.mp4,p16,f,test,11
Walk_p03_r00_v12_c01.mp4,p03,m,train,30
Cook.Stir_p19_r03_v12_c03.mp4,p19,f,train,4
Drink.Fromcan_p03_r02_v07_c05.mp4,p03,m,train,8
Drink.Fromcup_p19_r01_v14_c03.mp4,p19,f,train,9
Drink.Fromcan_p16_r01_v14_c06.mp4,p16,f,test,8
Walk_p03_r00_v05_c04.mp4,p03,m,train,30
Walk_p04_r06_v15_c07.mp4,p04,f,train,30
Uselaptop_p14_r01_v04_c05.mp4,p14,m,test,27
Pour.Frombottle_p10_r09_v10_c01.mp4,p10,f,test,21
Walk_p15_r07_v08_c02.mp4,p15,m,train,30
Makecoffee.Pourgrains_p03_r00_v16_c03.mp4,p03,m,train,17
Leave_p03_r00_v06_c04.mp4,p03,m,train,16
Walk_p16_r02_v06_c02.mp4,p16,f,test,30
Walk_p12_r04_v13_c06.mp4,p12,f,train,30
Makecoffee.Pourwater_p15_r00_v13_c03.mp4,p15,m,train,18
WatchTV_p04_r03_v03_c04.mp4,p04,f,train,31
Walk_p25_r01_v17_c02.mp4,p25,f,train,30
Readbook_p18_r00_v01_c04.mp4,p18,m,test,24
Walk_p17_r04_v02_c05.mp4,p17,m,train,30
Getup_p07_r00_v07_c04.mp4,p07,f,train,14
Drink.Fromcup_p10_r05_v05_c04.mp4,p10,f,test,9
Readbook_p04_r07_v01_c04.mp4,p04,f,train,24
Walk_p17_r27_v03_c05.mp4,p17,m,train,30
Walk_p12_r04_v05_c04.mp4,p12,f,train,30
Enter_p07_r00_v05_c05.mp4,p07,f,train,13
Getup_p17_r07_v09_c01.mp4,p17,m,train,14
Drink.Fromcan_p06_r01_v04_c04.mp4,p06,f,train,8
Sitdown_p18_r00_v03_c04.mp4,p18,m,test,25
Walk_p13_r04_v20_c07.mp4,p13,f,train,30
Cook.Cleandishes_p07_r17_v20_c03.mp4,p07,f,train,1
Drink.Frombottle_p12_r03_v04_c05.mp4,p12,f,train,7
Walk_p17_r07_v08_c02.mp4,p17,m,train,30
Eat.Attable_p04_r24_v08_c01.mp4,p04,f,train,11
Sitdown_p06_r04_v06_c05.mp4,p06,f,train,25
Usetelephone_p15_r00_v11_c02.mp4,p15,m,train,29
Walk_p14_r02_v06_c05.mp4,p14,m,test,30
Getup_p25_r03_v06_c04.mp4,p25,f,train,14
Walk_p02_r21_v02_c07.mp4,p02,f,test,30
Walk_p12_r05_v02_c04.mp4,p12,f,train,30
Walk_p19_r09_v09_c02.mp4,p19,f,train,30
Walk_p16_r01_v15_c03.mp4,p16,f,test,30
Walk_p12_r09_v01_c04.mp4,p12,f,train,30
Getup_p09_r01_v04_c05.mp4,p09,m,train,14
Readbook_p11_r08_v01_c04.mp4,p11,f,test,24
Walk_p19_r06_v09_c02.mp4,p19,f,train,30
Walk_p12_r29_v06_c04.mp4,p12,f,train,30
Getup_p14_r10_v10_c01.mp4,p14,m,test,14
Sitdown_p17_r02_v04_c04.mp4,p17,m,train,25
Walk_p12_r29_v04_c05.mp4,p12,f,train,30
Takepills_p14_r00_v11_c02.mp4,p14,m,test,26
Cook.Cleanup_p04_r03_v18_c03.mp4,p04,f,train,2
Sitdown_p14_r02_v07_c04.mp4,p14,m,test,25
Getup_p04_r04_v04_c04.mp4,p04,f,train,14
Drink.Fromcup_p18_r10_v12_c02.mp4,p18,m,test,9
Drink.Fromcan_p14_r03_v10_c01.mp4,p14,m,test,8
Walk_p25_r21_v04_c04.mp4,p25,f,train,30
Eat.Attable_p07_r41_v08_c01.mp4,p07,f,train,11
Walk_p16_r11_v08_c02.mp4,p16,f,test,30
Enter_p04_r01_v14_c06.mp4,p04,f,train,13
Sitdown_p11_r06_v04_c04.mp4,p11,f,test,25
Cook.Cut_p02_r03_v14_c03.mp4,p02,f,test,3
Leave_p09_r03_v12_c03.mp4,p09,m,train,16
Cook.Stir_p25_r06_v16_c07.mp4,p25,f,train,4
Usetelephone_p10_r02_v06_c05.mp4,p10,f,test,29
Uselaptop_p12_r03_v02_c04.mp4,p12,f,train,27
Walk_p12_r19_v07_c04.mp4,p12,f,train,30
Sitdown_p14_r08_v01_c04.mp4,p14,m,test,25
Usetelephone_p11_r00_v09_c01.mp4,p11,f,test,29
Walk_p19_r08_v08_c02.mp4,p19,f,train,30
Pour.Frombottle_p04_r01_v06_c05.mp4,p04,f,train,21
Enter_p12_r00_v06_c04.mp4,p12,f,train,13
Uselaptop_p02_r08_v12_c02.mp4,p02,f,test,27
Getup_p10_r09_v10_c01.mp4,p10,f,test,14
Readbook_p17_r01_v05_c04.mp4,p17,m,train,24
Walk_p09_r01_v15_c06.mp4,p09,m,train,30
Uselaptop_p17_r08_v08_c01.mp4,p17,m,train,27
Walk_p12_r00_v06_c05.mp4,p12,f,train,30
Usetelephone_p13_r01_v05_c04.mp4,p13,f,train,29
Walk_p04_r10_v15_c03.mp4,p04,f,train,30
WatchTV_p06_r01_v02_c05.mp4,p06,f,train,31
WatchTV_p10_r02_v07_c05.mp4,p10,f,test,31
Sitdown_p06_r05_v06_c05.mp4,p06,f,train,25
Walk_p07_r02_v07_c04.mp4,p07,f,train,30
Drink.Fromcup_p17_r00_v11_c03.mp4,p17,m,train,9
Walk_p12_r11_v05_c04.mp4,p12,f,train,30
Sitdown_p14_r08_v05_c05.mp4,p14,m,test,25
Pour.Fromcan_p14_r00_v08_c04.mp4,p14,m,test,22
WatchTV_p09_r01_v05_c05.mp4,p09,m,train,31
Walk_p09_r01_v13_c07.mp4,p09,m,train,30
Drink.Frombottle_p03_r11_v03_c04.mp4,p03,m,train,7
Walk_p14_r03_v08_c04.mp4,p14,m,test,30
Pour.Fromcan_p12_r01_v03_c04.mp4,p12,f,train,22
Laydown_p25_r06_v05_c04.mp4,p25,f,train,15
Drink.Fromcan_p14_r03_v04_c04.mp4,p14,m,test,8
WatchTV_p03_r03_v03_c05.mp4,p03,m,train,31
Walk_p17_r16_v10_c02.mp4,p17,m,train,30
Cook.Cleanup_p17_r03_v15_c03.mp4,p17,m,train,2
Makecoffee.Pourwater_p15_r01_v13_c03.mp4,p15,m,train,18
Drink.Fromcup_p07_r13_v21_c06.mp4,p07,f,train,9
Sitdown_p10_r11_v07_c04.mp4,p10,f,test,25
Walk_p15_r09_v03_c05.mp4,p15,m,train,30
Takepills_p03_r01_v18_c03.mp4,p03,m,train,26
Eat.Snack_p19_r02_v09_c02.mp4,p19,f,train,12
Drink.Fromglass_p03_r01_v19_c04.mp4,p03,m,train,10
Walk_p17_r05_v11_c07.mp4,p17,m,train,30
Cook.Stir_p02_r05_v14_c03.mp4,p02,f,test,4
Getup_p19_r01_v09_c02.mp4,p19,f,train,14
Cook.Cleandishes_p10_r06_v11_c03.mp4,p10,f,test,1
Leave_p17_r01_v05_c05.mp4,p17,m,train,16
Readbook_p14_r03_v04_c04.mp4,p14,m,test,24
Walk_p10_r00_v11_c06.mp4,p10,f,test,30
Enter_p17_r02_v05_c05.mp4,p17,m,train,13
Walk_p18_r06_v15_c07.mp4,p18,m,test,30
Sitdown_p14_r02_v11_c02.mp4,p14,m,test,25
Walk_p12_r20_v06_c04.mp4,p12,f,train,30
Readbook_p06_r01_v14_c01.mp4,p06,f,train,24
Uselaptop_p10_r08_v10_c01.mp4,p10,f,test,27
Leave_p17_r00_v05_c05.mp4,p17,m,train,16
Cook.Stir_p15_r05_v16_c07.mp4,p15,m,train,4
Drink.Frombottle_p06_r00_v06_c04.mp4,p06,f,train,7
Readbook_p11_r01_v04_c04.mp4,p11,f,test,24
Drink.Fromcup_p19_r05_v09_c01.mp4,p19,f,train,9
Cook.Stir_p02_r15_v15_c06.mp4,p02,f,test,4
Drink.Fromcup_p12_r00_v12_c07.mp4,p12,f,train,9
Drink.Fromcan_p12_r01_v06_c05.mp4,p12,f,train,8
Walk_p15_r01_v15_c06.mp4,p15,m,train,30
Sitdown_p16_r01_v09_c01.mp4,p16,f,test,25
Walk_p03_r02_v05_c04.mp4,p03,m,train,30
Walk_p09_r01_v04_c05.mp4,p09,m,train,30
Getup_p04_r08_v04_c04.mp4,p04,f,train,14
Makecoffee.Pourwater_p17_r00_v11_c06.mp4,p17,m,train,18
Walk_p19_r02_v12_c06.mp4,p19,f,train,30
Cook.Stir_p25_r08_v16_c06.mp4,p25,f,train,4
Usetelephone_p19_r02_v01_c05.mp4,p19,f,train,29
Sitdown_p13_r03_v13_c01.mp4,p13,f,train,25
Sitdown_p14_r03_v11_c02.mp4,p14,m,test,25
Readbook_p17_r04_v09_c01.mp4,p17,m,train,24
Enter_p06_r02_v26_c01.mp4,p06,f,train,13
Laydown_p25_r01_v05_c05.mp4,p25,f,train,15
Drink.Frombottle_p13_r00_v10_c02.mp4,p13,f,train,7
Pour.Frombottle_p19_r01_v12_c06.mp4,p19,f,train,21
Drink.Fromcan_p02_r01_v08_c05.mp4,p02,f,test,8
Walk_p14_r01_v01_c05.mp4,p14,m,test,30
Readbook_p19_r04_v08_c01.mp4,p19,f,train,24
Drink.Fromcup_p07_r04_v21_c06.mp4,p07,f,train,9
Walk_p14_r17_v02_c05.mp4,p14,m,test,30
Walk_p11_r02_v06_c04.mp4,p11,f,test,30
Walk_p14_r06_v10_c02.mp4,p14,m,test,30
Pour.Frombottle_p19_r01_v05_c05.mp4,p19,f,train,21
Drink.Fromcan_p25_r01_v11_c02.mp4,p25,f,train,8
Drink.Fromcup_p19_r02_v07_c01.mp4,p19,f,train,9
WatchTV_p02_r08_v04_c04.mp4,p02,f,test,31
Walk_p20_r00_v14_c07.mp4,p20,f,test,30
Walk_p03_r01_v06_c04.mp4,p03,m,train,30
Takepills_p20_r00_v10_c01.mp4,p20,f,test,26
Leave_p02_r00_v14_c06.mp4,p02,f,test,16
Uselaptop_p02_r03_v08_c05.mp4,p02,f,test,27
Takepills_p09_r00_v11_c01.mp4,p09,m,train,26
Cook.Cut_p25_r00_v15_c06.mp4,p25,f,train,3
Drink.Frombottle_p06_r03_v10_c01.mp4,p06,f,train,7
Uselaptop_p10_r00_v10_c01.mp4,p10,f,test,27
Eat.Attable_p07_r07_v08_c02.mp4,p07,f,train,11
Walk_p03_r02_v16_c06.mp4,p03,m,train,30
Cook.Stir_p15_r00_v17_c06.mp4,p15,m,train,4
Readbook_p02_r06_v05_c04.mp4,p02,f,test,24
Takepills_p17_r04_v09_c01.mp4,p17,m,train,26
Drink.Fromcup_p13_r11_v08_c02.mp4,p13,f,train,9
Cook.Stir_p17_r08_v14_c06.mp4,p17,m,train,4
Leave_p14_r00_v02_c04.mp4,p14,m,test,16
Cook.Cut_p16_r00_v14_c07.mp4,p16,f,test,3
Eat.Snack_p10_r02_v12_c06.mp4,p10,f,test,12
Leave_p06_r01_v13_c06.mp4,p06,f,train,16
Sitdown_p04_r01_v03_c05.mp4,p04,f,train,25
Makecoffee.Pourwater_p03_r01_v16_c06.mp4,p03,m,train,18
Getup_p17_r07_v09_c02.mp4,p17,m,train,14
Cook.Cut_p20_r08_v15_c07.mp4,p20,f,test,3
Cook.Cleandishes_p11_r01_v13_c03.mp4,p11,f,test,1
Getup_p07_r01_v01_c05.mp4,p07,f,train,14
Walk_p18_r03_v01_c05.mp4,p18,m,test,30
Sitdown_p03_r06_v02_c05.mp4,p03,m,train,25
Cook.Cleanup_p02_r00_v16_c06.mp4,p02,f,test,2
Walk_p15_r02_v14_c03.mp4,p15,m,train,30
Eat.Snack_p09_r00_v12_c03.mp4,p09,m,train,12
Drink.Fromcup_p10_r01_v13_c03.mp4,p10,f,test,9
Drink.Fromcup_p13_r02_v12_c02.mp4,p13,f,train,9
Usetelephone_p19_r00_v10_c01.mp4,p19,f,train,29
Cook.Stir_p13_r07_v23_c07.mp4,p13,f,train,4
Usetelephone_p03_r00_v07_c04.mp4,p03,m,train,29
Drink.Fromcup_p13_r01_v20_c07.mp4,p13,f,train,9
Drink.Fromcan_p04_r03_v11_c02.mp4,p04,f,train,8
Drink.Frombottle_p18_r05_v05_c05.mp4,p18,m,test,7
Walk_p16_r00_v13_c07.mp4,p16,f,test,30
Readbook_p14_r01_v05_c04.mp4,p14,m,test,24
Eat.Attable_p06_r08_v07_c02.mp4,p06,f,train,11
Makecoffee.Pourwater_p13_r00_v20_c06.mp4,p13,f,train,18
Enter_p10_r00_v11_c03.mp4,p10,f,test,13
Pour.Frombottle_p25_r02_v03_c05.mp4,p25,f,train,21
Walk_p03_r03_v16_c03.mp4,p03,m,train,30
Walk_p16_r36_v12_c06.mp4,p16,f,test,30
Takepills_p17_r02_v14_c06.mp4,p17,m,train,26
Eat.Attable_p02_r04_v11_c01.mp4,p02,f,test,11
Sitdown_p11_r08_v04_c04.mp4,p11,f,test,25
Cook.Cleanup_p04_r04_v18_c03.mp4,p04,f,train,2
Walk_p14_r16_v04_c05.mp4,p14,m,test,30
Leave_p10_r01_v11_c03.mp4,p10,f,test,16
WatchTV_p12_r08_v06_c05.mp4,p12,f,train,31
Drink.Fromcup_p18_r01_v11_c02.mp4,p18,m,test,9
Cook.Stir_p02_r09_v14_c06.mp4,p02,f,test,4
Walk_p04_r04_v14_c06.mp4,p04,f,train,30
Drink.Fromcup_p12_r14_v01_c04.mp4,p12,f,train,9
Walk_p11_r01_v13_c06.mp4,p11,f,test,30
Sitdown_p04_r07_v04_c05.mp4,p04,f,train,25
Readbook_p03_r00_v02_c04.mp4,p03,m,train,24
Uselaptop_p06_r00_v11_c01.mp4,p06,f,train,27
Drink.Fromcup_p14_r08_v05_c04.mp4,p14,m,test,9
Drink.Fromcup_p12_r08_v04_c05.mp4,p12,f,train,9
Pour.Fromkettle_p03_r00_v16_c06.mp4,p03,m,train,23
Getup_p14_r08_v01_c05.mp4,p14,m,test,14
Walk_p06_r06_v05_c04.mp4,p06,f,train,30
WatchTV_p03_r08_v07_c04.mp4,p03,m,train,31
Cook.Stir_p09_r14_v12_c03.mp4,p09,m,train,4
Makecoffee.Pourwater_p25_r01_v12_c06.mp4,p25,f,train,18
Walk_p10_r00_v03_c04.mp4,p10,f,test,30
Drink.Fromcup_p18_r00_v09_c01.mp4,p18,m,test,9
Sitdown_p14_r01_v12_c02.mp4,p14,m,test,25
Takepills_p10_r03_v09_c01.mp4,p10,f,test,26
Drink.Fromcup_p14_r00_v09_c02.mp4,p14,m,test,9
Uselaptop_p14_r05_v02_c05.mp4,p14,m,test,27
Cook.Cut_p20_r00_v16_c07.mp4,p20,f,test,3
Readbook_p02_r00_v04_c05.mp4,p02,f,test,24
Walk_p14_r32_v05_c05.mp4,p14,m,test,30
Drink.Fromcup_p10_r00_v09_c01.mp4,p10,f,test,9
Getup_p07_r02_v09_c02.mp4,p07,f,train,14
Enter_p03_r03_v19_c05.mp4,p03,m,train,13
Maketea.Boilwater_p15_r01_v14_c06.mp4,p15,m,train,19
Walk_p07_r09_v05_c05.mp4,p07,f,train,30
Readbook_p25_r00_v12_c07.mp4,p25,f,train,24
Drink.Fromcup_p15_r00_v14_c03.mp4,p15,m,train,9
Cook.Stir_p25_r00_v15_c07.mp4,p25,f,train,4
Walk_p13_r02_v20_c07.mp4,p13,f,train,30
Cook.Cleanup_p11_r03_v11_c03.mp4,p11,f,test,2
Getup_p09_r02_v01_c04.mp4,p09,m,train,14
Cook.Cleandishes_p03_r00_v18_c06.mp4,p03,m,train,1
WatchTV_p06_r02_v05_c05.mp4,p06,f,train,31
Getup_p19_r02_v02_c05.mp4,p19,f,train,14
Cook.Stir_p09_r20_v12_c06.mp4,p09,m,train,4
Walk_p03_r20_v02_c04.mp4,p03,m,train,30
Walk_p20_r09_v06_c05.mp4,p20,f,test,30
Uselaptop_p06_r01_v15_c01.mp4,p06,f,train,27
Maketea.Insertteabag_p10_r00_v11_c06.mp4,p10,f,test,20
Walk_p16_r04_v06_c02.mp4,p16,f,test,30
Drink.Fromcup_p09_r04_v05_c05.mp4,p09,m,train,9
Drink.Fromcup_p13_r00_v12_c01.mp4,p13,f,train,9
Walk_p11_r12_v13_c06.mp4,p11,f,test,30
Sitdown_p19_r03_v05_c05.mp4,p19,f,train,25
Walk_p04_r12_v05_c04.mp4,p04,f,train,30
Drink.Fromglass_p25_r00_v10_c01.mp4,p25,f,train,10
Drink.Frombottle_p04_r16_v04_c05.mp4,p04,f,train,7
Walk_p02_r14_v18_c05.mp4,p02,f,test,30
Takepills_p13_r00_v10_c02.mp4,p13,f,train,26
Cook.Cleanup_p10_r01_v14_c06.mp4,p10,f,test,2
Enter_p15_r00_v05_c04.mp4,p15,m,train,13
Leave_p10_r01_v13_c03.mp4,p10,f,test,16
Cook.Cleandishes_p20_r00_v16_c03.mp4,p20,f,test,1
Walk_p06_r05_v12_c03.mp4,p06,f,train,30
Walk_p15_r18_v02_c04.mp4,p15,m,train,30
Eat.Snack_p07_r00_v21_c06.mp4,p07,f,train,12
WatchTV_p07_r02_v04_c05.mp4,p07,f,train,31
Walk_p14_r04_v04_c05.mp4,p14,m,test,30
Cutbread_p13_r00_v09_c01.mp4,p13,f,train,6
Drink.Fromcup_p14_r04_v05_c04.mp4,p14,m,test,9
Enter_p17_r02_v03_c04.mp4,p17,m,train,13
Eat.Attable_p02_r10_v11_c01.mp4,p02,f,test,11
Readbook_p25_r07_v10_c02.mp4,p25,f,train,24
Pour.Fromkettle_p17_r00_v11_c07.mp4,p17,m,train,23
Readbook_p17_r05_v04_c04.mp4,p17,m,train,24
Sitdown_p12_r07_v01_c04.mp4,p12,f,train,25
Walk_p16_r30_v12_c06.mp4,p16,f,test,30
Walk_p11_r12_v05_c04.mp4,p11,f,test,30
Cook.Stir_p11_r01_v13_c03.mp4,p11,f,test,4
Maketea.Boilwater_p16_r01_v13_c06.mp4,p16,f,test,19
Getup_p25_r08_v04_c05.mp4,p25,f,train,14
Walk_p25_r07_v09_c02.mp4,p25,f,train,30
Pour.Fromkettle_p11_r02_v12_c06.mp4,p11,f,test,23
Takepills_p03_r02_v04_c04.mp4,p03,m,train,26
Enter_p04_r01_v05_c05.mp4,p04,f,train,13
Walk_p25_r03_v14_c07.mp4,p25,f,train,30
Walk_p02_r07_v18_c05.mp4,p02,f,test,30
Walk_p04_r03_v14_c03.mp4,p04,f,train,30
Walk_p19_r01_v04_c05.mp4,p19,f,train,30
Drink.Fromcup_p18_r00_v01_c05.mp4,p18,m,test,9
Eat.Attable_p04_r25_v08_c02.mp4,p04,f,train,11
Drink.Fromcup_p10_r08_v05_c04.mp4,p10,f,test,9
Enter_p11_r00_v11_c07.mp4,p11,f,test,13
Drink.Fromcup_p13_r03_v24_c05.mp4,p13,f,train,9
Drink.Fromcup_p14_r02_v14_c06.mp4,p14,m,test,9
Readbook_p25_r04_v02_c04.mp4,p25,f,train,24
Walk_p19_r03_v10_c02.mp4,p19,f,train,30
Cook.Stir_p16_r05_v15_c03.mp4,p16,f,test,4
WatchTV_p14_r04_v05_c05.mp4,p14,m,test,31
Takepills_p14_r00_v13_c02.mp4,p14,m,test,26
Sitdown_p13_r03_v05_c04.mp4,p13,f,train,25
Cook.Stir_p19_r05_v12_c06.mp4,p19,f,train,4
Cook.Cleandishes_p04_r02_v15_c03.mp4,p04,f,train,1
Getup_p15_r05_v11_c02.mp4,p15,m,train,14
Enter_p11_r00_v12_c06.mp4,p11,f,test,13
Walk_p07_r00_v02_c03.mp4,p07,f,train,30
Drink.Fromcup_p13_r04_v09_c01.mp4,p13,f,train,9
Walk_p17_r12_v08_c02.mp4,p17,m,train,30
Cook.Cut_p12_r00_v12_c06.mp4,p12,f,train,3
Walk_p14_r11_v15_c07.mp4,p14,m,test,30
Enter_p09_r00_v15_c07.mp4,p09,m,train,13
Getup_p20_r04_v03_c05.mp4,p20,f,test,14
Makecoffee.Pourwater_p09_r00_v14_c06.mp4,p09,m,train,18
Takepills_p10_r00_v14_c06.mp4,p10,f,test,26
Makecoffee.Pourwater_p02_r02_v01_c06.mp4,p02,f,test,18
Walk_p15_r03_v16_c03.mp4,p15,m,train,30
Cook.Cut_p09_r00_v13_c07.mp4,p09,m,train,3
Walk_p15_r26_v13_c06.mp4,p15,m,train,30
Cook.Stir_p02_r10_v14_c03.mp4,p02,f,test,4
Drink.Fromcup_p12_r04_v03_c05.mp4,p12,f,train,9
Pour.Fromkettle_p07_r00_v02_c03.mp4,p07,f,train,23
Sitdown_p06_r02_v06_c04.mp4,p06,f,train,25
Leave_p07_r01_v07_c05.mp4,p07,f,train,16
Cook.Cleandishes_p10_r00_v12_c03.mp4,p10,f,test,1
Drink.Fromcup_p03_r00_v15_c03.mp4,p03,m,train,9
Pour.Fromkettle_p03_r00_v15_c06.mp4,p03,m,train,23
Drink.Fromcup_p20_r08_v13_c03.mp4,p20,f,test,9
Drink.Fromcup_p14_r21_v03_c05.mp4,p14,m,test,9
Walk_p12_r14_v04_c05.mp4,p12,f,train,30
Cook.Cleanup_p04_r01_v18_c06.mp4,p04,f,train,2
WatchTV_p02_r06_v05_c04.mp4,p02,f,test,31
Drink.Fromcup_p07_r06_v21_c06.mp4,p07,f,train,9
Cook.Cleandishes_p17_r03_v12_c03.mp4,p17,m,train,1
Getup_p03_r02_v19_c05.mp4,p03,m,train,14
Getup_p15_r02_v11_c01.mp4,p15,m,train,14
Pour.Fromkettle_p13_r01_v21_c06.mp4,p13,f,train,23
WatchTV_p20_r10_v02_c05.mp4,p20,f,test,31
Cook.Cleanup_p25_r02_v12_c03.mp4,p25,f,train,2
Leave_p16_r00_v02_c05.mp4,p16,f,test,16
Walk_p10_r04_v13_c06.mp4,p10,f,test,30
Drink.Fromcup_p17_r02_v05_c04.mp4,p17,m,train,9
Drink.Fromcup_p13_r00_v08_c02.mp4,p13,f,train,9
Cook.Cleanup_p03_r01_v18_c07.mp4,p03,m,train,2
Walk_p16_r19_v14_c06.mp4,p16,f,test,30
Takepills_p10_r01_v03_c05.mp4,p10,f,test,26
Sitdown_p25_r03_v11_c01.mp4,p25,f,train,25
Cook.Cleandishes_p07_r08_v20_c03.mp4,p07,f,train,1
Walk_p09_r01_v06_c04.mp4,p09,m,train,30
Uselaptop_p10_r02_v09_c01.mp4,p10,f,test,27
Walk_p11_r05_v12_c06.mp4,p11,f,test,30
Uselaptop_p07_r00_v10_c02.mp4,p07,f,train,27
Getup_p12_r10_v06_c05.mp4,p12,f,train,14
Eat.Attable_p04_r26_v08_c02.mp4,p04,f,train,11
Cook.Cleanup_p07_r00_v20_c03.mp4,p07,f,train,2
Drink.Fromcup_p13_r08_v21_c03.mp4,p13,f,train,9
Walk_p14_r22_v06_c05.mp4,p14,m,test,30
Walk_p16_r02_v15_c07.mp4,p16,f,test,30
Drink.Fromcup_p19_r00_v03_c05.mp4,p19,f,train,9
Cook.Stir_p17_r03_v15_c03.mp4,p17,m,train,4
Drink.Fromcup_p02_r02_v17_c05.mp4,p02,f,test,9
Drink.Fromcan_p14_r01_v04_c05.mp4,p14,m,test,8
Eat.Attable_p14_r15_v09_c01.mp4,p14,m,test,11
Drink.Fromcup_p14_r00_v08_c04.mp4,p14,m,test,9
Drink.Fromcup_p20_r04_v03_c05.mp4,p20,f,test,9
Walk_p15_r22_v15_c06.mp4,p15,m,train,30
Sitdown_p17_r01_v09_c01.mp4,p17,m,train,25
Sitdown_p14_r07_v05_c05.mp4,p14,m,test,25
Cook.Stir_p07_r08_v21_c06.mp4,p07,f,train,4
Usetelephone_p11_r00_v07_c04.mp4,p11,f,test,29
Sitdown_p03_r02_v11_c01.mp4,p03,m,train,25
Sitdown_p11_r08_v03_c04.mp4,p11,f,test,25
Readbook_p19_r02_v01_c04.mp4,p19,f,train,24
Walk_p07_r06_v04_c05.mp4,p07,f,train,30
Uselaptop_p25_r00_v04_c04.mp4,p25,f,train,27
WatchTV_p07_r02_v03_c05.mp4,p07,f,train,31
Sitdown_p14_r13_v05_c05.mp4,p14,m,test,25
Cook.Stir_p07_r06_v21_c07.mp4,p07,f,train,4
Drink.Fromcan_p02_r00_v07_c05.mp4,p02,f,test,8
Drink.Fromcan_p09_r04_v04_c05.mp4,p09,m,train,8
Sitdown_p25_r02_v11_c02.mp4,p25,f,train,25
Laydown_p12_r00_v07_c05.mp4,p12,f,train,15
Drink.Fromcup_p03_r08_v16_c06.mp4,p03,m,train,9
Walk_p03_r05_v15_c06.mp4,p03,m,train,30
WatchTV_p20_r10_v07_c05.mp4,p20,f,test,31
Eat.Attable_p18_r28_v09_c02.mp4,p18,m,test,11
Takepills_p14_r00_v06_c05.mp4,p14,m,test,26
Sitdown_p20_r01_v04_c04.mp4,p20,f,test,25
Sitdown_p10_r05_v03_c04.mp4,p10,f,test,25
Pour.Frombottle_p02_r02_v09_c05.mp4,p02,f,test,21
Walk_p15_r06_v02_c05.mp4,p15,m,train,30
Eat.Attable_p16_r01_v06_c01.mp4,p16,f,test,11
Getup_p06_r03_v10_c02.mp4,p06,f,train,14
Walk_p17_r18_v12_c03.mp4,p17,m,train,30
Sitdown_p09_r06_v09_c01.mp4,p09,m,train,25
Takepills_p12_r01_v07_c05.mp4,p12,f,train,26
WatchTV_p07_r03_v03_c05.mp4,p07,f,train,31
WatchTV_p09_r00_v05_c04.mp4,p09,m,train,31
Eat.Snack_p17_r00_v15_c03.mp4,p17,m,train,12
Drink.Fromcup_p13_r03_v11_c01.mp4,p13,f,train,9
Uselaptop_p12_r01_v07_c04.mp4,p12,f,train,27
Getup_p19_r02_v08_c01.mp4,p19,f,train,14
Cook.Cut_p25_r01_v16_c07.mp4,p25,f,train,3
Takepills_p17_r03_v09_c01.mp4,p17,m,train,26
Drink.Fromcup_p19_r07_v03_c05.mp4,p19,f,train,9
Sitdown_p14_r05_v08_c04.mp4,p14,m,test,25
Cook.Stir_p02_r16_v14_c06.mp4,p02,f,test,4
Walk_p16_r02_v13_c07.mp4,p16,f,test,30
WatchTV_p12_r05_v06_c05.mp4,p12,f,train,31
Walk_p16_r13_v12_c06.mp4,p16,f,test,30
Getup_p25_r04_v10_c01.mp4,p25,f,train,14
Leave_p15_r00_v17_c07.mp4,p15,m,train,16
Uselaptop_p14_r01_v07_c05.mp4,p14,m,test,27
Drink.Fromcup_p14_r03_v03_c05.mp4,p14,m,test,9
Cook.Cleandishes_p04_r00_v18_c06.mp4,p04,f,train,1
Drink.Fromcup_p16_r01_v11_c01.mp4,p16,f,test,9
Walk_p25_r08_v10_c02.mp4,p25,f,train,30
Drink.Fromcup_p19_r05_v04_c05.mp4,p19,f,train,9
Cutbread_p18_r03_v09_c02.mp4,p18,m,test,6
Getup_p19_r00_v09_c02.mp4,p19,f,train,14
Walk_p20_r03_v13_c07.mp4,p20,f,test,30
Uselaptop_p20_r00_v06_c05.mp4,p20,f,test,27
Sitdown_p11_r03_v06_c04.mp4,p11,f,test,25
Getup_p13_r01_v11_c02.mp4,p13,f,train,14
Cook.Usestove_p04_r02_v17_c03.mp4,p04,f,train,5
Walk_p15_r04_v05_c04.mp4,p15,m,train,30
Drink.Fromcan_p07_r00_v10_c02.mp4,p07,f,train,8
Usetelephone_p02_r04_v09_c05.mp4,p02,f,test,29
Cook.Usestove_p09_r10_v12_c06.mp4,p09,m,train,5
Enter_p07_r01_v07_c04.mp4,p07,f,train,13
Drink.Fromcan_p25_r04_v15_c03.mp4,p25,f,train,8
Usetelephone_p12_r02_v06_c05.mp4,p12,f,train,29
Walk_p02_r17_v08_c05.mp4,p02,f,test,30
Getup_p12_r14_v05_c05.mp4,p12,f,train,14
Uselaptop_p19_r00_v03_c05.mp4,p19,f,train,27
Walk_p25_r05_v14_c06.mp4,p25,f,train,30
Walk_p02_r03_v07_c04.mp4,p02,f,test,30
WatchTV_p12_r02_v05_c05.mp4,p12,f,train,31
Eat.Snack_p15_r02_v14_c06.mp4,p15,m,train,12
Eat.Attable_p02_r15_v11_c01.mp4,p02,f,test,11
Cook.Stir_p18_r03_v15_c07.mp4,p18,m,test,4
Walk_p25_r13_v03_c05.mp4,p25,f,train,30
Sitdown_p14_r02_v02_c05.mp4,p14,m,test,25
Sitdown_p10_r04_v02_c05.mp4,p10,f,test,25
Drink.Fromcup_p06_r03_v03_c04.mp4,p06,f,train,9
Cook.Cleandishes_p07_r01_v06_c03.mp4,p07,f,train,1
Sitdown_p12_r01_v04_c05.mp4,p12,f,train,25
Cook.Stir_p15_r00_v17_c03.mp4,p15,m,train,4
Eat.Attable_p04_r11_v08_c02.mp4,p04,f,train,11
Eat.Attable_p18_r24_v09_c02.mp4,p18,m,test,11
Walk_p03_r18_v02_c05.mp4,p03,m,train,30
Leave_p03_r01_v19_c04.mp4,p03,m,train,16
Getup_p10_r05_v03_c05.mp4,p10,f,test,14
Walk_p03_r04_v15_c03.mp4,p03,m,train,30
Enter_p06_r00_v26_c01.mp4,p06,f,train,13
Eat.Attable_p20_r02_v08_c01.mp4,p20,f,test,11
Enter_p03_r00_v02_c04.mp4,p03,m,train,13
Drink.Frombottle_p03_r00_v08_c05.mp4,p03,m,train,7
Walk_p03_r06_v18_c07.mp4,p03,m,train,30
Walk_p03_r14_v13_c02.mp4,p03,m,train,30
Drink.Fromcup_p15_r03_v13_c03.mp4,p15,m,train,9
Walk_p03_r13_v19_c05.mp4,p03,m,train,30
Drink.Fromcup_p17_r05_v01_c05.mp4,p17,m,train,9
Drink.Frombottle_p17_r01_v09_c02.mp4,p17,m,train,7
Drink.Fromcup_p10_r06_v05_c04.mp4,p10,f,test,9
Cook.Cleandishes_p15_r01_v15_c03.mp4,p15,m,train,1
Cook.Cleandishes_p07_r01_v22_c03.mp4,p07,f,train,1
Drink.Fromcup_p16_r06_v12_c03.mp4,p16,f,test,9
Walk_p15_r07_v04_c04.mp4,p15,m,train,30
Makecoffee.Pourgrains_p19_r00_v14_c03.mp4,p19,f,train,17
Cook.Cleanup_p07_r02_v20_c03.mp4,p07,f,train,2
Drink.Frombottle_p04_r17_v04_c05.mp4,p04,f,train,7
Getup_p06_r00_v11_c02.mp4,p06,f,train,14
Eat.Snack_p11_r08_v13_c03.mp4,p11,f,test,12
Cook.Cleandishes_p07_r14_v20_c06.mp4,p07,f,train,1
WatchTV_p10_r04_v02_c04.mp4,p10,f,test,31
Getup_p12_r07_v07_c04.mp4,p12,f,train,14
Getup_p14_r06_v12_c02.mp4,p14,m,test,14
Walk_p03_r06_v08_c05.mp4,p03,m,train,30
Maketea.Boilwater_p02_r00_v03_c03.mp4,p02,f,test,19
Walk_p04_r00_v04_c05.mp4,p04,f,train,30
Getup_p20_r02_v10_c01.mp4,p20,f,test,14
Sitdown_p09_r01_v05_c05.mp4,p09,m,train,25
Sitdown_p04_r07_v03_c05.mp4,p04,f,train,25
Cook.Stir_p17_r04_v14_c07.mp4,p17,m,train,4
Eat.Snack_p11_r02_v13_c03.mp4,p11,f,test,12
Getup_p09_r05_v04_c05.mp4,p09,m,train,14
Walk_p04_r02_v14_c07.mp4,p04,f,train,30
Drink.Fromcan_p18_r11_v08_c04.mp4,p18,m,test,8
Takepills_p16_r00_v15_c06.mp4,p16,f,test,26
Walk_p16_r00_v15_c03.mp4,p16,f,test,30
Drink.Fromcup_p19_r12_v01_c05.mp4,p19,f,train,9
Drink.Fromcup_p03_r00_v06_c05.mp4,p03,m,train,9
Drink.Fromcup_p25_r05_v05_c04.mp4,p25,f,train,9
Usetelephone_p16_r00_v02_c05.mp4,p16,f,test,29
Eat.Attable_p04_r17_v08_c01.mp4,p04,f,train,11
Usetelephone_p03_r02_v07_c05.mp4,p03,m,train,29
Walk_p20_r02_v03_c05.mp4,p20,f,test,30
Drink.Fromcup_p13_r00_v09_c01.mp4,p13,f,train,9
Cutbread_p18_r02_v09_c01.mp4,p18,m,test,6
Walk_p06_r08_v12_c07.mp4,p06,f,train,30
Enter_p18_r00_v15_c03.mp4,p18,m,test,13
Leave_p18_r00_v15_c07.mp4,p18,m,test,16
Walk_p12_r00_v13_c07.mp4,p12,f,train,30
Uselaptop_p19_r04_v10_c01.mp4,p19,f,train,27
Readbook_p15_r06_v01_c04.mp4,p15,m,train,24
Usetelephone_p15_r00_v07_c04.mp4,p15,m,train,29
Getup_p20_r00_v10_c01.mp4,p20,f,test,14
Readbook_p16_r02_v01_c04.mp4,p16,f,test,24
Eat.Attable_p17_r08_v10_c02.mp4,p17,m,train,11
Drink.Fromcup_p18_r03_v12_c02.mp4,p18,m,test,9
Maketea.Boilwater_p09_r00_v16_c03.mp4,p09,m,train,19
Walk_p10_r00_v01_c04.mp4,p10,f,test,30
Drink.Fromcan_p14_r00_v15_c07.mp4,p14,m,test,8
Walk_p06_r09_v13_c07.mp4,p06,f,train,30
Walk_p25_r09_v14_c06.mp4,p25,f,train,30
Walk_p06_r03_v05_c04.mp4,p06,f,train,30
Drink.Frombottle_p09_r00_v06_c05.mp4,p09,m,train,7
Readbook_p13_r04_v10_c01.mp4,p13,f,train,24
Drink.Fromcup_p19_r03_v08_c01.mp4,p19,f,train,9
Walk_p09_r02_v12_c03.mp4,p09,m,train,30
Cook.Cleandishes_p03_r05_v16_c06.mp4,p03,m,train,1
Walk_p13_r00_v10_c02.mp4,p13,f,train,30
Drink.Fromcup_p09_r02_v09_c01.mp4,p09,m,train,9
Cook.Stir_p09_r06_v12_c03.mp4,p09,m,train,4
Getup_p25_r04_v11_c02.mp4,p25,f,train,14
Readbook_p14_r07_v11_c02.mp4,p14,m,test,24
Cook.Stir_p09_r13_v12_c06.mp4,p09,m,train,4
Drink.Fromcup_p02_r07_v11_c01.mp4,p02,f,test,9
Walk_p14_r14_v05_c05.mp4,p14,m,test,30
Walk_p12_r01_v14_c05.mp4,p12,f,train,30
Walk_p10_r01_v12_c07.mp4,p10,f,test,30
Walk_p03_r34_v04_c05.mp4,p03,m,train,30
Cook.Cleanup_p03_r11_v18_c03.mp4,p03,m,train,2
Leave_p19_r00_v02_c05.mp4,p19,f,train,16
WatchTV_p19_r01_v04_c05.mp4,p19,f,train,31
Walk_p10_r00_v14_c07.mp4,p10,f,test,30
Cook.Cleandishes_p04_r01_v16_c06.mp4,p04,f,train,1
Drink.Fromcan_p18_r08_v08_c04.mp4,p18,m,test,8
Usetablet_p20_r01_v06_c05.mp4,p20,f,test,28
Drink.Fromcup_p15_r05_v03_c04.mp4,p15,m,train,9
Enter_p14_r01_v04_c04.mp4,p14,m,test,13
Maketea.Insertteabag_p15_r00_v14_c07.mp4,p15,m,train,20
Pour.Frombottle_p15_r00_v17_c03.mp4,p15,m,train,21
Cook.Cleandishes_p10_r04_v14_c03.mp4,p10,f,test,1
Drink.Fromcup_p19_r07_v11_c03.mp4,p19,f,train,9
Getup_p14_r01_v12_c02.mp4,p14,m,test,14
Walk_p03_r17_v02_c04.mp4,p03,m,train,30
Sitdown_p14_r05_v05_c05.mp4,p14,m,test,25
WatchTV_p04_r05_v05_c04.mp4,p04,f,train,31
Makecoffee.Pourwater_p10_r00_v11_c03.mp4,p10,f,test,18
Cook.Cleandishes_p03_r00_v18_c03.mp4,p03,m,train,1
Cook.Cleanup_p20_r03_v16_c03.mp4,p20,f,test,2
Getup_p03_r08_v02_c05.mp4,p03,m,train,14
Cook.Cleandishes_p18_r01_v13_c03.mp4,p18,m,test,1
Cook.Cleandishes_p02_r00_v02_c03.mp4,p02,f,test,1
Walk_p02_r18_v14_c03.mp4,p02,f,test,30
Drink.Fromcup_p12_r02_v07_c04.mp4,p12,f,train,9
Walk_p19_r14_v02_c05.mp4,p19,f,train,30
Leave_p06_r03_v12_c03.mp4,p06,f,train,16
Walk_p02_r04_v06_c05.mp4,p02,f,test,30
Walk_p03_r00_v13_c02.mp4,p03,m,train,30
WatchTV_p25_r09_v01_c05.mp4,p25,f,train,31
Enter_p03_r00_v07_c04.mp4,p03,m,train,13
Uselaptop_p02_r05_v08_c04.mp4,p02,f,test,27
Walk_p04_r00_v03_c05.mp4,p04,f,train,30
Walk_p17_r02_v14_c06.mp4,p17,m,train,30
Drink.Fromcup_p15_r01_v10_c02.mp4,p15,m,train,9
Readbook_p25_r02_v14_c07.mp4,p25,f,train,24
Cook.Stir_p11_r13_v13_c03.mp4,p11,f,test,4
Drink.Fromcup_p16_r00_v05_c05.mp4,p16,f,test,9
Walk_p02_r01_v18_c05.mp4,p02,f,test,30
Walk_p13_r09_v20_c03.mp4,p13,f,train,30
Getup_p06_r00_v15_c01.mp4,p06,f,train,14
Uselaptop_p12_r00_v14_c05.mp4,p12,f,train,27
Drink.Fromcup_p25_r00_v09_c02.mp4,p25,f,train,9
Drink.Fromcup_p18_r06_v12_c02.mp4,p18,m,test,9
Sitdown_p15_r01_v07_c04.mp4,p15,m,train,25
Cook.Stir_p07_r06_v21_c06.mp4,p07,f,train,4
Enter_p09_r02_v13_c06.mp4,p09,m,train,13
Sitdown_p14_r01_v11_c02.mp4,p14,m,test,25
Walk_p02_r09_v14_c03.mp4,p02,f,test,30
Takepills_p06_r00_v03_c05.mp4,p06,f,train,26
Drink.Fromcup_p12_r00_v02_c05.mp4,p12,f,train,9
Drink.Fromcup_p03_r01_v16_c03.mp4,p03,m,train,9
Walk_p15_r08_v03_c04.mp4,p15,m,train,30
Readbook_p03_r08_v02_c05.mp4,p03,m,train,24
Pour.Fromkettle_p02_r00_v16_c06.mp4,p02,f,test,23
Cook.Cleanup_p15_r00_v15_c06.mp4,p15,m,train,2
Drink.Fromcup_p15_r07_v01_c05.mp4,p15,m,train,9
Drink.Fromcup_p25_r02_v04_c04.mp4,p25,f,train,9
Cook.Cleanup_p17_r00_v11_c06.mp4,p17,m,train,2
Walk_p16_r07_v12_c07.mp4,p16,f,test,30
Walk_p02_r09_v01_c06.mp4,p02,f,test,30
Walk_p03_r00_v19_c04.mp4,p03,m,train,30
Walk_p15_r05_v07_c05.mp4,p15,m,train,30
Walk_p15_r13_v16_c03.mp4,p15,m,train,30
Eat.Snack_p06_r02_v06_c04.mp4,p06,f,train,12
Drink.Fromcup_p16_r04_v12_c06.mp4,p16,f,test,9
Drink.Frombottle_p15_r00_v04_c05.mp4,p15,m,train,7
Getup_p10_r09_v09_c01.mp4,p10,f,test,14
WatchTV_p25_r14_v01_c04.mp4,p25,f,train,31
Cook.Cleanup_p16_r02_v12_c03.mp4,p16,f,test,2
Cook.Stir_p15_r08_v16_c03.mp4,p15,m,train,4
Walk_p19_r04_v14_c06.mp4,p19,f,train,30
Cook.Cleanup_p04_r01_v17_c06.mp4,p04,f,train,2
Sitdown_p17_r07_v09_c02.mp4,p17,m,train,25
Readbook_p12_r00_v14_c05.mp4,p12,f,train,24
Walk_p13_r05_v21_c06.mp4,p13,f,train,30
Usetelephone_p07_r00_v02_c05.mp4,p07,f,train,29
Drink.Fromcup_p15_r04_v03_c05.mp4,p15,m,train,9
Walk_p20_r05_v07_c04.mp4,p20,f,test,30
Drink.Fromcup_p19_r01_v10_c02.mp4,p19,f,train,9
Cook.Stir_p13_r00_v23_c06.mp4,p13,f,train,4
Getup_p19_r00_v04_c04.mp4,p19,f,train,14
Laydown_p10_r04_v03_c04.mp4,p10,f,test,15
Walk_p02_r19_v02_c07.mp4,p02,f,test,30
Drink.Fromcup_p03_r04_v12_c01.mp4,p03,m,train,9
Getup_p14_r06_v10_c01.mp4,p14,m,test,14
Cook.Cleandishes_p09_r01_v13_c03.mp4,p09,m,train,1
Usetelephone_p10_r00_v12_c07.mp4,p10,f,test,29
Sitdown_p14_r16_v07_c05.mp4,p14,m,test,25
Walk_p13_r00_v21_c03.mp4,p13,f,train,30
Makecoffee.Pourwater_p18_r01_v13_c07.mp4,p18,m,test,18
Sitdown_p20_r02_v08_c01.mp4,p20,f,test,25
Cook.Stir_p17_r01_v14_c06.mp4,p17,m,train,4
Pour.Fromkettle_p04_r01_v16_c06.mp4,p04,f,train,23
Cook.Cleandishes_p07_r02_v20_c06.mp4,p07,f,train,1
Cutbread_p17_r00_v10_c02.mp4,p17,m,train,6
Leave_p07_r00_v21_c07.mp4,p07,f,train,16
Walk_p17_r17_v02_c05.mp4,p17,m,train,30
Eat.Attable_p13_r09_v09_c01.mp4,p13,f,train,11
Walk_p25_r01_v04_c05.mp4,p25,f,train,30
Drink.Frombottle_p14_r02_v10_c02.mp4,p14,m,test,7
Uselaptop_p02_r07_v12_c02.mp4,p02,f,test,27
Sitdown_p10_r13_v09_c01.mp4,p10,f,test,25
Walk_p15_r06_v15_c07.mp4,p15,m,train,30
Walk_p10_r09_v12_c03.mp4,p10,f,test,30
Cook.Cut_p06_r03_v13_c06.mp4,p06,f,train,3
WatchTV_p09_r01_v03_c04.mp4,p09,m,train,31
Cook.Cut_p25_r02_v16_c07.mp4,p25,f,train,3
Makecoffee.Pourgrains_p09_r00_v14_c06.mp4,p09,m,train,17
Eat.Attable_p13_r00_v09_c01.mp4,p13,f,train,11
Readbook_p17_r06_v02_c05.mp4,p17,m,train,24
Cook.Cleandishes_p04_r01_v15_c06.mp4,p04,f,train,1
Readbook_p13_r00_v23_c07.mp4,p13,f,train,24
Walk_p12_r13_v05_c04.mp4,p12,f,train,30
Drink.Fromcup_p13_r10_v21_c03.mp4,p13,f,train,9
Walk_p13_r09_v25_c05.mp4,p13,f,train,30
Walk_p19_r13_v02_c05.mp4,p19,f,train,30
Drink.Fromcup_p19_r00_v07_c01.mp4,p19,f,train,9
Walk_p25_r06_v03_c05.mp4,p25,f,train,30
Drink.Fromcup_p04_r06_v05_c05.mp4,p04,f,train,9
Usetelephone_p07_r00_v06_c05.mp4,p07,f,train,29
Getup_p25_r05_v06_c04.mp4,p25,f,train,14
Drink.Fromglass_p03_r08_v18_c03.mp4,p03,m,train,10
Readbook_p04_r02_v01_c04.mp4,p04,f,train,24
Walk_p18_r07_v05_c05.mp4,p18,m,test,30
Cook.Cleanup_p15_r03_v13_c03.mp4,p15,m,train,2
Walk_p15_r04_v04_c05.mp4,p15,m,train,30
Walk_p04_r29_v05_c05.mp4,p04,f,train,30
Drink.Fromcup_p02_r06_v04_c04.mp4,p02,f,test,9
Takepills_p03_r01_v04_c05.mp4,p03,m,train,26
Drink.Fromcan_p07_r02_v10_c01.mp4,p07,f,train,8
Walk_p16_r02_v01_c05.mp4,p16,f,test,30
Sitdown_p14_r17_v05_c05.mp4,p14,m,test,25
Pour.Fromcan_p13_r03_v11_c01.mp4,p13,f,train,22
Usetelephone_p10_r00_v10_c01.mp4,p10,f,test,29
Uselaptop_p02_r00_v17_c05.mp4,p02,f,test,27
Walk_p13_r03_v06_c04.mp4,p13,f,train,30
Walk_p10_r00_v05_c05.mp4,p10,f,test,30
Laydown_p14_r00_v02_c05.mp4,p14,m,test,15
Walk_p18_r19_v10_c02.mp4,p18,m,test,30
Eat.Attable_p11_r17_v08_c01.mp4,p11,f,test,11
Cook.Stir_p09_r10_v12_c07.mp4,p09,m,train,4
Walk_p17_r08_v12_c07.mp4,p17,m,train,30
Drink.Fromcup_p07_r00_v20_c07.mp4,p07,f,train,9
Takepills_p10_r03_v03_c04.mp4,p10,f,test,26
Walk_p16_r00_v03_c05.mp4,p16,f,test,30
Walk_p14_r23_v05_c05.mp4,p14,m,test,30
Takepills_p06_r00_v10_c01.mp4,p06,f,train,26
Drink.Fromcup_p15_r00_v06_c05.mp4,p15,m,train,9
Walk_p25_r02_v06_c04.mp4,p25,f,train,30
Cook.Cleanup_p03_r09_v18_c06.mp4,p03,m,train,2
Drink.Frombottle_p15_r03_v04_c05.mp4,p15,m,train,7
Drink.Frombottle_p04_r03_v04_c05.mp4,p04,f,train,7
Cook.Cut_p09_r01_v13_c07.mp4,p09,m,train,3
Walk_p17_r12_v12_c03.mp4,p17,m,train,30
Drink.Fromcup_p25_r07_v14_c06.mp4,p25,f,train,9
Cook.Stir_p02_r01_v14_c03.mp4,p02,f,test,4
Walk_p16_r01_v10_c01.mp4,p16,f,test,30
Walk_p25_r20_v04_c05.mp4,p25,f,train,30
Readbook_p25_r03_v12_c07.mp4,p25,f,train,24
Leave_p04_r01_v07_c05.mp4,p04,f,train,16
Walk_p17_r03_v01_c05.mp4,p17,m,train,30
Eat.Attable_p16_r22_v06_c02.mp4,p16,f,test,11
Walk_p15_r04_v10_c02.mp4,p15,m,train,30
Leave_p03_r00_v18_c06.mp4,p03,m,train,16
Eat.Attable_p03_r04_v10_c01.mp4,p03,m,train,11
Cook.Cleanup_p07_r03_v20_c03.mp4,p07,f,train,2
Drink.Fromcan_p11_r10_v09_c01.mp4,p11,f,test,8
Walk_p17_r15_v12_c03.mp4,p17,m,train,30
Getup_p20_r00_v08_c01.mp4,p20,f,test,14
Eat.Attable_p16_r12_v06_c01.mp4,p16,f,test,11
Cook.Stir_p19_r07_v12_c06.mp4,p19,f,train,4
Laydown_p12_r03_v03_c05.mp4,p12,f,train,15
Eat.Snack_p12_r00_v13_c06.mp4,p12,f,train,12
Pour.Fromkettle_p10_r00_v11_c06.mp4,p10,f,test,23
Takepills_p14_r04_v05_c05.mp4,p14,m,test,26
Pour.Frombottle_p03_r02_v06_c05.mp4,p03,m,train,21
Cook.Stir_p09_r04_v12_c07.mp4,p09,m,train,4
Drink.Frombottle_p10_r01_v14_c03.mp4,p10,f,test,7
Drink.Fromcup_p20_r01_v13_c03.mp4,p20,f,test,9
Walk_p09_r01_v02_c04.mp4,p09,m,train,30
Usetelephone_p09_r00_v01_c05.mp4,p09,m,train,29
Cook.Stir_p17_r03_v15_c06.mp4,p17,m,train,4
Readbook_p04_r03_v04_c05.mp4,p04,f,train,24
Readbook_p12_r01_v07_c04.mp4,p12,f,train,24
Getup_p03_r00_v12_c01.mp4,p03,m,train,14
Drink.Fromcup_p19_r07_v08_c01.mp4,p19,f,train,9
Walk_p13_r05_v04_c04.mp4,p13,f,train,30
Leave_p09_r00_v12_c06.mp4,p09,m,train,16
Cook.Usestove_p06_r02_v13_c06.mp4,p06,f,train,5
Walk_p15_r06_v06_c05.mp4,p15,m,train,30
Cook.Cleandishes_p11_r05_v11_c03.mp4,p11,f,test,1
Walk_p25_r01_v03_c05.mp4,p25,f,train,30
Cook.Cleanup_p10_r05_v14_c06.mp4,p10,f,test,2
Readbook_p12_r00_v06_c05.mp4,p12,f,train,24
Getup_p13_r04_v03_c04.mp4,p13,f,train,14
Cook.Cleanup_p07_r00_v22_c03.mp4,p07,f,train,2
Walk_p15_r00_v14_c03.mp4,p15,m,train,30
Drink.Frombottle_p06_r02_v10_c02.mp4,p06,f,train,7
Getup_p25_r05_v10_c02.mp4,p25,f,train,14
Eat.Attable_p14_r20_v09_c02.mp4,p14,m,test,11
Walk_p15_r29_v16_c06.mp4,p15,m,train,30
Drink.Fromcup_p18_r09_v12_c01.mp4,p18,m,test,9
Enter_p09_r02_v05_c05.mp4,p09,m,train,13
Walk_p19_r20_v05_c05.mp4,p19,f,train,30
Sitdown_p15_r04_v09_c02.mp4,p15,m,train,25
Walk_p17_r02_v12_c07.mp4,p17,m,train,30
Maketea.Boilwater_p15_r01_v14_c03.mp4,p15,m,train,19
Leave_p04_r00_v14_c03.mp4,p04,f,train,16
WatchTV_p15_r11_v03_c05.mp4,p15,m,train,31
Eat.Attable_p13_r12_v19_c01.mp4,p13,f,train,11
Drink.Fromcup_p19_r06_v05_c04.mp4,p19,f,train,9
Drink.Fromcup_p20_r02_v09_c01.mp4,p20,f,test,9
Walk_p15_r00_v11_c01.mp4,p15,m,train,30
Drink.Fromcup_p12_r01_v06_c05.mp4,p12,f,train,9
Walk_p15_r03_v11_c01.mp4,p15,m,train,30
Walk_p15_r03_v04_c05.mp4,p15,m,train,30
Readbook_p14_r02_v06_c04.mp4,p14,m,test,24
Cook.Stir_p18_r00_v15_c07.mp4,p18,m,test,4
WatchTV_p06_r03_v06_c05.mp4,p06,f,train,31
Walk_p25_r06_v14_c03.mp4,p25,f,train,30
Walk_p17_r24_v09_c02.mp4,p17,m,train,30
Walk_p02_r00_v17_c05.mp4,p02,f,test,30
Usetelephone_p02_r01_v06_c05.mp4,p02,f,test,29
Walk_p03_r26_v02_c04.mp4,p03,m,train,30
Eat.Attable_p16_r08_v06_c02.mp4,p16,f,test,11
Cook.Stir_p09_r04_v13_c03.mp4,p09,m,train,4
Drink.Fromcup_p10_r07_v05_c04.mp4,p10,f,test,9
Cook.Cut_p02_r01_v14_c03.mp4,p02,f,test,3
Walk_p18_r03_v03_c05.mp4,p18,m,test,30
Sitdown_p19_r01_v03_c04.mp4,p19,f,train,25
Walk_p15_r38_v16_c06.mp4,p15,m,train,30
Walk_p14_r00_v15_c07.mp4,p14,m,test,30
Drink.Fromcup_p14_r11_v11_c02.mp4,p14,m,test,9
Takepills_p09_r00_v07_c05.mp4,p09,m,train,26
WatchTV_p25_r03_v01_c05.mp4,p25,f,train,31
Readbook_p06_r00_v11_c02.mp4,p06,f,train,24
Drink.Fromcup_p13_r08_v21_c06.mp4,p13,f,train,9
Sitdown_p25_r09_v10_c02.mp4,p25,f,train,25
Eat.Attable_p16_r20_v06_c01.mp4,p16,f,test,11
Usetelephone_p18_r00_v10_c02.mp4,p18,m,test,29
Cook.Stir_p17_r00_v15_c03.mp4,p17,m,train,4
Drink.Frombottle_p15_r04_v04_c04.mp4,p15,m,train,7
Enter_p04_r00_v03_c04.mp4,p04,f,train,13
Readbook_p20_r00_v09_c01.mp4,p20,f,test,24
Getup_p09_r05_v02_c05.mp4,p09,m,train,14
Walk_p06_r05_v12_c06.mp4,p06,f,train,30
Drink.Fromcup_p09_r06_v15_c03.mp4,p09,m,train,9
Walk_p02_r11_v09_c05.mp4,p02,f,test,30
Takepills_p14_r01_v06_c05.mp4,p14,m,test,26
Sitdown_p19_r06_v10_c01.mp4,p19,f,train,25
Eat.Snack_p11_r02_v13_c07.mp4,p11,f,test,12
Readbook_p19_r01_v01_c05.mp4,p19,f,train,24
Uselaptop_p14_r00_v05_c05.mp4,p14,m,test,27
Walk_p15_r05_v13_c06.mp4,p15,m,train,30
Enter_p02_r00_v03_c03.mp4,p02,f,test,13
Walk_p04_r08_v04_c05.mp4,p04,f,train,30
Sitdown_p10_r02_v10_c01.mp4,p10,f,test,25
Walk_p16_r00_v02_c05.mp4,p16,f,test,30
Readbook_p11_r02_v14_c01.mp4,p11,f,test,24
Walk_p03_r07_v13_c01.mp4,p03,m,train,30
Makecoffee.Pourwater_p16_r00_v12_c03.mp4,p16,f,test,18
Getup_p03_r04_v11_c02.mp4,p03,m,train,14
Walk_p19_r16_v03_c05.mp4,p19,f,train,30
Drink.Fromcup_p14_r03_v03_c04.mp4,p14,m,test,9
Readbook_p14_r04_v11_c02.mp4,p14,m,test,24
Cook.Cleanup_p04_r01_v18_c03.mp4,p04,f,train,2
Readbook_p13_r02_v12_c02.mp4,p13,f,train,24
Usetablet_p03_r00_v13_c02.mp4,p03,m,train,28
Usetelephone_p03_r02_v02_c05.mp4,p03,m,train,29
Drink.Fromcup_p16_r05_v06_c01.mp4,p16,f,test,9
Drink.Fromcup_p14_r07_v03_c04.mp4,p14,m,test,9
Eat.Attable_p04_r07_v08_c02.mp4,p04,f,train,11
Walk_p25_r17_v03_c05.mp4,p25,f,train,30
Walk_p03_r04_v13_c02.mp4,p03,m,train,30
WatchTV_p09_r00_v07_c04.mp4,p09,m,train,31
Readbook_p16_r01_v01_c05.mp4,p16,f,test,24
Drink.Fromcan_p14_r01_v04_c04.mp4,p14,m,test,8
Walk_p12_r25_v04_c05.mp4,p12,f,train,30
Walk_p12_r09_v12_c06.mp4,p12,f,train,30
Readbook_p04_r04_v01_c04.mp4,p04,f,train,24
Walk_p12_r12_v13_c07.mp4,p12,f,train,30
Sitdown_p14_r22_v05_c04.mp4,p14,m,test,25
Cook.Cleandishes_p03_r09_v18_c03.mp4,p03,m,train,1
Readbook_p20_r05_v01_c05.mp4,p20,f,test,24
Drink.Fromcup_p25_r01_v03_c04.mp4,p25,f,train,9
Walk_p19_r00_v08_c02.mp4,p19,f,train,30
Sitdown_p17_r08_v09_c02.mp4,p17,m,train,25
Walk_p11_r06_v13_c07.mp4,p11,f,test,30
Cook.Usestove_p09_r01_v12_c03.mp4,p09,m,train,5
Walk_p03_r01_v15_c06.mp4,p03,m,train,30
Pour.Frombottle_p17_r01_v04_c05.mp4,p17,m,train,21
Getup_p13_r04_v13_c01.mp4,p13,f,train,14
Cook.Cleanup_p16_r00_v12_c06.mp4,p16,f,test,2
WatchTV_p25_r00_v01_c04.mp4,p25,f,train,31
Walk_p15_r01_v04_c04.mp4,p15,m,train,30
Drink.Fromcup_p09_r02_v15_c07.mp4,p09,m,train,9
Sitdown_p15_r01_v09_c01.mp4,p15,m,train,25
Cook.Cleanup_p19_r00_v11_c06.mp4,p19,f,train,2
Walk_p15_r10_v10_c02.mp4,p15,m,train,30
Eat.Attable_p18_r05_v12_c02.mp4,p18,m,test,11
Laydown_p25_r00_v03_c05.mp4,p25,f,train,15
Eat.Attable_p02_r11_v11_c02.mp4,p02,f,test,11
Drink.Fromcup_p14_r01_v09_c02.mp4,p14,m,test,9
Cook.Cleandishes_p15_r01_v14_c03.mp4,p15,m,train,1
WatchTV_p12_r00_v03_c05.mp4,p12,f,train,31
Sitdown_p18_r02_v12_c01.mp4,p18,m,test,25
Takepills_p15_r00_v11_c02.mp4,p15,m,train,26
Readbook_p19_r00_v03_c05.mp4,p19,f,train,24
Readbook_p14_r01_v13_c02.mp4,p14,m,test,24
Walk_p13_r13_v04_c04.mp4,p13,f,train,30
Sitdown_p07_r05_v05_c05.mp4,p07,f,train,25
WatchTV_p04_r02_v05_c05.mp4,p04,f,train,31
Walk_p07_r00_v20_c06.mp4,p07,f,train,30
Cook.Cleanup_p07_r14_v20_c06.mp4,p07,f,train,2
Cook.Cleanup_p03_r00_v16_c07.mp4,p03,m,train,2
Sitdown_p11_r01_v07_c04.mp4,p11,f,test,25
Pour.Frombottle_p25_r02_v11_c02.mp4,p25,f,train,21
Walk_p07_r01_v22_c06.mp4,p07,f,train,30
Walk_p06_r00_v05_c05.mp4,p06,f,train,30
Drink.Fromcup_p02_r02_v11_c02.mp4,p02,f,test,9
Readbook_p14_r02_v01_c04.mp4,p14,m,test,24
Drink.Fromcup_p13_r07_v19_c01.mp4,p13,f,train,9
Getup_p09_r00_v07_c05.mp4,p09,m,train,14
Drink.Fromcup_p14_r17_v03_c05.mp4,p14,m,test,9
Getup_p03_r04_v11_c01.mp4,p03,m,train,14
Drink.Fromcup_p25_r00_v03_c04.mp4,p25,f,train,9
Getup_p07_r06_v06_c05.mp4,p07,f,train,14
Walk_p16_r08_v15_c07.mp4,p16,f,test,30
Drink.Fromcup_p13_r01_v25_c05.mp4,p13,f,train,9
Uselaptop_p10_r04_v02_c05.mp4,p10,f,test,27
Drink.Fromcan_p15_r00_v10_c02.mp4,p15,m,train,8
WatchTV_p12_r06_v14_c05.mp4,p12,f,train,31
Sitdown_p19_r07_v05_c05.mp4,p19,f,train,25
Walk_p17_r12_v05_c05.mp4,p17,m,train,30
Sitdown_p12_r08_v05_c04.mp4,p12,f,train,25
Drink.Fromcup_p19_r08_v08_c02.mp4,p19,f,train,9
Drink.Fromcup_p12_r07_v06_c04.mp4,p12,f,train,9
Usetelephone_p15_r00_v09_c01.mp4,p15,m,train,29
Walk_p04_r02_v14_c06.mp4,p04,f,train,30
Cook.Stir_p19_r01_v12_c06.mp4,p19,f,train,4
Eat.Attable_p13_r04_v09_c01.mp4,p13,f,train,11
Walk_p03_r01_v05_c04.mp4,p03,m,train,30
Drink.Fromcup_p13_r00_v13_c01.mp4,p13,f,train,9
Enter_p04_r01_v15_c07.mp4,p04,f,train,13
Walk_p25_r17_v04_c04.mp4,p25,f,train,30
Cook.Cleanup_p10_r02_v13_c03.mp4,p10,f,test,2
Cook.Cut_p17_r00_v15_c07.mp4,p17,m,train,3
Walk_p03_r10_v12_c01.mp4,p03,m,train,30
Walk_p14_r00_v13_c02.mp4,p14,m,test,30
Cook.Cleanup_p18_r05_v13_c03.mp4,p18,m,test,2
WatchTV_p20_r07_v02_c05.mp4,p20,f,test,31
Enter_p04_r04_v05_c04.mp4,p04,f,train,13
Eat.Attable_p04_r06_v12_c01.mp4,p04,f,train,11
Cook.Cleandishes_p11_r10_v11_c07.mp4,p11,f,test,1
Walk_p19_r02_v03_c05.mp4,p19,f,train,30
Walk_p13_r03_v25_c04.mp4,p13,f,train,30
Drink.Fromcup_p12_r02_v14_c05.mp4,p12,f,train,9
Getup_p14_r08_v07_c05.mp4,p14,m,test,14
Walk_p17_r10_v11_c03.mp4,p17,m,train,30
Uselaptop_p09_r00_v09_c01.mp4,p09,m,train,27
Maketea.Insertteabag_p06_r00_v12_c03.mp4,p06,f,train,20
Eat.Attable_p13_r10_v09_c01.mp4,p13,f,train,11
Pour.Frombottle_p18_r00_v11_c01.mp4,p18,m,test,21
Eat.Attable_p13_r20_v08_c02.mp4,p13,f,train,11
Sitdown_p10_r06_v02_c05.mp4,p10,f,test,25
Walk_p03_r23_v03_c05.mp4,p03,m,train,30
Eat.Attable_p04_r02_v12_c02.mp4,p04,f,train,11
Sitdown_p11_r05_v05_c04.mp4,p11,f,test,25
Drink.Fromcup_p25_r02_v01_c04.mp4,p25,f,train,9
Readbook_p04_r02_v08_c01.mp4,p04,f,train,24
Walk_p13_r07_v21_c06.mp4,p13,f,train,30
Eat.Attable_p19_r20_v07_c01.mp4,p19,f,train,11
Getup_p03_r00_v10_c02.mp4,p03,m,train,14
WatchTV_p12_r04_v05_c05.mp4,p12,f,train,31
Drink.Fromcup_p15_r05_v09_c02.mp4,p15,m,train,9
Walk_p06_r00_v14_c01.mp4,p06,f,train,30
Leave_p04_r00_v17_c06.mp4,p04,f,train,16
Drink.Fromcup_p16_r01_v07_c01.mp4,p16,f,test,9
Drink.Fromcup_p07_r07_v08_c02.mp4,p07,f,train,9
Walk_p14_r13_v02_c05.mp4,p14,m,test,30
Cook.Cleanup_p07_r06_v06_c06.mp4,p07,f,train,2
Sitdown_p15_r02_v10_c02.mp4,p15,m,train,25
Readbook_p14_r00_v05_c04.mp4,p14,m,test,24
Laydown_p15_r01_v02_c05.mp4,p15,m,train,15
Cook.Stir_p02_r06_v15_c06.mp4,p02,f,test,4
Takepills_p17_r00_v15_c03.mp4,p17,m,train,26
Walk_p13_r10_v10_c02.mp4,p13,f,train,30
Drink.Fromcup_p02_r03_v01_c06.mp4,p02,f,test,9
Walk_p25_r24_v12_c06.mp4,p25,f,train,30
Readbook_p14_r00_v10_c01.mp4,p14,m,test,24
Cutbread_p14_r00_v09_c02.mp4,p14,m,test,6
Cook.Stir_p12_r02_v12_c07.mp4,p12,f,train,4
Sitdown_p14_r10_v02_c05.mp4,p14,m,test,25
Drink.Fromcup_p13_r00_v04_c04.mp4,p13,f,train,9
Walk_p04_r00_v01_c05.mp4,p04,f,train,30
Drink.Fromcup_p12_r10_v01_c04.mp4,p12,f,train,9
Getup_p14_r02_v11_c02.mp4,p14,m,test,14
Walk_p19_r07_v03_c05.mp4,p19,f,train,30
Cook.Cleanup_p07_r05_v20_c06.mp4,p07,f,train,2
Cook.Cleanup_p17_r02_v14_c03.mp4,p17,m,train,2
Takepills_p07_r00_v10_c01.mp4,p07,f,train,26
Cook.Usestove_p07_r14_v21_c06.mp4,p07,f,train,5
Walk_p13_r00_v25_c04.mp4,p13,f,train,30
Usetelephone_p10_r02_v13_c03.mp4,p10,f,test,29
Sitdown_p03_r05_v02_c05.mp4,p03,m,train,25
Drink.Fromcup_p14_r12_v03_c05.mp4,p14,m,test,9
Sitdown_p12_r05_v06_c04.mp4,p12,f,train,25
Uselaptop_p07_r00_v09_c01.mp4,p07,f,train,27
Walk_p17_r11_v15_c07.mp4,p17,m,train,30
Drink.Frombottle_p03_r12_v03_c04.mp4,p03,m,train,7
Eat.Attable_p25_r02_v09_c02.mp4,p25,f,train,11
Sitdown_p19_r05_v01_c04.mp4,p19,f,train,25
Readbook_p19_r05_v01_c05.mp4,p19,f,train,24
Drink.Fromcup_p11_r04_v08_c01.mp4,p11,f,test,9
Walk_p19_r02_v11_c06.mp4,p19,f,train,30
Takepills_p09_r00_v03_c04.mp4,p09,m,train,26
Drink.Fromcup_p19_r03_v09_c01.mp4,p19,f,train,9
Cook.Cleanup_p03_r08_v18_c06.mp4,p03,m,train,2
Drink.Fromglass_p03_r06_v18_c03.mp4,p03,m,train,10
Walk_p20_r02_v07_c04.mp4,p20,f,test,30
Uselaptop_p17_r01_v08_c01.mp4,p17,m,train,27
Drink.Fromcup_p19_r12_v04_c05.mp4,p19,f,train,9
Getup_p13_r02_v12_c02.mp4,p13,f,train,14
Drink.Fromcan_p09_r04_v04_c04.mp4,p09,m,train,8
Drink.Fromcup_p14_r02_v03_c05.mp4,p14,m,test,9
Readbook_p25_r04_v11_c02.mp4,p25,f,train,24
Pour.Fromkettle_p13_r00_v20_c03.mp4,p13,f,train,23
Usetelephone_p03_r00_v19_c04.mp4,p03,m,train,29
Walk_p19_r02_v01_c05.mp4,p19,f,train,30
Cook.Stir_p13_r02_v23_c03.mp4,p13,f,train,4
Readbook_p17_r00_v05_c04.mp4,p17,m,train,24
Readbook_p17_r05_v09_c01.mp4,p17,m,train,24
Walk_p17_r15_v05_c05.mp4,p17,m,train,30
Eat.Snack_p12_r00_v05_c04.mp4,p12,f,train,12
Walk_p04_r02_v16_c03.mp4,p04,f,train,30
Drink.Fromcup_p20_r05_v02_c05.mp4,p20,f,test,9
Takepills_p15_r01_v05_c04.mp4,p15,m,train,26
Drink.Fromcup_p15_r13_v08_c01.mp4,p15,m,train,9
Eat.Attable_p13_r05_v09_c01.mp4,p13,f,train,11
Cook.Cleandishes_p07_r07_v06_c03.mp4,p07,f,train,1
Laydown_p18_r00_v06_c05.mp4,p18,m,test,15
Sitdown_p03_r09_v19_c05.mp4,p03,m,train,25
Drink.Fromcup_p17_r03_v14_c03.mp4,p17,m,train,9
Drink.Fromcup_p16_r02_v07_c02.mp4,p16,f,test,9
Getup_p11_r00_v15_c01.mp4,p11,f,test,14
Enter_p04_r03_v05_c05.mp4,p04,f,train,13
Eat.Attable_p18_r09_v09_c01.mp4,p18,m,test,11
Drink.Fromcup_p03_r04_v04_c05.mp4,p03,m,train,9
Takepills_p13_r02_v11_c02.mp4,p13,f,train,26
Cook.Cleandishes_p11_r01_v11_c03.mp4,p11,f,test,1
Sitdown_p12_r00_v02_c04.mp4,p12,f,train,25
Drink.Fromcup_p18_r00_v13_c03.mp4,p18,m,test,9
Sitdown_p06_r01_v14_c01.mp4,p06,f,train,25
Takepills_p19_r00_v12_c06.mp4,p19,f,train,26
Sitdown_p13_r04_v03_c04.mp4,p13,f,train,25
Sitdown_p13_r02_v11_c01.mp4,p13,f,train,25
Usetelephone_p25_r00_v11_c01.mp4,p25,f,train,29
Walk_p20_r08_v05_c05.mp4,p20,f,test,30
Enter_p03_r02_v18_c06.mp4,p03,m,train,13
WatchTV_p12_r07_v07_c05.mp4,p12,f,train,31
Drink.Fromcup_p09_r01_v16_c06.mp4,p09,m,train,9
Makecoffee.Pourgrains_p07_r00_v20_c03.mp4,p07,f,train,17
Walk_p11_r04_v15_c01.mp4,p11,f,test,30
Eat.Attable_p09_r02_v09_c01.mp4,p09,m,train,11
Eat.Attable_p16_r02_v06_c01.mp4,p16,f,test,11
Readbook_p17_r00_v08_c02.mp4,p17,m,train,24
Usetablet_p20_r00_v02_c04.mp4,p20,f,test,28
Takepills_p14_r01_v04_c04.mp4,p14,m,test,26
Walk_p03_r02_v06_c05.mp4,p03,m,train,30
Walk_p02_r01_v12_c02.mp4,p02,f,test,30
Walk_p15_r12_v16_c03.mp4,p15,m,train,30
Walk_p12_r03_v13_c06.mp4,p12,f,train,30
WatchTV_p16_r01_v01_c05.mp4,p16,f,test,31
Pour.Fromkettle_p04_r01_v15_c06.mp4,p04,f,train,23
Walk_p13_r19_v04_c04.mp4,p13,f,train,30
Maketea.Boilwater_p19_r01_v11_c06.mp4,p19,f,train,19
Walk_p14_r02_v15_c07.mp4,p14,m,test,30
Cook.Cleanup_p04_r01_v18_c07.mp4,p04,f,train,2
Walk_p10_r02_v13_c03.mp4,p10,f,test,30
Getup_p15_r05_v11_c01.mp4,p15,m,train,14
Drink.Fromcup_p25_r04_v04_c05.mp4,p25,f,train,9
Readbook_p12_r03_v07_c05.mp4,p12,f,train,24
Walk_p15_r09_v17_c03.mp4,p15,m,train,30
Readbook_p10_r00_v06_c04.mp4,p10,f,test,24
WatchTV_p06_r01_v03_c04.mp4,p06,f,train,31
Uselaptop_p14_r05_v05_c04.mp4,p14,m,test,27
Walk_p06_r01_v02_c05.mp4,p06,f,train,30
Sitdown_p20_r03_v10_c01.mp4,p20,f,test,25
Drink.Fromcup_p17_r02_v01_c04.mp4,p17,m,train,9
Eat.Attable_p07_r14_v08_c01.mp4,p07,f,train,11
WatchTV_p18_r10_v08_c05.mp4,p18,m,test,31
Walk_p04_r00_v14_c07.mp4,p04,f,train,30
Walk_p15_r03_v07_c05.mp4,p15,m,train,30
Makecoffee.Pourwater_p11_r00_v12_c06.mp4,p11,f,test,18
Getup_p14_r01_v02_c04.mp4,p14,m,test,14
Walk_p03_r01_v07_c05.mp4,p03,m,train,30
Walk_p02_r02_v12_c02.mp4,p02,f,test,30
Drink.Fromcup_p19_r14_v08_c02.mp4,p19,f,train,9
Enter_p03_r00_v08_c05.mp4,p03,m,train,13
WatchTV_p12_r06_v06_c05.mp4,p12,f,train,31
Eat.Attable_p18_r13_v09_c02.mp4,p18,m,test,11
Laydown_p11_r00_v04_c04.mp4,p11,f,test,15
Cook.Cut_p15_r00_v16_c06.mp4,p15,m,train,3
Sitdown_p14_r09_v10_c02.mp4,p14,m,test,25
Sitdown_p19_r02_v02_c05.mp4,p19,f,train,25
Cook.Stir_p25_r09_v15_c06.mp4,p25,f,train,4
Usetelephone_p15_r00_v12_c02.mp4,p15,m,train,29
Cook.Stir_p09_r07_v13_c03.mp4,p09,m,train,4
Cook.Stir_p02_r08_v15_c06.mp4,p02,f,test,4
Cook.Cleandishes_p06_r04_v12_c03.mp4,p06,f,train,1
WatchTV_p07_r04_v02_c05.mp4,p07,f,train,31
Getup_p10_r03_v07_c04.mp4,p10,f,test,14
Walk_p25_r13_v14_c07.mp4,p25,f,train,30
Drink.Fromcup_p13_r11_v10_c01.mp4,p13,f,train,9
Leave_p06_r04_v12_c03.mp4,p06,f,train,16
Readbook_p19_r04_v01_c05.mp4,p19,f,train,24
Drink.Fromcan_p07_r00_v21_c06.mp4,p07,f,train,8
Leave_p04_r00_v15_c03.mp4,p04,f,train,16
Takepills_p17_r01_v03_c05.mp4,p17,m,train,26
Takepills_p03_r00_v08_c05.mp4,p03,m,train,26
WatchTV_p03_r02_v08_c05.mp4,p03,m,train,31
Walk_p15_r10_v17_c07.mp4,p15,m,train,30
Sitdown_p03_r01_v11_c02.mp4,p03,m,train,25
Sitdown_p03_r06_v05_c05.mp4,p03,m,train,25
WatchTV_p17_r05_v02_c05.mp4,p17,m,train,31
Walk_p17_r02_v15_c07.mp4,p17,m,train,30
Walk_p17_r03_v13_c06.mp4,p17,m,train,30
Getup_p14_r11_v10_c02.mp4,p14,m,test,14
Getup_p09_r02_v06_c05.mp4,p09,m,train,14
Walk_p04_r10_v04_c05.mp4,p04,f,train,30
Drink.Fromcup_p14_r04_v09_c02.mp4,p14,m,test,9
Enter_p07_r04_v05_c05.mp4,p07,f,train,13
Walk_p03_r01_v11_c01.mp4,p03,m,train,30
Enter_p06_r03_v27_c01.mp4,p06,f,train,13
Sitdown_p06_r02_v11_c01.mp4,p06,f,train,25
Drink.Fromcup_p20_r04_v01_c05.mp4,p20,f,test,9
Takepills_p10_r01_v05_c05.mp4,p10,f,test,26
Drink.Fromcup_p04_r00_v01_c05.mp4,p04,f,train,9
Walk_p11_r19_v05_c04.mp4,p11,f,test,30
Eat.Attable_p07_r16_v08_c02.mp4,p07,f,train,11
Uselaptop_p14_r01_v08_c05.mp4,p14,m,test,27
Cook.Stir_p16_r01_v14_c06.mp4,p16,f,test,4
Drink.Fromcup_p09_r03_v03_c04.mp4,p09,m,train,9
Walk_p17_r10_v12_c03.mp4,p17,m,train,30
Sitdown_p14_r05_v12_c02.mp4,p14,m,test,25
Makecoffee.Pourgrains_p10_r00_v13_c06.mp4,p10,f,test,17
Pour.Frombottle_p06_r01_v09_c01.mp4,p06,f,train,21
Walk_p17_r15_v10_c02.mp4,p17,m,train,30
Sitdown_p13_r02_v10_c01.mp4,p13,f,train,25
Drink.Fromcup_p12_r03_v07_c04.mp4,p12,f,train,9
Drink.Fromcup_p20_r03_v02_c05.mp4,p20,f,test,9
Cook.Cut_p15_r03_v15_c07.mp4,p15,m,train,3
Leave_p03_r01_v02_c04.mp4,p03,m,train,16
Drink.Frombottle_p10_r03_v01_c04.mp4,p10,f,test,7
Pour.Frombottle_p25_r00_v05_c04.mp4,p25,f,train,21
Walk_p02_r00_v01_c06.mp4,p02,f,test,30
Cook.Stir_p09_r12_v13_c07.mp4,p09,m,train,4
Enter_p06_r00_v12_c07.mp4,p06,f,train,13
Readbook_p06_r00_v04_c04.mp4,p06,f,train,24
Sitdown_p06_r03_v06_c04.mp4,p06,f,train,25
Cook.Stir_p17_r03_v15_c07.mp4,p17,m,train,4
Getup_p03_r11_v08_c05.mp4,p03,m,train,14
WatchTV_p12_r10_v05_c05.mp4,p12,f,train,31
Leave_p17_r03_v04_c05.mp4,p17,m,train,16
Uselaptop_p20_r00_v05_c04.mp4,p20,f,test,27
Pour.Fromkettle_p02_r01_v02_c03.mp4,p02,f,test,23
Walk_p15_r17_v13_c06.mp4,p15,m,train,30
Getup_p06_r00_v06_c04.mp4,p06,f,train,14
Readbook_p15_r06_v01_c05.mp4,p15,m,train,24
Sitdown_p09_r00_v04_c05.mp4,p09,m,train,25
Drink.Fromcup_p04_r01_v12_c02.mp4,p04,f,train,9
Uselaptop_p10_r02_v05_c04.mp4,p10,f,test,27
Getup_p16_r00_v03_c04.mp4,p16,f,test,14
Enter_p17_r00_v12_c03.mp4,p17,m,train,13
Walk_p07_r01_v20_c03.mp4,p07,f,train,30
Eat.Attable_p13_r32_v08_c02.mp4,p13,f,train,11
Getup_p14_r20_v05_c04.mp4,p14,m,test,14
Drink.Fromcup_p02_r09_v09_c05.mp4,p02,f,test,9
Walk_p14_r10_v06_c05.mp4,p14,m,test,30
Sitdown_p06_r01_v14_c02.mp4,p06,f,train,25
Cook.Stir_p09_r03_v12_c03.mp4,p09,m,train,4
Drink.Fromcan_p03_r07_v07_c05.mp4,p03,m,train,8
Cook.Cleanup_p18_r00_v14_c03.mp4,p18,m,test,2
Sitdown_p14_r10_v01_c04.mp4,p14,m,test,25
Walk_p17_r21_v09_c02.mp4,p17,m,train,30
Walk_p15_r06_v17_c03.mp4,p15,m,train,30
Takepills_p14_r00_v08_c05.mp4,p14,m,test,26
Walk_p03_r04_v08_c04.mp4,p03,m,train,30
Getup_p10_r06_v07_c05.mp4,p10,f,test,14
Walk_p04_r05_v17_c07.mp4,p04,f,train,30
Drink.Fromcup_p14_r08_v11_c01.mp4,p14,m,test,9
Walk_p04_r08_v05_c04.mp4,p04,f,train,30
Drink.Frombottle_p14_r00_v10_c02.mp4,p14,m,test,7
Eat.Attable_p07_r12_v08_c02.mp4,p07,f,train,11
Walk_p02_r07_v14_c03.mp4,p02,f,test,30
Drink.Fromcup_p07_r02_v04_c05.mp4,p07,f,train,9
Walk_p07_r04_v03_c05.mp4,p07,f,train,30
Walk_p14_r10_v05_c05.mp4,p14,m,test,30
Readbook_p04_r01_v04_c04.mp4,p04,f,train,24
Drink.Frombottle_p03_r00_v06_c04.mp4,p03,m,train,7
Drink.Fromcup_p10_r05_v03_c04.mp4,p10,f,test,9
Drink.Fromcup_p16_r00_v03_c05.mp4,p16,f,test,9
Leave_p04_r04_v05_c04.mp4,p04,f,train,16
Walk_p15_r01_v12_c02.mp4,p15,m,train,30
Getup_p20_r01_v05_c05.mp4,p20,f,test,14
Drink.Fromcup_p25_r01_v09_c01.mp4,p25,f,train,9
Drink.Fromcan_p14_r01_v08_c04.mp4,p14,m,test,8
Walk_p18_r13_v10_c02.mp4,p18,m,test,30
Laydown_p15_r02_v02_c05.mp4,p15,m,train,15
Cook.Cleandishes_p03_r10_v18_c06.mp4,p03,m,train,1
Drink.Fromcan_p04_r05_v03_c04.mp4,p04,f,train,8
Walk_p03_r13_v12_c01.mp4,p03,m,train,30
Drink.Fromcup_p25_r00_v04_c05.mp4,p25,f,train,9
Walk_p20_r01_v04_c05.mp4,p20,f,test,30
Enter_p10_r01_v11_c03.mp4,p10,f,test,13
Drink.Fromcup_p20_r02_v01_c04.mp4,p20,f,test,9
Walk_p18_r02_v15_c07.mp4,p18,m,test,30
Walk_p16_r00_v10_c02.mp4,p16,f,test,30
Walk_p10_r02_v11_c07.mp4,p10,f,test,30
Walk_p04_r12_v16_c07.mp4,p04,f,train,30
Eat.Attable_p16_r03_v06_c02.mp4,p16,f,test,11
Walk_p12_r12_v05_c04.mp4,p12,f,train,30
Readbook_p13_r04_v10_c02.mp4,p13,f,train,24
Cook.Usestove_p09_r02_v13_c03.mp4,p09,m,train,5
WatchTV_p07_r08_v05_c05.mp4,p07,f,train,31
Cook.Stir_p25_r01_v15_c06.mp4,p25,f,train,4
Readbook_p04_r02_v09_c01.mp4,p04,f,train,24
Drink.Fromcan_p18_r03_v08_c05.mp4,p18,m,test,8
Cook.Cleanup_p07_r04_v20_c06.mp4,p07,f,train,2
Walk_p03_r08_v19_c05.mp4,p03,m,train,30
Drink.Frombottle_p18_r02_v05_c04.mp4,p18,m,test,7
Drink.Fromcup_p06_r05_v08_c01.mp4,p06,f,train,9
Walk_p13_r03_v03_c04.mp4,p13,f,train,30
Readbook_p13_r03_v05_c04.mp4,p13,f,train,24
Getup_p09_r05_v02_c04.mp4,p09,m,train,14
Drink.Fromcup_p17_r00_v03_c05.mp4,p17,m,train,9
Leave_p04_r02_v05_c04.mp4,p04,f,train,16
Walk_p15_r11_v16_c03.mp4,p15,m,train,30
Cook.Cleandishes_p11_r06_v11_c03.mp4,p11,f,test,1
Readbook_p20_r01_v05_c04.mp4,p20,f,test,24
Eat.Attable_p16_r03_v06_c01.mp4,p16,f,test,11
Pour.Frombottle_p19_r00_v09_c02.mp4,p19,f,train,21
Pour.Frombottle_p19_r00_v12_c06.mp4,p19,f,train,21
Maketea.Boilwater_p13_r00_v21_c03.mp4,p13,f,train,19
Walk_p10_r02_v13_c06.mp4,p10,f,test,30
Walk_p25_r18_v04_c05.mp4,p25,f,train,30
Eat.Snack_p06_r03_v11_c01.mp4,p06,f,train,12
Walk_p02_r24_v09_c05.mp4,p02,f,test,30
Sitdown_p04_r02_v01_c05.mp4,p04,f,train,25
Eat.Attable_p16_r27_v06_c02.mp4,p16,f,test,11
Usetelephone_p19_r01_v14_c06.mp4,p19,f,train,29
Sitdown_p12_r05_v03_c04.mp4,p12,f,train,25
Eat.Attable_p07_r34_v08_c02.mp4,p07,f,train,11
Pour.Fromkettle_p15_r01_v13_c06.mp4,p15,m,train,23
Walk_p15_r08_v05_c05.mp4,p15,m,train,30
Readbook_p13_r02_v03_c04.mp4,p13,f,train,24
Walk_p12_r07_v12_c06.mp4,p12,f,train,30
WatchTV_p16_r04_v02_c05.mp4,p16,f,test,31
Cook.Usestove_p09_r06_v13_c06.mp4,p09,m,train,5
Drink.Fromcup_p17_r00_v05_c04.mp4,p17,m,train,9
Takepills_p18_r00_v15_c03.mp4,p18,m,test,26
WatchTV_p25_r01_v06_c05.mp4,p25,f,train,31
Drink.Fromcup_p16_r05_v12_c06.mp4,p16,f,test,9
Cook.Stir_p20_r03_v16_c07.mp4,p20,f,test,4
Drink.Fromcup_p12_r00_v14_c05.mp4,p12,f,train,9
Eat.Snack_p19_r06_v09_c02.mp4,p19,f,train,12
Walk_p18_r07_v15_c07.mp4,p18,m,test,30
Cook.Usestove_p06_r03_v13_c03.mp4,p06,f,train,5
Getup_p14_r00_v05_c04.mp4,p14,m,test,14
Walk_p18_r00_v11_c01.mp4,p18,m,test,30
Sitdown_p10_r01_v10_c01.mp4,p10,f,test,25
Getup_p09_r04_v01_c04.mp4,p09,m,train,14
Leave_p07_r02_v06_c05.mp4,p07,f,train,16
Walk_p11_r20_v07_c04.mp4,p11,f,test,30
Walk_p03_r00_v18_c06.mp4,p03,m,train,30
Walk_p14_r19_v04_c05.mp4,p14,m,test,30
Walk_p17_r03_v03_c04.mp4,p17,m,train,30
Laydown_p14_r04_v02_c05.mp4,p14,m,test,15
WatchTV_p03_r01_v03_c05.mp4,p03,m,train,31
Pour.Fromkettle_p16_r00_v12_c06.mp4,p16,f,test,23
WatchTV_p19_r03_v05_c05.mp4,p19,f,train,31
Cook.Stir_p09_r04_v13_c06.mp4,p09,m,train,4
Sitdown_p14_r05_v07_c04.mp4,p14,m,test,25
Getup_p25_r01_v11_c01.mp4,p25,f,train,14
Walk_p03_r05_v13_c01.mp4,p03,m,train,30
Drink.Fromcup_p07_r00_v20_c06.mp4,p07,f,train,9
WatchTV_p12_r05_v03_c05.mp4,p12,f,train,31
Cook.Stir_p06_r02_v13_c06.mp4,p06,f,train,4
Drink.Frombottle_p20_r00_v09_c01.mp4,p20,f,test,7
Usetelephone_p09_r00_v01_c04.mp4,p09,m,train,29
Walk_p13_r00_v08_c02.mp4,p13,f,train,30
WatchTV_p12_r00_v07_c05.mp4,p12,f,train,31
Uselaptop_p13_r01_v04_c04.mp4,p13,f,train,27
Eat.Attable_p19_r02_v09_c01.mp4,p19,f,train,11
Cook.Cleanup_p17_r02_v15_c06.mp4,p17,m,train,2
Walk_p10_r04_v12_c03.mp4,p10,f,test,30
Walk_p16_r04_v13_c06.mp4,p16,f,test,30
Sitdown_p10_r11_v10_c01.mp4,p10,f,test,25
Enter_p03_r00_v18_c03.mp4,p03,m,train,13
Cook.Stir_p13_r05_v23_c03.mp4,p13,f,train,4
Sitdown_p10_r08_v05_c04.mp4,p10,f,test,25
Readbook_p14_r01_v08_c05.mp4,p14,m,test,24
Enter_p10_r00_v03_c05.mp4,p10,f,test,13
Walk_p03_r03_v06_c05.mp4,p03,m,train,30
Eat.Attable_p16_r31_v06_c02.mp4,p16,f,test,11
Drink.Fromcup_p03_r01_v06_c05.mp4,p03,m,train,9
Cook.Cut_p06_r00_v13_c07.mp4,p06,f,train,3
Drink.Fromcup_p19_r04_v04_c04.mp4,p19,f,train,9
Usetelephone_p02_r00_v01_c07.mp4,p02,f,test,29
Cook.Cleandishes_p09_r03_v12_c03.mp4,p09,m,train,1
Drink.Fromcup_p12_r05_v04_c05.mp4,p12,f,train,9
Pour.Fromkettle_p16_r01_v12_c03.mp4,p16,f,test,23
Walk_p15_r01_v09_c02.mp4,p15,m,train,30
Drink.Fromcup_p04_r01_v15_c06.mp4,p04,f,train,9
Sitdown_p13_r02_v10_c02.mp4,p13,f,train,25
Usetelephone_p13_r00_v04_c04.mp4,p13,f,train,29
WatchTV_p07_r06_v06_c05.mp4,p07,f,train,31
Drink.Frombottle_p07_r00_v10_c02.mp4,p07,f,train,7
Drink.Fromcup_p12_r03_v04_c05.mp4,p12,f,train,9
Pour.Frombottle_p25_r03_v05_c05.mp4,p25,f,train,21
Drink.Fromcup_p25_r06_v12_c03.mp4,p25,f,train,9
Eat.Attable_p18_r25_v09_c01.mp4,p18,m,test,11
Walk_p06_r00_v03_c04.mp4,p06,f,train,30
Walk_p02_r07_v01_c06.mp4,p02,f,test,30
Walk_p07_r06_v03_c05.mp4,p07,f,train,30
Walk_p13_r05_v21_c03.mp4,p13,f,train,30
Walk_p25_r16_v14_c07.mp4,p25,f,train,30
Sitdown_p06_r00_v11_c02.mp4,p06,f,train,25
Drink.Fromcup_p20_r00_v03_c05.mp4,p20,f,test,9
Cook.Cut_p20_r12_v15_c07.mp4,p20,f,test,3
Cook.Stir_p17_r10_v14_c03.mp4,p17,m,train,4
Sitdown_p10_r06_v05_c05.mp4,p10,f,test,25
Walk_p13_r06_v25_c04.mp4,p13,f,train,30
Laydown_p14_r01_v02_c04.mp4,p14,m,test,15
Walk_p12_r16_v12_c06.mp4,p12,f,train,30
Walk_p02_r00_v18_c05.mp4,p02,f,test,30
Cook.Cut_p15_r00_v15_c07.mp4,p15,m,train,3
Drink.Fromcup_p15_r07_v13_c03.mp4,p15,m,train,9
Walk_p14_r21_v06_c05.mp4,p14,m,test,30
Getup_p06_r01_v14_c01.mp4,p06,f,train,14
Drink.Fromcan_p25_r07_v15_c06.mp4,p25,f,train,8
Drink.Fromcup_p14_r00_v12_c02.mp4,p14,m,test,9
Cook.Cleanup_p10_r00_v12_c03.mp4,p10,f,test,2
Cook.Stir_p18_r00_v15_c03.mp4,p18,m,test,4
Walk_p14_r14_v06_c05.mp4,p14,m,test,30
Walk_p12_r08_v05_c04.mp4,p12,f,train,30
Usetelephone_p13_r00_v11_c01.mp4,p13,f,train,29
Walk_p17_r09_v12_c07.mp4,p17,m,train,30
Cook.Cleanup_p09_r03_v13_c06.mp4,p09,m,train,2
Drink.Frombottle_p14_r00_v11_c02.mp4,p14,m,test,7
Drink.Fromcup_p10_r01_v11_c06.mp4,p10,f,test,9
Cook.Stir_p20_r05_v16_c03.mp4,p20,f,test,4
Makecoffee.Pourwater_p03_r00_v16_c07.mp4,p03,m,train,18
Walk_p25_r19_v15_c06.mp4,p25,f,train,30
Pour.Frombottle_p13_r04_v24_c04.mp4,p13,f,train,21
Eat.Snack_p16_r04_v04_c05.mp4,p16,f,test,12
Walk_p13_r00_v23_c06.mp4,p13,f,train,30
Takepills_p16_r00_v04_c04.mp4,p16,f,test,26
Uselaptop_p02_r00_v08_c05.mp4,p02,f,test,27
Walk_p25_r08_v12_c03.mp4,p25,f,train,30
Eat.Attable_p16_r32_v06_c02.mp4,p16,f,test,11
Getup_p10_r08_v03_c04.mp4,p10,f,test,14
WatchTV_p09_r00_v01_c04.mp4,p09,m,train,31
WatchTV_p10_r04_v07_c05.mp4,p10,f,test,31
Takepills_p16_r01_v15_c03.mp4,p16,f,test,26
Walk_p15_r09_v02_c05.mp4,p15,m,train,30
Drink.Fromcup_p19_r12_v01_c04.mp4,p19,f,train,9
Eat.Attable_p16_r16_v06_c02.mp4,p16,f,test,11
Eat.Attable_p09_r27_v08_c01.mp4,p09,m,train,11
Cook.Stir_p17_r01_v14_c03.mp4,p17,m,train,4
Walk_p25_r12_v05_c05.mp4,p25,f,train,30
Drink.Fromcup_p13_r05_v09_c01.mp4,p13,f,train,9
Drink.Fromcup_p04_r03_v15_c07.mp4,p04,f,train,9
Walk_p20_r00_v05_c05.mp4,p20,f,test,30
Walk_p06_r08_v13_c07.mp4,p06,f,train,30
Enter_p06_r03_v12_c07.mp4,p06,f,train,13
Getup_p25_r07_v10_c01.mp4,p25,f,train,14
Getup_p06_r02_v03_c04.mp4,p06,f,train,14
Getup_p09_r04_v06_c04.mp4,p09,m,train,14
Drink.Fromcup_p25_r03_v12_c06.mp4,p25,f,train,9
Drink.Fromcup_p03_r05_v06_c04.mp4,p03,m,train,9
Readbook_p14_r00_v11_c02.mp4,p14,m,test,24
Walk_p03_r10_v03_c05.mp4,p03,m,train,30
Drink.Frombottle_p07_r00_v10_c01.mp4,p07,f,train,7
Walk_p12_r13_v12_c07.mp4,p12,f,train,30
WatchTV_p25_r12_v01_c05.mp4,p25,f,train,31
Drink.Frombottle_p15_r02_v11_c02.mp4,p15,m,train,7
Sitdown_p10_r03_v06_c04.mp4,p10,f,test,25
Drink.Fromcup_p13_r01_v10_c01.mp4,p13,f,train,9
Walk_p25_r05_v04_c05.mp4,p25,f,train,30
Drink.Fromcup_p13_r10_v10_c01.mp4,p13,f,train,9
Cook.Cleanup_p13_r01_v23_c06.mp4,p13,f,train,2
Drink.Fromcup_p03_r03_v10_c02.mp4,p03,m,train,9
Sitdown_p14_r03_v13_c01.mp4,p14,m,test,25
Getup_p17_r05_v08_c01.mp4,p17,m,train,14
Walk_p12_r19_v04_c05.mp4,p12,f,train,30
WatchTV_p09_r02_v06_c05.mp4,p09,m,train,31
Walk_p11_r07_v03_c04.mp4,p11,f,test,30
Cook.Cleandishes_p10_r00_v11_c06.mp4,p10,f,test,1
Drink.Frombottle_p12_r00_v02_c04.mp4,p12,f,train,7
WatchTV_p20_r05_v05_c05.mp4,p20,f,test,31
Drink.Fromcup_p04_r06_v09_c01.mp4,p04,f,train,9
Cook.Cleandishes_p09_r01_v12_c03.mp4,p09,m,train,1
Eat.Attable_p13_r13_v08_c02.mp4,p13,f,train,11
Pour.Frombottle_p19_r01_v08_c02.mp4,p19,f,train,21
Laydown_p17_r05_v05_c05.mp4,p17,m,train,15
Sitdown_p06_r02_v14_c01.mp4,p06,f,train,25
Drink.Fromcup_p03_r03_v11_c02.mp4,p03,m,train,9
Maketea.Insertteabag_p11_r01_v12_c06.mp4,p11,f,test,20
Sitdown_p03_r10_v19_c05.mp4,p03,m,train,25
WatchTV_p10_r03_v03_c05.mp4,p10,f,test,31
WatchTV_p12_r12_v14_c05.mp4,p12,f,train,31
Walk_p03_r10_v15_c03.mp4,p03,m,train,30
Walk_p13_r05_v20_c06.mp4,p13,f,train,30
Eat.Attable_p14_r15_v09_c02.mp4,p14,m,test,11
Uselaptop_p11_r02_v14_c01.mp4,p11,f,test,27
Readbook_p18_r00_v10_c02.mp4,p18,m,test,24
Walk_p04_r00_v07_c05.mp4,p04,f,train,30
Eat.Snack_p19_r05_v10_c02.mp4,p19,f,train,12
Sitdown_p14_r01_v09_c01.mp4,p14,m,test,25
Sitdown_p17_r03_v10_c01.mp4,p17,m,train,25
Eat.Attable_p14_r06_v09_c02.mp4,p14,m,test,11
Cook.Stir_p09_r03_v13_c06.mp4,p09,m,train,4
Eat.Snack_p03_r04_v15_c06.mp4,p03,m,train,12
Usetelephone_p02_r01_v01_c06.mp4,p02,f,test,29
Drink.Fromcup_p07_r00_v08_c02.mp4,p07,f,train,9
Enter_p07_r00_v09_c02.mp4,p07,f,train,13
Drink.Fromcup_p16_r02_v02_c04.mp4,p16,f,test,9
Walk_p13_r12_v04_c04.mp4,p13,f,train,30
Drink.Frombottle_p13_r00_v12_c02.mp4,p13,f,train,7
Drink.Fromcup_p16_r00_v13_c06.mp4,p16,f,test,9
Getup_p03_r01_v13_c01.mp4,p03,m,train,14
Sitdown_p19_r00_v03_c04.mp4,p19,f,train,25
Usetelephone_p14_r01_v13_c02.mp4,p14,m,test,29
Walk_p06_r00_v04_c05.mp4,p06,f,train,30
Walk_p13_r09_v10_c02.mp4,p13,f,train,30
Uselaptop_p13_r00_v12_c02.mp4,p13,f,train,27
Walk_p16_r08_v13_c06.mp4,p16,f,test,30
Cook.Stir_p17_r00_v14_c07.mp4,p17,m,train,4
Walk_p02_r06_v12_c02.mp4,p02,f,test,30
Eat.Attable_p03_r03_v10_c01.mp4,p03,m,train,11
Leave_p14_r01_v04_c04.mp4,p14,m,test,16
Drink.Frombottle_p02_r01_v06_c05.mp4,p02,f,test,7
Walk_p20_r04_v15_c07.mp4,p20,f,test,30
Drink.Fromcup_p20_r00_v06_c04.mp4,p20,f,test,9
Pour.Frombottle_p02_r03_v15_c06.mp4,p02,f,test,21
Pour.Frombottle_p03_r03_v06_c04.mp4,p03,m,train,21
Drink.Frombottle_p04_r13_v04_c05.mp4,p04,f,train,7
Cook.Cleanup_p04_r00_v18_c03.mp4,p04,f,train,2
Drink.Fromcup_p19_r09_v02_c05.mp4,p19,f,train,9
Leave_p17_r01_v04_c05.mp4,p17,m,train,16
Cook.Cut_p04_r02_v17_c03.mp4,p04,f,train,3
Pour.Frombottle_p06_r00_v13_c06.mp4,p06,f,train,21
Drink.Fromcup_p16_r02_v06_c02.mp4,p16,f,test,9
WatchTV_p06_r02_v03_c05.mp4,p06,f,train,31
Drink.Fromcup_p14_r01_v12_c02.mp4,p14,m,test,9
Sitdown_p14_r05_v04_c05.mp4,p14,m,test,25
Eat.Attable_p13_r14_v09_c01.mp4,p13,f,train,11
Walk_p16_r00_v14_c06.mp4,p16,f,test,30
Leave_p09_r01_v02_c04.mp4,p09,m,train,16
Drink.Fromcan_p18_r05_v08_c05.mp4,p18,m,test,8
Walk_p17_r11_v08_c02.mp4,p17,m,train,30
Eat.Attable_p13_r28_v08_c02.mp4,p13,f,train,11
WatchTV_p12_r09_v07_c05.mp4,p12,f,train,31
Eat.Attable_p19_r07_v07_c01.mp4,p19,f,train,11
Cook.Cleanup_p06_r04_v13_c03.mp4,p06,f,train,2
Walk_p04_r01_v16_c03.mp4,p04,f,train,30
Sitdown_p17_r07_v09_c01.mp4,p17,m,train,25
Drink.Fromcup_p19_r14_v01_c04.mp4,p19,f,train,9
Pour.Fromcan_p15_r01_v09_c01.mp4,p15,m,train,22
Walk_p03_r00_v03_c05.mp4,p03,m,train,30
Readbook_p17_r02_v09_c01.mp4,p17,m,train,24
Readbook_p15_r00_v02_c04.mp4,p15,m,train,24
Usetelephone_p25_r01_v03_c04.mp4,p25,f,train,29
Walk_p17_r02_v06_c05.mp4,p17,m,train,30
Readbook_p12_r00_v03_c04.mp4,p12,f,train,24
Walk_p03_r05_v04_c04.mp4,p03,m,train,30
Drink.Fromcup_p19_r05_v03_c04.mp4,p19,f,train,9
Drink.Frombottle_p02_r10_v12_c02.mp4,p02,f,test,7
Cutbread_p20_r01_v08_c01.mp4,p20,f,test,6
Drink.Fromcup_p06_r04_v03_c05.mp4,p06,f,train,9
Walk_p25_r07_v05_c05.mp4,p25,f,train,30
Eat.Attable_p07_r23_v08_c01.mp4,p07,f,train,11
Walk_p04_r03_v04_c04.mp4,p04,f,train,30
Laydown_p09_r02_v02_c04.mp4,p09,m,train,15
Sitdown_p07_r05_v06_c05.mp4,p07,f,train,25
Cook.Cleanup_p07_r04_v20_c07.mp4,p07,f,train,2
Drink.Fromcup_p04_r01_v16_c06.mp4,p04,f,train,9
Usetelephone_p25_r00_v10_c01.mp4,p25,f,train,29
Walk_p13_r01_v11_c02.mp4,p13,f,train,30
Walk_p12_r21_v06_c04.mp4,p12,f,train,30
WatchTV_p07_r03_v04_c05.mp4,p07,f,train,31
WatchTV_p09_r00_v03_c04.mp4,p09,m,train,31
Drink.Fromcup_p03_r08_v16_c03.mp4,p03,m,train,9
Drink.Fromcup_p19_r05_v08_c02.mp4,p19,f,train,9
Walk_p25_r06_v17_c01.mp4,p25,f,train,30
Walk_p18_r06_v13_c03.mp4,p18,m,test,30
Drink.Fromcan_p14_r04_v08_c04.mp4,p14,m,test,8
Sitdown_p19_r04_v04_c04.mp4,p19,f,train,25
Drink.Frombottle_p15_r00_v16_c07.mp4,p15,m,train,7
Walk_p14_r04_v12_c02.mp4,p14,m,test,30
WatchTV_p06_r10_v03_c05.mp4,p06,f,train,31
Readbook_p15_r00_v09_c02.mp4,p15,m,train,24
Readbook_p17_r02_v02_c05.mp4,p17,m,train,24
Readbook_p14_r01_v10_c01.mp4,p14,m,test,24
Walk_p02_r05_v08_c04.mp4,p02,f,test,30
Leave_p15_r03_v03_c04.mp4,p15,m,train,16
Drink.Fromcup_p02_r00_v15_c06.mp4,p02,f,test,9
Walk_p15_r28_v13_c06.mp4,p15,m,train,30
Drink.Frombottle_p04_r04_v04_c05.mp4,p04,f,train,7
Cook.Stir_p09_r18_v12_c03.mp4,p09,m,train,4
Cook.Cleanup_p07_r06_v20_c03.mp4,p07,f,train,2
Drink.Fromcup_p12_r06_v01_c04.mp4,p12,f,train,9
Usetelephone_p10_r03_v07_c04.mp4,p10,f,test,29
Eat.Attable_p09_r09_v08_c01.mp4,p09,m,train,11
Drink.Fromcup_p13_r01_v21_c06.mp4,p13,f,train,9
Eat.Snack_p09_r10_v13_c06.mp4,p09,m,train,12
Readbook_p03_r06_v02_c04.mp4,p03,m,train,24
Getup_p13_r00_v13_c02.mp4,p13,f,train,14
Cook.Cleandishes_p07_r12_v06_c03.mp4,p07,f,train,1
Walk_p03_r17_v04_c05.mp4,p03,m,train,30
Takepills_p14_r00_v07_c05.mp4,p14,m,test,26
Walk_p25_r30_v12_c06.mp4,p25,f,train,30
Enter_p18_r00_v14_c03.mp4,p18,m,test,13
Uselaptop_p03_r02_v05_c05.mp4,p03,m,train,27
Leave_p17_r00_v05_c04.mp4,p17,m,train,16
Drink.Fromcan_p18_r01_v08_c05.mp4,p18,m,test,8
Walk_p17_r00_v15_c03.mp4,p17,m,train,30
Walk_p04_r05_v14_c07.mp4,p04,f,train,30
Drink.Frombottle_p15_r00_v11_c02.mp4,p15,m,train,7
Cook.Stir_p10_r01_v12_c06.mp4,p10,f,test,4
Getup_p04_r00_v08_c02.mp4,p04,f,train,14
Getup_p16_r01_v06_c02.mp4,p16,f,test,14
Uselaptop_p03_r02_v03_c05.mp4,p03,m,train,27
Maketea.Boilwater_p06_r00_v12_c06.mp4,p06,f,train,19
Pour.Frombottle_p17_r00_v10_c01.mp4,p17,m,train,21
Cook.Cleandishes_p03_r00_v16_c03.mp4,p03,m,train,1
Walk_p15_r08_v13_c07.mp4,p15,m,train,30
Walk_p04_r04_v05_c04.mp4,p04,f,train,30
Sitdown_p13_r00_v10_c02.mp4,p13,f,train,25
WatchTV_p20_r03_v03_c05.mp4,p20,f,test,31
Walk_p10_r01_v01_c04.mp4,p10,f,test,30
Drink.Frombottle_p12_r01_v02_c04.mp4,p12,f,train,7
Usetelephone_p12_r04_v04_c05.mp4,p12,f,train,29
WatchTV_p09_r01_v07_c05.mp4,p09,m,train,31
Drink.Fromcup_p11_r01_v14_c01.mp4,p11,f,test,9
Walk_p15_r02_v13_c03.mp4,p15,m,train,30
Eat.Snack_p07_r00_v21_c07.mp4,p07,f,train,12
Maketea.Boilwater_p04_r01_v16_c06.mp4,p04,f,train,19
WatchTV_p09_r02_v03_c04.mp4,p09,m,train,31
Drink.Fromcup_p16_r07_v06_c02.mp4,p16,f,test,9
Cook.Stir_p09_r05_v12_c07.mp4,p09,m,train,4
Cook.Cleandishes_p16_r13_v12_c07.mp4,p16,f,test,1
Readbook_p07_r00_v11_c01.mp4,p07,f,train,24
Drink.Fromcup_p04_r01_v05_c04.mp4,p04,f,train,9
Sitdown_p13_r03_v07_c04.mp4,p13,f,train,25
Cook.Cleanup_p09_r03_v13_c03.mp4,p09,m,train,2
Usetelephone_p15_r02_v02_c05.mp4,p15,m,train,29
Walk_p19_r15_v02_c05.mp4,p19,f,train,30
Drink.Fromcup_p20_r07_v01_c05.mp4,p20,f,test,9
Takepills_p15_r00_v12_c02.mp4,p15,m,train,26
Uselaptop_p10_r03_v05_c05.mp4,p10,f,test,27
Eat.Attable_p04_r05_v12_c01.mp4,p04,f,train,11
Walk_p02_r11_v14_c03.mp4,p02,f,test,30
Walk_p16_r09_v14_c06.mp4,p16,f,test,30
Walk_p03_r36_v02_c05.mp4,p03,m,train,30
Readbook_p16_r17_v06_c02.mp4,p16,f,test,24
Cook.Cleanup_p20_r04_v13_c03.mp4,p20,f,test,2
Drink.Fromcan_p06_r02_v11_c02.mp4,p06,f,train,8
Takepills_p14_r06_v05_c05.mp4,p14,m,test,26
Eat.Attable_p20_r00_v08_c01.mp4,p20,f,test,11
Walk_p25_r02_v14_c07.mp4,p25,f,train,30
Walk_p17_r11_v09_c02.mp4,p17,m,train,30
Sitdown_p12_r09_v02_c05.mp4,p12,f,train,25
Walk_p13_r05_v11_c02.mp4,p13,f,train,30
Enter_p14_r04_v02_c04.mp4,p14,m,test,13
Takepills_p20_r00_v04_c05.mp4,p20,f,test,26
Cook.Stir_p16_r03_v14_c06.mp4,p16,f,test,4
Pour.Frombottle_p14_r01_v04_c04.mp4,p14,m,test,21
Getup_p17_r06_v09_c02.mp4,p17,m,train,14
Drink.Fromcup_p07_r04_v20_c03.mp4,p07,f,train,9
Drink.Fromcup_p15_r04_v13_c06.mp4,p15,m,train,9
Sitdown_p12_r06_v14_c05.mp4,p12,f,train,25
Walk_p17_r07_v12_c06.mp4,p17,m,train,30
Takepills_p10_r00_v07_c05.mp4,p10,f,test,26
Cook.Cleandishes_p17_r04_v15_c03.mp4,p17,m,train,1
Makecoffee.Pourgrains_p16_r00_v12_c03.mp4,p16,f,test,17
Walk_p15_r03_v15_c03.mp4,p15,m,train,30
Sitdown_p09_r00_v04_c04.mp4,p09,m,train,25
Drink.Fromcup_p12_r01_v02_c05.mp4,p12,f,train,9
Walk_p04_r00_v17_c06.mp4,p04,f,train,30
Usetelephone_p15_r03_v02_c05.mp4,p15,m,train,29
Walk_p19_r12_v08_c02.mp4,p19,f,train,30
Leave_p13_r00_v23_c03.mp4,p13,f,train,16
Usetelephone_p03_r00_v15_c03.mp4,p03,m,train,29
Cook.Stir_p13_r07_v23_c06.mp4,p13,f,train,4
Walk_p15_r23_v16_c06.mp4,p15,m,train,30
Walk_p07_r04_v21_c06.mp4,p07,f,train,30
Drink.Fromcup_p19_r02_v09_c01.mp4,p19,f,train,9
Usetelephone_p15_r01_v02_c05.mp4,p15,m,train,29
Drink.Fromcup_p15_r05_v09_c01.mp4,p15,m,train,9
Drink.Fromcup_p10_r02_v09_c01.mp4,p10,f,test,9
Usetelephone_p13_r00_v05_c04.mp4,p13,f,train,29
Drink.Frombottle_p03_r02_v05_c05.mp4,p03,m,train,7
Walk_p07_r05_v06_c03.mp4,p07,f,train,30
Readbook_p03_r07_v01_c05.mp4,p03,m,train,24
Walk_p07_r02_v06_c05.mp4,p07,f,train,30
Cook.Cleandishes_p17_r00_v14_c03.mp4,p17,m,train,1
Readbook_p16_r01_v01_c04.mp4,p16,f,test,24
Readbook_p12_r01_v02_c05.mp4,p12,f,train,24
Eat.Attable_p16_r33_v06_c01.mp4,p16,f,test,11
Cook.Cleandishes_p10_r01_v12_c06.mp4,p10,f,test,1
Sitdown_p18_r03_v12_c02.mp4,p18,m,test,25
Takepills_p25_r03_v05_c05.mp4,p25,f,train,26
Drink.Fromcup_p04_r18_v05_c05.mp4,p04,f,train,9
Eat.Attable_p07_r45_v08_c02.mp4,p07,f,train,11
Cook.Stir_p04_r02_v17_c03.mp4,p04,f,train,4
Usetablet_p03_r01_v19_c05.mp4,p03,m,train,28
Getup_p19_r01_v10_c02.mp4,p19,f,train,14
Walk_p15_r01_v03_c04.mp4,p15,m,train,30
Walk_p14_r15_v02_c05.mp4,p14,m,test,30
Getup_p06_r03_v11_c01.mp4,p06,f,train,14
Usetablet_p20_r00_v04_c04.mp4,p20,f,test,28
WatchTV_p20_r06_v07_c05.mp4,p20,f,test,31
Walk_p17_r29_v05_c05.mp4,p17,m,train,30
Sitdown_p11_r00_v01_c04.mp4,p11,f,test,25
Walk_p09_r01_v15_c03.mp4,p09,m,train,30
Readbook_p04_r01_v05_c05.mp4,p04,f,train,24
Sitdown_p20_r02_v03_c05.mp4,p20,f,test,25
Eat.Attable_p18_r00_v09_c01.mp4,p18,m,test,11
Sitdown_p15_r00_v12_c02.mp4,p15,m,train,25
Walk_p17_r16_v11_c06.mp4,p17,m,train,30
Sitdown_p03_r00_v12_c02.mp4,p03,m,train,25
Walk_p25_r09_v14_c07.mp4,p25,f,train,30
Sitdown_p14_r06_v01_c04.mp4,p14,m,test,25
Maketea.Insertteabag_p18_r00_v14_c03.mp4,p18,m,test,20
Drink.Fromcup_p16_r01_v05_c05.mp4,p16,f,test,9
Walk_p04_r16_v05_c04.mp4,p04,f,train,30
Walk_p17_r07_v05_c05.mp4,p17,m,train,30
Walk_p11_r15_v13_c06.mp4,p11,f,test,30
Walk_p25_r24_v04_c04.mp4,p25,f,train,30
Readbook_p04_r02_v08_c02.mp4,p04,f,train,24
Makecoffee.Pourwater_p09_r01_v14_c06.mp4,p09,m,train,18
Uselaptop_p02_r00_v06_c05.mp4,p02,f,test,27
Eat.Attable_p09_r34_v08_c01.mp4,p09,m,train,11
Getup_p10_r12_v09_c01.mp4,p10,f,test,14
Eat.Attable_p13_r08_v19_c01.mp4,p13,f,train,11
Cook.Cleanup_p15_r04_v13_c06.mp4,p15,m,train,2
Walk_p14_r13_v05_c05.mp4,p14,m,test,30
Readbook_p11_r01_v06_c04.mp4,p11,f,test,24
Walk_p13_r01_v12_c02.mp4,p13,f,train,30
Drink.Frombottle_p10_r00_v01_c05.mp4,p10,f,test,7
Usetelephone_p12_r02_v04_c05.mp4,p12,f,train,29
Readbook_p13_r03_v13_c02.mp4,p13,f,train,24
Sitdown_p25_r07_v05_c05.mp4,p25,f,train,25
Sitdown_p18_r04_v10_c01.mp4,p18,m,test,25
Pour.Frombottle_p02_r02_v15_c06.mp4,p02,f,test,21
Drink.Frombottle_p20_r01_v16_c03.mp4,p20,f,test,7
Drink.Fromcup_p09_r02_v08_c01.mp4,p09,m,train,9
Uselaptop_p17_r01_v06_c04.mp4,p17,m,train,27
Getup_p25_r01_v09_c02.mp4,p25,f,train,14
Getup_p14_r18_v05_c04.mp4,p14,m,test,14
Takepills_p13_r00_v05_c04.mp4,p13,f,train,26
Drink.Fromcan_p15_r01_v10_c02.mp4,p15,m,train,8
WatchTV_p14_r02_v05_c05.mp4,p14,m,test,31
Drink.Frombottle_p04_r00_v04_c04.mp4,p04,f,train,7
Usetelephone_p06_r00_v09_c02.mp4,p06,f,train,29
Readbook_p13_r00_v10_c02.mp4,p13,f,train,24
Walk_p17_r04_v12_c06.mp4,p17,m,train,30
Readbook_p06_r01_v07_c01.mp4,p06,f,train,24
Cook.Cleanup_p20_r03_v13_c03.mp4,p20,f,test,2
Cook.Stir_p25_r10_v15_c06.mp4,p25,f,train,4
WatchTV_p02_r07_v04_c04.mp4,p02,f,test,31
Pour.Frombottle_p13_r00_v11_c01.mp4,p13,f,train,21
Cook.Stir_p20_r04_v16_c03.mp4,p20,f,test,4
Readbook_p13_r00_v11_c02.mp4,p13,f,train,24
Leave_p06_r02_v13_c06.mp4,p06,f,train,16
Cook.Cleandishes_p10_r01_v12_c03.mp4,p10,f,test,1
Walk_p15_r05_v03_c04.mp4,p15,m,train,30
Walk_p03_r08_v12_c01.mp4,p03,m,train,30
Walk_p16_r05_v14_c07.mp4,p16,f,test,30
Cook.Stir_p11_r00_v13_c06.mp4,p11,f,test,4
Cook.Cleandishes_p07_r04_v22_c06.mp4,p07,f,train,1
WatchTV_p04_r01_v06_c05.mp4,p04,f,train,31
Cook.Stir_p25_r04_v15_c03.mp4,p25,f,train,4
Walk_p15_r07_v13_c03.mp4,p15,m,train,30
Eat.Snack_p16_r04_v04_c04.mp4,p16,f,test,12
Drink.Fromcan_p07_r01_v21_c06.mp4,p07,f,train,8
Usetelephone_p04_r03_v04_c05.mp4,p04,f,train,29
Drink.Fromcup_p25_r04_v12_c06.mp4,p25,f,train,9
Walk_p15_r21_v17_c06.mp4,p15,m,train,30
Walk_p17_r18_v15_c06.mp4,p17,m,train,30
Readbook_p25_r08_v14_c07.mp4,p25,f,train,24
Enter_p17_r02_v04_c05.mp4,p17,m,train,13
Walk_p03_r43_v04_c05.mp4,p03,m,train,30
Walk_p25_r16_v12_c07.mp4,p25,f,train,30
Enter_p09_r02_v05_c04.mp4,p09,m,train,13
Drink.Fromcup_p04_r00_v13_c01.mp4,p04,f,train,9
Cook.Stir_p09_r01_v12_c07.mp4,p09,m,train,4
Drink.Frombottle_p14_r00_v13_c02.mp4,p14,m,test,7
Sitdown_p14_r14_v02_c04.mp4,p14,m,test,25
Eat.Attable_p02_r05_v11_c01.mp4,p02,f,test,11
Readbook_p04_r07_v08_c01.mp4,p04,f,train,24
Walk_p12_r06_v03_c04.mp4,p12,f,train,30
Drink.Fromcup_p15_r10_v08_c01.mp4,p15,m,train,9
Drink.Fromcup_p14_r09_v05_c04.mp4,p14,m,test,9
Walk_p02_r01_v02_c07.mp4,p02,f,test,30
Drink.Fromcup_p17_r01_v03_c05.mp4,p17,m,train,9
Cook.Stir_p11_r05_v13_c03.mp4,p11,f,test,4
Cook.Usestove_p10_r03_v12_c06.mp4,p10,f,test,5
Walk_p04_r26_v05_c04.mp4,p04,f,train,30
Eat.Attable_p04_r18_v08_c02.mp4,p04,f,train,11
Cook.Usestove_p09_r04_v13_c06.mp4,p09,m,train,5
Walk_p17_r04_v12_c03.mp4,p17,m,train,30
WatchTV_p10_r01_v07_c05.mp4,p10,f,test,31
Walk_p18_r05_v13_c03.mp4,p18,m,test,30
Walk_p15_r01_v06_c05.mp4,p15,m,train,30
Walk_p10_r08_v13_c07.mp4,p10,f,test,30
Eat.Attable_p09_r00_v08_c01.mp4,p09,m,train,11
Drink.Fromcup_p06_r01_v09_c01.mp4,p06,f,train,9
Cook.Cleandishes_p03_r04_v16_c06.mp4,p03,m,train,1
Leave_p04_r00_v09_c02.mp4,p04,f,train,16
Cook.Cleanup_p07_r13_v20_c06.mp4,p07,f,train,2
Cook.Cleandishes_p09_r00_v13_c03.mp4,p09,m,train,1
Getup_p10_r13_v10_c01.mp4,p10,f,test,14
Pour.Fromcan_p12_r00_v06_c04.mp4,p12,f,train,22
Walk_p15_r05_v10_c02.mp4,p15,m,train,30
Readbook_p15_r00_v07_c05.mp4,p15,m,train,24
Drink.Fromcup_p20_r05_v13_c03.mp4,p20,f,test,9
Usetelephone_p14_r00_v11_c02.mp4,p14,m,test,29
Getup_p14_r00_v07_c05.mp4,p14,m,test,14
Cook.Cleanup_p09_r01_v13_c06.mp4,p09,m,train,2
Sitdown_p12_r00_v05_c04.mp4,p12,f,train,25
Getup_p10_r05_v01_c04.mp4,p10,f,test,14
Walk_p03_r18_v04_c05.mp4,p03,m,train,30
Eat.Attable_p07_r46_v08_c01.mp4,p07,f,train,11
Cook.Cleanup_p03_r03_v18_c07.mp4,p03,m,train,2
Walk_p12_r13_v05_c05.mp4,p12,f,train,30
Walk_p15_r09_v16_c03.mp4,p15,m,train,30
Drink.Fromcup_p16_r17_v12_c06.mp4,p16,f,test,9
Drink.Fromcup_p19_r01_v08_c02.mp4,p19,f,train,9
Usetelephone_p14_r01_v01_c05.mp4,p14,m,test,29
Drink.Fromcup_p18_r02_v11_c02.mp4,p18,m,test,9
Drink.Fromcan_p18_r01_v08_c04.mp4,p18,m,test,8
Eat.Attable_p03_r08_v10_c02.mp4,p03,m,train,11
Walk_p09_r09_v13_c03.mp4,p09,m,train,30
Laydown_p03_r04_v06_c05.mp4,p03,m,train,15
Cook.Usestove_p06_r03_v13_c06.mp4,p06,f,train,5
Drink.Fromcup_p02_r04_v15_c06.mp4,p02,f,test,9
Drink.Fromcan_p06_r01_v14_c01.mp4,p06,f,train,8
Drink.Fromcup_p14_r10_v11_c02.mp4,p14,m,test,9
Drink.Fromcup_p09_r00_v10_c01.mp4,p09,m,train,9
Pour.Frombottle_p07_r00_v10_c01.mp4,p07,f,train,21
Walk_p19_r15_v05_c05.mp4,p19,f,train,30
Leave_p06_r02_v05_c05.mp4,p06,f,train,16
Walk_p12_r17_v12_c06.mp4,p12,f,train,30
Walk_p13_r03_v07_c04.mp4,p13,f,train,30
Walk_p04_r09_v16_c07.mp4,p04,f,train,30
Walk_p14_r30_v02_c05.mp4,p14,m,test,30
Walk_p16_r04_v10_c02.mp4,p16,f,test,30
Walk_p14_r12_v02_c05.mp4,p14,m,test,30
Getup_p18_r00_v09_c02.mp4,p18,m,test,14
Getup_p02_r00_v06_c05.mp4,p02,f,test,14
Drink.Fromcup_p12_r04_v07_c05.mp4,p12,f,train,9
Drink.Fromcup_p25_r10_v14_c06.mp4,p25,f,train,9
Walk_p15_r10_v02_c04.mp4,p15,m,train,30
Eat.Attable_p06_r08_v07_c01.mp4,p06,f,train,11
Eat.Snack_p15_r00_v16_c07.mp4,p15,m,train,12
Takepills_p03_r02_v04_c05.mp4,p03,m,train,26
Walk_p17_r06_v03_c05.mp4,p17,m,train,30
Eat.Attable_p13_r16_v08_c02.mp4,p13,f,train,11
Walk_p09_r09_v05_c05.mp4,p09,m,train,30
Readbook_p02_r01_v12_c02.mp4,p02,f,test,24
Walk_p02_r13_v18_c05.mp4,p02,f,test,30
Walk_p19_r12_v14_c06.mp4,p19,f,train,30
Drink.Fromcup_p15_r06_v14_c06.mp4,p15,m,train,9
Usetelephone_p03_r00_v16_c03.mp4,p03,m,train,29
Walk_p14_r35_v05_c05.mp4,p14,m,test,30
Usetelephone_p14_r00_v05_c05.mp4,p14,m,test,29
Walk_p15_r12_v02_c04.mp4,p15,m,train,30
WatchTV_p12_r13_v06_c05.mp4,p12,f,train,31
Sitdown_p03_r10_v08_c05.mp4,p03,m,train,25
Drink.Frombottle_p06_r03_v06_c04.mp4,p06,f,train,7
Walk_p16_r07_v13_c06.mp4,p16,f,test,30
Cook.Cleandishes_p20_r01_v16_c03.mp4,p20,f,test,1
Walk_p06_r12_v13_c07.mp4,p06,f,train,30
Walk_p19_r05_v13_c06.mp4,p19,f,train,30
Makecoffee.Pourgrains_p07_r00_v20_c07.mp4,p07,f,train,17
Walk_p15_r14_v17_c07.mp4,p15,m,train,30
Pour.Fromkettle_p17_r00_v11_c06.mp4,p17,m,train,23
Walk_p07_r02_v02_c05.mp4,p07,f,train,30
Drink.Fromcup_p03_r03_v12_c01.mp4,p03,m,train,9
Sitdown_p07_r00_v05_c05.mp4,p07,f,train,25
Walk_p18_r02_v03_c05.mp4,p18,m,test,30
Walk_p12_r20_v07_c04.mp4,p12,f,train,30
Walk_p11_r12_v07_c04.mp4,p11,f,test,30
Cook.Stir_p20_r08_v16_c07.mp4,p20,f,test,4
Sitdown_p02_r00_v09_c05.mp4,p02,f,test,25
Walk_p07_r00_v22_c07.mp4,p07,f,train,30
Getup_p04_r01_v13_c02.mp4,p04,f,train,14
Cook.Cleanup_p06_r00_v12_c07.mp4,p06,f,train,2
Walk_p20_r03_v14_c07.mp4,p20,f,test,30
Usetelephone_p13_r00_v12_c01.mp4,p13,f,train,29
Drink.Fromcup_p15_r06_v08_c02.mp4,p15,m,train,9
Drink.Fromcan_p12_r00_v05_c05.mp4,p12,f,train,8
Drink.Fromcup_p19_r09_v10_c02.mp4,p19,f,train,9
Enter_p09_r00_v15_c03.mp4,p09,m,train,13
Sitdown_p25_r06_v06_c05.mp4,p25,f,train,25
Cook.Cleanup_p07_r00_v06_c06.mp4,p07,f,train,2
Drink.Fromcup_p02_r11_v11_c01.mp4,p02,f,test,9
Drink.Frombottle_p14_r01_v11_c01.mp4,p14,m,test,7
Takepills_p18_r00_v09_c02.mp4,p18,m,test,26
Walk_p20_r09_v16_c07.mp4,p20,f,test,30
WatchTV_p10_r02_v06_c05.mp4,p10,f,test,31
Sitdown_p16_r01_v05_c05.mp4,p16,f,test,25
Drink.Fromcup_p03_r03_v04_c05.mp4,p03,m,train,9
Uselaptop_p12_r02_v02_c05.mp4,p12,f,train,27
Maketea.Boilwater_p16_r00_v13_c06.mp4,p16,f,test,19
Cook.Stir_p09_r15_v12_c03.mp4,p09,m,train,4
Leave_p10_r00_v03_c04.mp4,p10,f,test,16
Takepills_p04_r10_v04_c04.mp4,p04,f,train,26
Sitdown_p18_r03_v05_c04.mp4,p18,m,test,25
Readbook_p19_r05_v08_c01.mp4,p19,f,train,24
Enter_p06_r03_v12_c03.mp4,p06,f,train,13
Walk_p18_r02_v13_c07.mp4,p18,m,test,30
Usetelephone_p03_r02_v06_c04.mp4,p03,m,train,29
Getup_p14_r07_v01_c04.mp4,p14,m,test,14
Drink.Fromcup_p10_r06_v03_c04.mp4,p10,f,test,9
Walk_p10_r01_v05_c05.mp4,p10,f,test,30
Walk_p25_r03_v15_c07.mp4,p25,f,train,30
Eat.Attable_p16_r34_v06_c02.mp4,p16,f,test,11
Walk_p07_r04_v05_c05.mp4,p07,f,train,30
Drink.Fromcup_p20_r02_v07_c04.mp4,p20,f,test,9
Cook.Cut_p17_r05_v15_c07.mp4,p17,m,train,3
Walk_p07_r02_v01_c03.mp4,p07,f,train,30
Drink.Fromcup_p04_r08_v05_c05.mp4,p04,f,train,9
Drink.Fromcup_p13_r01_v12_c02.mp4,p13,f,train,9
Cook.Cleandishes_p16_r11_v12_c07.mp4,p16,f,test,1
Walk_p04_r15_v05_c04.mp4,p04,f,train,30
Leave_p09_r01_v13_c03.mp4,p09,m,train,16
Cook.Cleandishes_p11_r09_v11_c07.mp4,p11,f,test,1
Drink.Fromcup_p19_r02_v11_c03.mp4,p19,f,train,9
Readbook_p25_r05_v12_c07.mp4,p25,f,train,24
Sitdown_p25_r00_v02_c05.mp4,p25,f,train,25
Walk_p19_r11_v11_c06.mp4,p19,f,train,30
Drink.Fromcup_p02_r02_v18_c05.mp4,p02,f,test,9
Getup_p06_r01_v05_c05.mp4,p06,f,train,14
Sitdown_p16_r00_v10_c02.mp4,p16,f,test,25
Uselaptop_p14_r03_v07_c04.mp4,p14,m,test,27
Walk_p11_r00_v11_c03.mp4,p11,f,test,30
Leave_p07_r01_v06_c06.mp4,p07,f,train,16
Drink.Fromcup_p25_r01_v01_c04.mp4,p25,f,train,9
Walk_p25_r16_v14_c03.mp4,p25,f,train,30
Enter_p06_r02_v13_c07.mp4,p06,f,train,13
Walk_p25_r22_v14_c07.mp4,p25,f,train,30
Sitdown_p12_r03_v06_c04.mp4,p12,f,train,25
Walk_p03_r10_v04_c05.mp4,p03,m,train,30
Walk_p16_r37_v12_c06.mp4,p16,f,test,30
Walk_p03_r36_v04_c05.mp4,p03,m,train,30
Walk_p06_r00_v15_c02.mp4,p06,f,train,30
Cook.Cleanup_p17_r01_v12_c03.mp4,p17,m,train,2
Walk_p13_r03_v21_c03.mp4,p13,f,train,30
Drink.Fromcup_p09_r08_v05_c05.mp4,p09,m,train,9
Walk_p04_r28_v05_c05.mp4,p04,f,train,30
Walk_p04_r08_v16_c03.mp4,p04,f,train,30
Getup_p04_r08_v03_c05.mp4,p04,f,train,14
Cook.Cleanup_p03_r06_v18_c03.mp4,p03,m,train,2
Eat.Attable_p20_r13_v08_c01.mp4,p20,f,test,11
Cook.Cleanup_p10_r04_v14_c03.mp4,p10,f,test,2
Walk_p09_r05_v12_c06.mp4,p09,m,train,30
Walk_p17_r00_v09_c01.mp4,p17,m,train,30
Cook.Cleanup_p11_r09_v11_c07.mp4,p11,f,test,2
Uselaptop_p25_r00_v10_c01.mp4,p25,f,train,27
Cook.Cleandishes_p16_r12_v12_c07.mp4,p16,f,test,1
Sitdown_p10_r11_v09_c01.mp4,p10,f,test,25
Drink.Fromcup_p20_r03_v06_c04.mp4,p20,f,test,9
Drink.Fromcup_p12_r03_v14_c05.mp4,p12,f,train,9
Drink.Fromcup_p15_r09_v08_c01.mp4,p15,m,train,9
Usetelephone_p25_r02_v03_c05.mp4,p25,f,train,29
Pour.Frombottle_p19_r00_v02_c05.mp4,p19,f,train,21
Drink.Fromcup_p12_r01_v06_c04.mp4,p12,f,train,9
Drink.Fromcup_p19_r07_v11_c06.mp4,p19,f,train,9
Uselaptop_p25_r03_v04_c04.mp4,p25,f,train,27
Cook.Stir_p06_r01_v13_c06.mp4,p06,f,train,4
Drink.Frombottle_p04_r10_v04_c04.mp4,p04,f,train,7
Drink.Fromcup_p19_r13_v01_c04.mp4,p19,f,train,9
Walk_p15_r02_v02_c04.mp4,p15,m,train,30
Cook.Cleanup_p25_r01_v16_c06.mp4,p25,f,train,2
Walk_p25_r15_v14_c06.mp4,p25,f,train,30
Maketea.Boilwater_p07_r00_v22_c06.mp4,p07,f,train,19
Enter_p17_r00_v04_c04.mp4,p17,m,train,13
Sitdown_p03_r05_v11_c02.mp4,p03,m,train,25
Cook.Cleandishes_p07_r02_v22_c06.mp4,p07,f,train,1
Cook.Stir_p25_r04_v16_c07.mp4,p25,f,train,4
Enter_p07_r01_v03_c05.mp4,p07,f,train,13
Walk_p18_r04_v13_c07.mp4,p18,m,test,30
Usetelephone_p03_r02_v07_c04.mp4,p03,m,train,29
Sitdown_p14_r00_v13_c01.mp4,p14,m,test,25
Drink.Fromcup_p10_r15_v02_c05.mp4,p10,f,test,9
Walk_p12_r11_v12_c07.mp4,p12,f,train,30
Enter_p10_r05_v13_c03.mp4,p10,f,test,13
Drink.Fromcup_p25_r04_v14_c03.mp4,p25,f,train,9
Leave_p06_r02_v14_c01.mp4,p06,f,train,16
Walk_p15_r06_v09_c02.mp4,p15,m,train,30
Walk_p10_r10_v12_c03.mp4,p10,f,test,30
Cook.Stir_p25_r02_v16_c06.mp4,p25,f,train,4
Getup_p06_r07_v06_c04.mp4,p06,f,train,14
Drink.Fromcup_p04_r02_v11_c02.mp4,p04,f,train,9
Cook.Cleandishes_p07_r01_v20_c06.mp4,p07,f,train,1
Drink.Fromcup_p12_r17_v01_c04.mp4,p12,f,train,9
Walk_p16_r00_v12_c06.mp4,p16,f,test,30
Maketea.Boilwater_p15_r04_v14_c06.mp4,p15,m,train,19
Drink.Fromcup_p14_r00_v13_c02.mp4,p14,m,test,9
Enter_p06_r00_v15_c02.mp4,p06,f,train,13
Walk_p19_r01_v14_c03.mp4,p19,f,train,30
Eat.Attable_p13_r00_v08_c02.mp4,p13,f,train,11
Walk_p09_r00_v12_c06.mp4,p09,m,train,30
Walk_p03_r08_v03_c05.mp4,p03,m,train,30
Drink.Fromcup_p10_r00_v11_c06.mp4,p10,f,test,9
Walk_p03_r04_v13_c01.mp4,p03,m,train,30
Walk_p15_r07_v14_c07.mp4,p15,m,train,30
Enter_p20_r00_v06_c04.mp4,p20,f,test,13
Drink.Fromcup_p09_r15_v08_c01.mp4,p09,m,train,9
Sitdown_p12_r03_v05_c05.mp4,p12,f,train,25
Cook.Stir_p11_r04_v13_c03.mp4,p11,f,test,4
Uselaptop_p20_r05_v05_c05.mp4,p20,f,test,27
Walk_p14_r37_v05_c05.mp4,p14,m,test,30
Walk_p18_r00_v13_c07.mp4,p18,m,test,30
Getup_p09_r04_v07_c04.mp4,p09,m,train,14
Readbook_p12_r02_v02_c04.mp4,p12,f,train,24
Eat.Attable_p06_r07_v07_c02.mp4,p06,f,train,11
Eat.Attable_p16_r02_v06_c02.mp4,p16,f,test,11
Walk_p19_r10_v11_c06.mp4,p19,f,train,30
Walk_p15_r05_v06_c05.mp4,p15,m,train,30
Walk_p10_r02_v12_c06.mp4,p10,f,test,30
Readbook_p10_r02_v06_c04.mp4,p10,f,test,24
Drink.Frombottle_p16_r01_v14_c06.mp4,p16,f,test,7
Cook.Cleanup_p15_r02_v14_c06.mp4,p15,m,train,2
WatchTV_p07_r16_v04_c05.mp4,p07,f,train,31
Leave_p11_r02_v05_c04.mp4,p11,f,test,16
Maketea.Insertteabag_p19_r00_v11_c06.mp4,p19,f,train,20
Walk_p25_r04_v15_c03.mp4,p25,f,train,30
Cook.Usestove_p04_r02_v17_c06.mp4,p04,f,train,5
WatchTV_p03_r04_v07_c05.mp4,p03,m,train,31
Walk_p15_r19_v13_c06.mp4,p15,m,train,30
Usetelephone_p04_r00_v04_c04.mp4,p04,f,train,29
Drink.Fromcup_p10_r04_v06_c05.mp4,p10,f,test,9
Usetelephone_p14_r02_v01_c05.mp4,p14,m,test,29
Readbook_p25_r00_v06_c05.mp4,p25,f,train,24
Pour.Frombottle_p13_r01_v24_c04.mp4,p13,f,train,21
Cook.Stir_p02_r05_v15_c06.mp4,p02,f,test,4
Enter_p04_r00_v04_c04.mp4,p04,f,train,13
Drink.Fromcup_p02_r03_v15_c06.mp4,p02,f,test,9
Drink.Fromcup_p13_r01_v21_c03.mp4,p13,f,train,9
Walk_p14_r14_v07_c04.mp4,p14,m,test,30
WatchTV_p06_r08_v06_c05.mp4,p06,f,train,31
Enter_p06_r01_v27_c01.mp4,p06,f,train,13
Eat.Attable_p20_r25_v08_c01.mp4,p20,f,test,11
Drink.Fromcup_p14_r00_v03_c05.mp4,p14,m,test,9
Uselaptop_p12_r00_v05_c05.mp4,p12,f,train,27
Sitdown_p19_r00_v05_c04.mp4,p19,f,train,25
Sitdown_p10_r01_v06_c04.mp4,p10,f,test,25
WatchTV_p18_r02_v07_c05.mp4,p18,m,test,31
Sitdown_p12_r00_v06_c04.mp4,p12,f,train,25
Pour.Fromcan_p13_r02_v11_c02.mp4,p13,f,train,22
Walk_p12_r19_v12_c06.mp4,p12,f,train,30
Eat.Attable_p09_r14_v08_c01.mp4,p09,m,train,11
Cook.Stir_p20_r06_v15_c07.mp4,p20,f,test,4
WatchTV_p07_r07_v04_c05.mp4,p07,f,train,31
Eat.Attable_p04_r26_v08_c01.mp4,p04,f,train,11
Readbook_p13_r05_v03_c04.mp4,p13,f,train,24
Enter_p16_r00_v13_c07.mp4,p16,f,test,13
Leave_p12_r00_v03_c04.mp4,p12,f,train,16
Cook.Usestove_p10_r01_v12_c03.mp4,p10,f,test,5
Readbook_p03_r02_v11_c02.mp4,p03,m,train,24
Walk_p15_r00_v11_c02.mp4,p15,m,train,30
Getup_p07_r05_v02_c05.mp4,p07,f,train,14
Getup_p06_r00_v10_c01.mp4,p06,f,train,14
Drink.Fromcup_p09_r02_v15_c03.mp4,p09,m,train,9
Drink.Frombottle_p15_r01_v04_c04.mp4,p15,m,train,7
Walk_p19_r06_v01_c05.mp4,p19,f,train,30
Walk_p14_r27_v05_c05.mp4,p14,m,test,30
Readbook_p14_r01_v06_c05.mp4,p14,m,test,24
Cutbread_p18_r01_v09_c02.mp4,p18,m,test,6
Walk_p25_r00_v06_c05.mp4,p25,f,train,30
Walk_p04_r01_v14_c03.mp4,p04,f,train,30
Walk_p11_r14_v07_c04.mp4,p11,f,test,30
Eat.Attable_p14_r03_v09_c02.mp4,p14,m,test,11
Cook.Cleandishes_p13_r01_v20_c03.mp4,p13,f,train,1
Readbook_p04_r04_v09_c01.mp4,p04,f,train,24
Walk_p14_r13_v08_c04.mp4,p14,m,test,30
Drink.Fromcup_p04_r00_v10_c01.mp4,p04,f,train,9
Maketea.Insertteabag_p07_r00_v22_c03.mp4,p07,f,train,20
Uselaptop_p17_r01_v03_c04.mp4,p17,m,train,27
Sitdown_p10_r08_v07_c04.mp4,p10,f,test,25
WatchTV_p06_r01_v04_c04.mp4,p06,f,train,31
Drink.Fromcup_p14_r04_v04_c05.mp4,p14,m,test,9
Walk_p11_r01_v12_c03.mp4,p11,f,test,30
Getup_p11_r08_v03_c04.mp4,p11,f,test,14
Drink.Fromcup_p04_r04_v16_c07.mp4,p04,f,train,9
Takepills_p16_r01_v14_c03.mp4,p16,f,test,26
Takepills_p19_r00_v02_c04.mp4,p19,f,train,26
Cook.Stir_p02_r07_v14_c03.mp4,p02,f,test,4
Usetelephone_p06_r01_v09_c01.mp4,p06,f,train,29
Walk_p18_r00_v03_c05.mp4,p18,m,test,30
WatchTV_p06_r00_v03_c04.mp4,p06,f,train,31
Drink.Fromcup_p10_r04_v05_c04.mp4,p10,f,test,9
Cook.Cleandishes_p07_r13_v20_c06.mp4,p07,f,train,1
Walk_p25_r02_v08_c03.mp4,p25,f,train,30
Readbook_p04_r05_v01_c04.mp4,p04,f,train,24
Walk_p12_r31_v04_c05.mp4,p12,f,train,30
WatchTV_p15_r03_v03_c05.mp4,p15,m,train,31
Cook.Cut_p17_r01_v15_c07.mp4,p17,m,train,3
Sitdown_p18_r04_v12_c02.mp4,p18,m,test,25
Drink.Fromcan_p03_r00_v08_c04.mp4,p03,m,train,8
Sitdown_p12_r07_v02_c04.mp4,p12,f,train,25
WatchTV_p18_r00_v07_c05.mp4,p18,m,test,31
Walk_p02_r00_v14_c06.mp4,p02,f,test,30
Pour.Frombottle_p14_r03_v05_c04.mp4,p14,m,test,21
Enter_p17_r00_v02_c04.mp4,p17,m,train,13
Drink.Fromcup_p13_r12_v11_c01.mp4,p13,f,train,9
Drink.Fromcup_p13_r08_v11_c01.mp4,p13,f,train,9
Uselaptop_p17_r02_v03_c05.mp4,p17,m,train,27
Pour.Fromcan_p12_r01_v06_c04.mp4,p12,f,train,22
Walk_p19_r05_v03_c05.mp4,p19,f,train,30
Walk_p09_r00_v16_c03.mp4,p09,m,train,30
WatchTV_p20_r00_v06_c04.mp4,p20,f,test,31
Drink.Fromcup_p19_r10_v08_c01.mp4,p19,f,train,9
Cook.Cleanup_p10_r05_v11_c06.mp4,p10,f,test,2
Cook.Stir_p10_r01_v12_c07.mp4,p10,f,test,4
Drink.Fromcup_p03_r07_v16_c06.mp4,p03,m,train,9
Readbook_p04_r01_v08_c02.mp4,p04,f,train,24
Drink.Fromcup_p09_r00_v05_c04.mp4,p09,m,train,9
Walk_p15_r07_v14_c06.mp4,p15,m,train,30
Walk_p12_r01_v07_c05.mp4,p12,f,train,30
Readbook_p17_r02_v09_c02.mp4,p17,m,train,24
Walk_p17_r00_v02_c04.mp4,p17,m,train,30
Cook.Cut_p17_r07_v15_c06.mp4,p17,m,train,3
Takepills_p14_r01_v08_c05.mp4,p14,m,test,26
Laydown_p12_r00_v06_c04.mp4,p12,f,train,15
Readbook_p10_r01_v06_c05.mp4,p10,f,test,24
Cook.Cleanup_p19_r00_v12_c03.mp4,p19,f,train,2
Cook.Cleanup_p07_r01_v21_c06.mp4,p07,f,train,2
Walk_p17_r17_v15_c06.mp4,p17,m,train,30
Enter_p09_r00_v07_c04.mp4,p09,m,train,13
Drink.Frombottle_p15_r02_v16_c03.mp4,p15,m,train,7
Walk_p03_r31_v02_c04.mp4,p03,m,train,30
WatchTV_p14_r00_v07_c05.mp4,p14,m,test,31
Uselaptop_p14_r00_v05_c04.mp4,p14,m,test,27
Walk_p15_r29_v13_c06.mp4,p15,m,train,30
Walk_p10_r01_v12_c03.mp4,p10,f,test,30
Eat.Snack_p10_r04_v12_c06.mp4,p10,f,test,12
Walk_p19_r14_v12_c06.mp4,p19,f,train,30
Walk_p15_r06_v03_c04.mp4,p15,m,train,30
Drink.Fromcup_p18_r06_v09_c02.mp4,p18,m,test,9
Uselaptop_p14_r01_v11_c02.mp4,p14,m,test,27
Eat.Attable_p18_r30_v09_c02.mp4,p18,m,test,11
Cook.Cleanup_p11_r00_v12_c03.mp4,p11,f,test,2
Readbook_p16_r02_v09_c02.mp4,p16,f,test,24
WatchTV_p04_r11_v05_c04.mp4,p04,f,train,31
Drink.Fromcan_p11_r02_v09_c01.mp4,p11,f,test,8
Walk_p11_r02_v04_c04.mp4,p11,f,test,30
Drink.Fromcup_p13_r09_v10_c01.mp4,p13,f,train,9
Getup_p07_r03_v05_c05.mp4,p07,f,train,14
Walk_p09_r03_v12_c03.mp4,p09,m,train,30
Sitdown_p25_r03_v10_c01.mp4,p25,f,train,25
Laydown_p15_r01_v07_c05.mp4,p15,m,train,15
Pour.Frombottle_p02_r01_v15_c06.mp4,p02,f,test,21
Enter_p12_r00_v02_c04.mp4,p12,f,train,13
Uselaptop_p14_r04_v05_c04.mp4,p14,m,test,27
Cook.Stir_p17_r02_v14_c03.mp4,p17,m,train,4
Takepills_p12_r01_v04_c05.mp4,p12,f,train,26
Drink.Fromcup_p19_r02_v08_c02.mp4,p19,f,train,9
Walk_p07_r19_v06_c05.mp4,p07,f,train,30
Sitdown_p07_r02_v09_c01.mp4,p07,f,train,25
Sitdown_p06_r01_v26_c01.mp4,p06,f,train,25
Usetelephone_p13_r01_v06_c04.mp4,p13,f,train,29
Cook.Usestove_p07_r13_v21_c06.mp4,p07,f,train,5
Walk_p11_r02_v13_c07.mp4,p11,f,test,30
Cook.Cleanup_p07_r00_v22_c07.mp4,p07,f,train,2
Drink.Fromcup_p07_r06_v20_c07.mp4,p07,f,train,9
Cook.Stir_p19_r00_v12_c03.mp4,p19,f,train,4
Walk_p20_r11_v06_c05.mp4,p20,f,test,30
Sitdown_p06_r03_v06_c05.mp4,p06,f,train,25
Drink.Fromcup_p16_r07_v12_c03.mp4,p16,f,test,9
Sitdown_p04_r02_v13_c02.mp4,p04,f,train,25
Leave_p06_r00_v13_c07.mp4,p06,f,train,16
Walk_p10_r03_v13_c06.mp4,p10,f,test,30
Leave_p10_r01_v06_c05.mp4,p10,f,test,16
Eat.Attable_p07_r21_v08_c01.mp4,p07,f,train,11
Walk_p17_r16_v02_c05.mp4,p17,m,train,30
Cook.Cleandishes_p03_r04_v18_c03.mp4,p03,m,train,1
Walk_p25_r15_v14_c03.mp4,p25,f,train,30
Drink.Fromcup_p14_r13_v03_c05.mp4,p14,m,test,9
WatchTV_p07_r15_v04_c05.mp4,p07,f,train,31
Sitdown_p10_r01_v01_c04.mp4,p10,f,test,25
Sitdown_p12_r10_v04_c05.mp4,p12,f,train,25
Cook.Stir_p17_r00_v15_c07.mp4,p17,m,train,4
Drink.Fromcup_p20_r08_v02_c05.mp4,p20,f,test,9
Walk_p15_r11_v02_c05.mp4,p15,m,train,30
Walk_p17_r16_v03_c05.mp4,p17,m,train,30
Sitdown_p16_r02_v09_c01.mp4,p16,f,test,25
Cutbread_p18_r01_v09_c01.mp4,p18,m,test,6
Sitdown_p14_r14_v05_c05.mp4,p14,m,test,25
Walk_p15_r15_v10_c02.mp4,p15,m,train,30
Usetelephone_p10_r00_v01_c05.mp4,p10,f,test,29
Drink.Fromcup_p25_r04_v05_c05.mp4,p25,f,train,9
Readbook_p14_r01_v04_c05.mp4,p14,m,test,24
Walk_p02_r06_v07_c04.mp4,p02,f,test,30
Readbook_p03_r02_v07_c05.mp4,p03,m,train,24
Walk_p17_r05_v15_c06.mp4,p17,m,train,30
Sitdown_p09_r03_v04_c05.mp4,p09,m,train,25
WatchTV_p14_r02_v07_c05.mp4,p14,m,test,31
Drink.Fromcup_p17_r04_v05_c05.mp4,p17,m,train,9
Drink.Frombottle_p15_r01_v04_c05.mp4,p15,m,train,7
Cook.Stir_p16_r02_v14_c06.mp4,p16,f,test,4
Usetelephone_p25_r01_v10_c01.mp4,p25,f,train,29
Cook.Cleandishes_p10_r05_v13_c06.mp4,p10,f,test,1
Drink.Fromcup_p17_r06_v09_c02.mp4,p17,m,train,9
Enter_p03_r01_v18_c06.mp4,p03,m,train,13
Walk_p12_r05_v14_c05.mp4,p12,f,train,30
Readbook_p12_r09_v06_c04.mp4,p12,f,train,24
Getup_p11_r00_v09_c01.mp4,p11,f,test,14
Drink.Fromcup_p09_r00_v06_c05.mp4,p09,m,train,9
Getup_p16_r00_v05_c05.mp4,p16,f,test,14
Drink.Fromcup_p14_r00_v01_c05.mp4,p14,m,test,9
Laydown_p15_r00_v02_c04.mp4,p15,m,train,15
Walk_p20_r12_v05_c05.mp4,p20,f,test,30
Sitdown_p07_r03_v04_c05.mp4,p07,f,train,25
Sitdown_p03_r11_v05_c05.mp4,p03,m,train,25
Laydown_p12_r00_v04_c05.mp4,p12,f,train,15
Walk_p12_r08_v12_c06.mp4,p12,f,train,30
Pour.Fromkettle_p06_r00_v12_c03.mp4,p06,f,train,23
Drink.Fromcup_p20_r01_v02_c04.mp4,p20,f,test,9
Sitdown_p03_r01_v12_c01.mp4,p03,m,train,25
Drink.Fromcup_p17_r02_v03_c04.mp4,p17,m,train,9
Eat.Snack_p12_r05_v05_c04.mp4,p12,f,train,12
WatchTV_p03_r02_v07_c05.mp4,p03,m,train,31
Laydown_p25_r03_v05_c04.mp4,p25,f,train,15
Drink.Fromcup_p06_r01_v09_c02.mp4,p06,f,train,9
Drink.Fromcup_p12_r09_v01_c04.mp4,p12,f,train,9
Walk_p16_r01_v12_c07.mp4,p16,f,test,30
Getup_p03_r03_v07_c05.mp4,p03,m,train,14
Drink.Frombottle_p10_r01_v01_c05.mp4,p10,f,test,7
Walk_p17_r01_v03_c04.mp4,p17,m,train,30
Walk_p16_r01_v10_c02.mp4,p16,f,test,30
Sitdown_p04_r02_v06_c05.mp4,p04,f,train,25
Walk_p15_r02_v08_c02.mp4,p15,m,train,30
Drink.Fromcup_p10_r03_v05_c04.mp4,p10,f,test,9
Getup_p25_r08_v10_c02.mp4,p25,f,train,14
Enter_p10_r02_v06_c05.mp4,p10,f,test,13
Usetelephone_p13_r02_v06_c04.mp4,p13,f,train,29
Readbook_p03_r01_v04_c04.mp4,p03,m,train,24
Readbook_p04_r13_v08_c01.mp4,p04,f,train,24
Sitdown_p18_r00_v12_c02.mp4,p18,m,test,25
Drink.Fromcup_p14_r07_v03_c05.mp4,p14,m,test,9
Walk_p07_r03_v21_c06.mp4,p07,f,train,30
Drink.Fromcup_p19_r09_v08_c02.mp4,p19,f,train,9
Sitdown_p11_r02_v04_c04.mp4,p11,f,test,25
Uselaptop_p13_r00_v13_c01.mp4,p13,f,train,27
Usetelephone_p20_r00_v03_c05.mp4,p20,f,test,29
Pour.Frombottle_p18_r00_v11_c02.mp4,p18,m,test,21
Takepills_p14_r03_v03_c05.mp4,p14,m,test,26
Cook.Stir_p06_r00_v13_c03.mp4,p06,f,train,4
Uselaptop_p12_r00_v07_c05.mp4,p12,f,train,27
Walk_p02_r11_v02_c07.mp4,p02,f,test,30
Getup_p10_r04_v05_c05.mp4,p10,f,test,14
Sitdown_p02_r01_v09_c05.mp4,p02,f,test,25
Drink.Fromcup_p10_r09_v07_c05.mp4,p10,f,test,9
WatchTV_p09_r05_v07_c05.mp4,p09,m,train,31
WatchTV_p04_r01_v07_c04.mp4,p04,f,train,31
Walk_p17_r06_v15_c07.mp4,p17,m,train,30
Drink.Frombottle_p12_r00_v07_c04.mp4,p12,f,train,7
Walk_p17_r01_v15_c03.mp4,p17,m,train,30
Walk_p13_r01_v06_c04.mp4,p13,f,train,30
Takepills_p10_r02_v03_c04.mp4,p10,f,test,26
Getup_p06_r01_v27_c01.mp4,p06,f,train,14
Pour.Frombottle_p03_r02_v06_c04.mp4,p03,m,train,21
Cook.Stir_p16_r01_v15_c03.mp4,p16,f,test,4
Getup_p14_r11_v02_c05.mp4,p14,m,test,14
Enter_p15_r00_v03_c04.mp4,p15,m,train,13
Getup_p07_r02_v10_c02.mp4,p07,f,train,14
Pour.Frombottle_p02_r04_v09_c05.mp4,p02,f,test,21
Getup_p14_r04_v02_c05.mp4,p14,m,test,14
Getup_p04_r00_v07_c04.mp4,p04,f,train,14
Drink.Fromcan_p03_r00_v02_c05.mp4,p03,m,train,8
Enter_p19_r00_v12_c03.mp4,p19,f,train,13
Walk_p15_r00_v01_c04.mp4,p15,m,train,30
Walk_p13_r06_v13_c02.mp4,p13,f,train,30
Readbook_p14_r03_v11_c02.mp4,p14,m,test,24
Drink.Fromcup_p13_r00_v10_c02.mp4,p13,f,train,9
Getup_p14_r06_v04_c05.mp4,p14,m,test,14
Walk_p06_r04_v12_c03.mp4,p06,f,train,30
Drink.Fromcup_p18_r04_v09_c01.mp4,p18,m,test,9
Enter_p10_r01_v09_c01.mp4,p10,f,test,13
Walk_p16_r03_v15_c07.mp4,p16,f,test,30
Drink.Fromglass_p03_r00_v18_c03.mp4,p03,m,train,10
Drink.Fromcan_p03_r03_v02_c04.mp4,p03,m,train,8
WatchTV_p10_r01_v02_c05.mp4,p10,f,test,31
Drink.Fromcup_p19_r05_v03_c05.mp4,p19,f,train,9
Usetelephone_p03_r00_v12_c02.mp4,p03,m,train,29
Sitdown_p15_r00_v01_c05.mp4,p15,m,train,25
Drink.Fromglass_p25_r01_v10_c02.mp4,p25,f,train,10
Readbook_p03_r03_v02_c04.mp4,p03,m,train,24
Readbook_p16_r00_v05_c05.mp4,p16,f,test,24
Walk_p17_r12_v14_c06.mp4,p17,m,train,30
Sitdown_p20_r00_v07_c04.mp4,p20,f,test,25
Usetelephone_p16_r00_v01_c05.mp4,p16,f,test,29
Walk_p10_r11_v13_c03.mp4,p10,f,test,30
Walk_p03_r20_v03_c04.mp4,p03,m,train,30
Drink.Fromcan_p14_r00_v10_c02.mp4,p14,m,test,8
Eat.Attable_p16_r35_v06_c02.mp4,p16,f,test,11
Walk_p02_r14_v02_c07.mp4,p02,f,test,30
Walk_p15_r04_v08_c02.mp4,p15,m,train,30
Getup_p14_r03_v02_c04.mp4,p14,m,test,14
Walk_p06_r09_v12_c03.mp4,p06,f,train,30
Walk_p25_r01_v12_c06.mp4,p25,f,train,30
Walk_p13_r02_v05_c04.mp4,p13,f,train,30
Eat.Attable_p25_r03_v09_c01.mp4,p25,f,train,11
WatchTV_p06_r00_v06_c05.mp4,p06,f,train,31
Walk_p18_r05_v14_c07.mp4,p18,m,test,30
Readbook_p12_r05_v05_c04.mp4,p12,f,train,24
Getup_p06_r01_v06_c04.mp4,p06,f,train,14
Cook.Cleandishes_p13_r02_v20_c03.mp4,p13,f,train,1
Leave_p10_r01_v09_c01.mp4,p10,f,test,16
Drink.Fromcup_p19_r03_v08_c02.mp4,p19,f,train,9
Getup_p03_r02_v06_c04.mp4,p03,m,train,14
Walk_p15_r01_v08_c02.mp4,p15,m,train,30
Walk_p13_r05_v20_c07.mp4,p13,f,train,30
Sitdown_p06_r05_v06_c04.mp4,p06,f,train,25
Usetelephone_p03_r06_v02_c05.mp4,p03,m,train,29
Enter_p14_r03_v02_c04.mp4,p14,m,test,13
Drink.Fromcup_p17_r02_v01_c05.mp4,p17,m,train,9
Cook.Stir_p09_r16_v12_c03.mp4,p09,m,train,4
Drink.Fromcup_p10_r03_v11_c06.mp4,p10,f,test,9
Takepills_p13_r00_v13_c01.mp4,p13,f,train,26
Uselaptop_p15_r02_v04_c05.mp4,p15,m,train,27
Drink.Fromcup_p15_r05_v01_c05.mp4,p15,m,train,9
Drink.Frombottle_p14_r01_v13_c02.mp4,p14,m,test,7
Drink.Fromcup_p20_r01_v07_c04.mp4,p20,f,test,9
Cook.Stir_p25_r01_v15_c07.mp4,p25,f,train,4
Walk_p10_r05_v12_c07.mp4,p10,f,test,30
Sitdown_p04_r06_v04_c05.mp4,p04,f,train,25
Drink.Fromcup_p04_r03_v17_c03.mp4,p04,f,train,9
Getup_p06_r02_v10_c01.mp4,p06,f,train,14
Walk_p10_r06_v12_c07.mp4,p10,f,test,30
Walk_p13_r02_v06_c04.mp4,p13,f,train,30
Readbook_p07_r04_v05_c05.mp4,p07,f,train,24
Walk_p25_r32_v12_c06.mp4,p25,f,train,30
Walk_p10_r02_v06_c04.mp4,p10,f,test,30
Walk_p15_r08_v15_c07.mp4,p15,m,train,30
Sitdown_p14_r01_v02_c04.mp4,p14,m,test,25
Drink.Fromcan_p09_r00_v04_c05.mp4,p09,m,train,8
Usetelephone_p17_r04_v02_c04.mp4,p17,m,train,29
Drink.Fromcup_p07_r04_v20_c06.mp4,p07,f,train,9
Getup_p06_r01_v01_c04.mp4,p06,f,train,14
Drink.Fromcup_p09_r04_v08_c01.mp4,p09,m,train,9
Eat.Attable_p09_r39_v08_c01.mp4,p09,m,train,11
Usetelephone_p17_r00_v04_c04.mp4,p17,m,train,29
Walk_p19_r14_v01_c05.mp4,p19,f,train,30
Walk_p02_r13_v14_c06.mp4,p02,f,test,30
Cook.Stir_p13_r02_v23_c06.mp4,p13,f,train,4
Drink.Fromcup_p10_r03_v06_c04.mp4,p10,f,test,9
Sitdown_p10_r09_v01_c05.mp4,p10,f,test,25
Sitdown_p03_r13_v08_c05.mp4,p03,m,train,25
WatchTV_p25_r00_v01_c05.mp4,p25,f,train,31
Drink.Fromcup_p03_r02_v16_c06.mp4,p03,m,train,9
Readbook_p06_r00_v08_c01.mp4,p06,f,train,24
Walk_p13_r06_v20_c03.mp4,p13,f,train,30
Walk_p11_r07_v07_c04.mp4,p11,f,test,30
WatchTV_p16_r05_v01_c05.mp4,p16,f,test,31
Walk_p02_r11_v15_c06.mp4,p02,f,test,30
Walk_p14_r29_v05_c05.mp4,p14,m,test,30
Walk_p15_r03_v13_c07.mp4,p15,m,train,30
Leave_p06_r00_v05_c04.mp4,p06,f,train,16
Cook.Cleandishes_p09_r00_v16_c06.mp4,p09,m,train,1
Cook.Cleandishes_p03_r02_v18_c06.mp4,p03,m,train,1
Drink.Fromcup_p04_r09_v15_c06.mp4,p04,f,train,9
Readbook_p11_r00_v08_c01.mp4,p11,f,test,24
Drink.Fromcup_p14_r04_v05_c05.mp4,p14,m,test,9
Walk_p14_r09_v08_c04.mp4,p14,m,test,30
Readbook_p14_r02_v13_c02.mp4,p14,m,test,24
Drink.Frombottle_p04_r04_v04_c04.mp4,p04,f,train,7
Walk_p07_r03_v21_c07.mp4,p07,f,train,30
Drink.Frombottle_p14_r05_v10_c01.mp4,p14,m,test,7
Getup_p04_r02_v01_c05.mp4,p04,f,train,14
Usetelephone_p10_r02_v11_c03.mp4,p10,f,test,29
Drink.Fromcup_p19_r10_v08_c02.mp4,p19,f,train,9
Cook.Cleanup_p06_r01_v12_c06.mp4,p06,f,train,2
Pour.Fromkettle_p15_r01_v17_c06.mp4,p15,m,train,23
Eat.Attable_p04_r16_v08_c01.mp4,p04,f,train,11
Enter_p07_r01_v06_c05.mp4,p07,f,train,13
Drink.Fromcup_p15_r04_v03_c04.mp4,p15,m,train,9
Cook.Stir_p25_r11_v15_c06.mp4,p25,f,train,4
Drink.Fromcup_p02_r02_v02_c03.mp4,p02,f,test,9
Walk_p14_r17_v04_c05.mp4,p14,m,test,30
Walk_p25_r00_v03_c05.mp4,p25,f,train,30
Walk_p03_r00_v16_c03.mp4,p03,m,train,30
Eat.Attable_p03_r00_v10_c01.mp4,p03,m,train,11
Sitdown_p20_r01_v09_c01.mp4,p20,f,test,25
Getup_p12_r01_v06_c05.mp4,p12,f,train,14
Walk_p25_r16_v15_c06.mp4,p25,f,train,30
Eat.Snack_p16_r07_v04_c04.mp4,p16,f,test,12
Walk_p16_r06_v13_c06.mp4,p16,f,test,30
Takepills_p10_r03_v03_c05.mp4,p10,f,test,26
Walk_p06_r06_v12_c03.mp4,p06,f,train,30
WatchTV_p09_r01_v07_c04.mp4,p09,m,train,31
Drink.Fromcup_p16_r00_v02_c04.mp4,p16,f,test,9
Readbook_p19_r06_v08_c01.mp4,p19,f,train,24
Walk_p25_r04_v12_c03.mp4,p25,f,train,30
Usetelephone_p02_r01_v13_c06.mp4,p02,f,test,29
Cook.Stir_p17_r00_v15_c06.mp4,p17,m,train,4
Eat.Attable_p04_r30_v08_c02.mp4,p04,f,train,11
Cook.Stir_p16_r05_v14_c03.mp4,p16,f,test,4
Drink.Fromcup_p13_r06_v24_c04.mp4,p13,f,train,9
WatchTV_p12_r02_v03_c05.mp4,p12,f,train,31
Getup_p14_r06_v06_c05.mp4,p14,m,test,14
Usetelephone_p20_r04_v03_c05.mp4,p20,f,test,29
Walk_p09_r00_v04_c05.mp4,p09,m,train,30
Drink.Fromcup_p15_r03_v09_c01.mp4,p15,m,train,9
Maketea.Boilwater_p19_r00_v14_c06.mp4,p19,f,train,19
Walk_p25_r07_v15_c07.mp4,p25,f,train,30
Cook.Cleandishes_p19_r02_v13_c03.mp4,p19,f,train,1
Walk_p06_r03_v05_c05.mp4,p06,f,train,30
Cook.Cleanup_p15_r00_v14_c03.mp4,p15,m,train,2
Walk_p03_r35_v04_c05.mp4,p03,m,train,30
Walk_p25_r01_v10_c02.mp4,p25,f,train,30
Walk_p03_r11_v03_c04.mp4,p03,m,train,30
Cook.Stir_p17_r02_v14_c06.mp4,p17,m,train,4
Drink.Fromcup_p13_r12_v10_c02.mp4,p13,f,train,9
Drink.Fromcup_p19_r00_v08_c02.mp4,p19,f,train,9
Walk_p06_r03_v13_c03.mp4,p06,f,train,30
WatchTV_p17_r04_v01_c05.mp4,p17,m,train,31
Drink.Fromcup_p10_r00_v03_c04.mp4,p10,f,test,9
Drink.Fromcup_p13_r02_v24_c04.mp4,p13,f,train,9
Walk_p07_r00_v02_c05.mp4,p07,f,train,30
Cook.Stir_p07_r11_v21_c07.mp4,p07,f,train,4
Drink.Fromcup_p15_r03_v03_c05.mp4,p15,m,train,9
Cook.Stir_p07_r03_v21_c06.mp4,p07,f,train,4
Drink.Fromcup_p10_r13_v02_c05.mp4,p10,f,test,9
Enter_p10_r00_v01_c05.mp4,p10,f,test,13
Readbook_p17_r00_v06_c04.mp4,p17,m,train,24
Uselaptop_p12_r00_v13_c07.mp4,p12,f,train,27
Drink.Fromcup_p19_r02_v11_c06.mp4,p19,f,train,9
Makecoffee.Pourwater_p16_r00_v12_c06.mp4,p16,f,test,18
Sitdown_p06_r00_v10_c02.mp4,p06,f,train,25
Walk_p15_r01_v01_c05.mp4,p15,m,train,30
Walk_p17_r00_v12_c03.mp4,p17,m,train,30
Walk_p18_r15_v05_c05.mp4,p18,m,test,30
Maketea.Boilwater_p09_r00_v15_c03.mp4,p09,m,train,19
Takepills_p14_r01_v11_c02.mp4,p14,m,test,26
Cook.Cleanup_p09_r04_v13_c06.mp4,p09,m,train,2
Walk_p03_r27_v02_c04.mp4,p03,m,train,30
Eat.Attable_p13_r29_v19_c01.mp4,p13,f,train,11
Eat.Attable_p03_r02_v10_c01.mp4,p03,m,train,11
Cook.Stir_p04_r01_v17_c03.mp4,p04,f,train,4
Cook.Cleandishes_p11_r07_v11_c03.mp4,p11,f,test,1
Drink.Fromcup_p19_r03_v02_c04.mp4,p19,f,train,9
Drink.Fromcup_p03_r04_v01_c05.mp4,p03,m,train,9
Sitdown_p17_r01_v08_c02.mp4,p17,m,train,25
Getup_p14_r10_v02_c04.mp4,p14,m,test,14
Sitdown_p14_r04_v11_c01.mp4,p14,m,test,25
Drink.Fromcan_p06_r00_v04_c04.mp4,p06,f,train,8
Drink.Fromcup_p18_r04_v12_c02.mp4,p18,m,test,9
Drink.Fromcup_p11_r00_v08_c01.mp4,p11,f,test,9
Cook.Cleandishes_p04_r02_v16_c06.mp4,p04,f,train,1
Drink.Frombottle_p13_r00_v13_c01.mp4,p13,f,train,7
Walk_p12_r09_v13_c06.mp4,p12,f,train,30
Usetelephone_p18_r02_v08_c05.mp4,p18,m,test,29
Readbook_p25_r02_v09_c02.mp4,p25,f,train,24
Sitdown_p10_r08_v07_c05.mp4,p10,f,test,25
Cook.Cleandishes_p18_r05_v13_c03.mp4,p18,m,test,1
Takepills_p16_r00_v09_c01.mp4,p16,f,test,26
Walk_p19_r02_v08_c02.mp4,p19,f,train,30
Drink.Fromcup_p14_r16_v03_c05.mp4,p14,m,test,9
Walk_p16_r01_v13_c03.mp4,p16,f,test,30
WatchTV_p18_r03_v08_c05.mp4,p18,m,test,31
Drink.Fromcup_p15_r14_v08_c01.mp4,p15,m,train,9
Walk_p16_r28_v12_c06.mp4,p16,f,test,30
Walk_p11_r01_v15_c01.mp4,p11,f,test,30
Drink.Fromcan_p12_r02_v14_c05.mp4,p12,f,train,8
Sitdown_p14_r07_v12_c02.mp4,p14,m,test,25
Walk_p04_r08_v16_c06.mp4,p04,f,train,30
Pour.Frombottle_p10_r01_v10_c01.mp4,p10,f,test,21
Sitdown_p14_r06_v12_c02.mp4,p14,m,test,25
Walk_p17_r02_v05_c05.mp4,p17,m,train,30
Walk_p13_r02_v07_c04.mp4,p13,f,train,30
Enter_p19_r00_v01_c04.mp4,p19,f,train,13
Pour.Frombottle_p03_r01_v11_c01.mp4,p03,m,train,21
Drink.Fromcan_p03_r05_v07_c05.mp4,p03,m,train,8
Walk_p25_r11_v04_c04.mp4,p25,f,train,30
Uselaptop_p19_r01_v03_c04.mp4,p19,f,train,27
Walk_p12_r11_v07_c04.mp4,p12,f,train,30
Makecoffee.Pourwater_p20_r01_v13_c03.mp4,p20,f,test,18
Usetelephone_p06_r01_v06_c04.mp4,p06,f,train,29
Usetelephone_p15_r00_v05_c05.mp4,p15,m,train,29
Walk_p12_r26_v04_c05.mp4,p12,f,train,30
Uselaptop_p12_r01_v02_c04.mp4,p12,f,train,27
Readbook_p02_r08_v12_c02.mp4,p02,f,test,24
Drink.Fromcup_p03_r15_v04_c04.mp4,p03,m,train,9
Drink.Fromcup_p20_r00_v01_c05.mp4,p20,f,test,9
Walk_p12_r00_v07_c04.mp4,p12,f,train,30
Readbook_p12_r00_v06_c04.mp4,p12,f,train,24
Takepills_p14_r02_v07_c05.mp4,p14,m,test,26
Sitdown_p14_r19_v05_c04.mp4,p14,m,test,25
Readbook_p06_r02_v05_c04.mp4,p06,f,train,24
WatchTV_p16_r00_v02_c05.mp4,p16,f,test,31
Cook.Cleanup_p17_r03_v15_c06.mp4,p17,m,train,2
Drink.Fromglass_p02_r02_v06_c05.mp4,p02,f,test,10
Eat.Attable_p18_r16_v09_c02.mp4,p18,m,test,11
Cook.Cleanup_p04_r00_v16_c07.mp4,p04,f,train,2
Laydown_p03_r00_v07_c04.mp4,p03,m,train,15
Enter_p09_r03_v12_c03.mp4,p09,m,train,13
Walk_p10_r06_v06_c04.mp4,p10,f,test,30
Walk_p04_r00_v08_c02.mp4,p04,f,train,30
Walk_p10_r00_v11_c07.mp4,p10,f,test,30
Walk_p11_r03_v05_c04.mp4,p11,f,test,30
Readbook_p15_r01_v01_c05.mp4,p15,m,train,24
Leave_p10_r02_v13_c03.mp4,p10,f,test,16
Walk_p17_r19_v05_c05.mp4,p17,m,train,30
Drink.Fromcup_p18_r01_v09_c01.mp4,p18,m,test,9
WatchTV_p18_r18_v08_c05.mp4,p18,m,test,31
WatchTV_p19_r00_v03_c05.mp4,p19,f,train,31
Walk_p10_r05_v01_c05.mp4,p10,f,test,30
Enter_p10_r02_v06_c04.mp4,p10,f,test,13
Getup_p09_r02_v11_c01.mp4,p09,m,train,14
Getup_p14_r08_v05_c05.mp4,p14,m,test,14
Drink.Fromcup_p11_r03_v14_c01.mp4,p11,f,test,9
Getup_p14_r00_v08_c04.mp4,p14,m,test,14
Drink.Fromcup_p16_r01_v05_c04.mp4,p16,f,test,9
WatchTV_p14_r06_v07_c05.mp4,p14,m,test,31
WatchTV_p09_r02_v06_c04.mp4,p09,m,train,31
Drink.Fromcan_p02_r01_v13_c06.mp4,p02,f,test,8
Pour.Fromkettle_p04_r00_v15_c07.mp4,p04,f,train,23
Makecoffee.Pourgrains_p09_r00_v14_c03.mp4,p09,m,train,17
Walk_p03_r01_v18_c06.mp4,p03,m,train,30
Maketea.Insertteabag_p19_r00_v14_c06.mp4,p19,f,train,20
Drink.Fromcup_p13_r02_v09_c01.mp4,p13,f,train,9
Enter_p09_r00_v15_c06.mp4,p09,m,train,13
Sitdown_p07_r06_v05_c05.mp4,p07,f,train,25
Walk_p07_r01_v04_c07.mp4,p07,f,train,30
Takepills_p06_r00_v13_c03.mp4,p06,f,train,26
Leave_p17_r02_v05_c05.mp4,p17,m,train,16
Walk_p03_r07_v06_c05.mp4,p03,m,train,30
Drink.Fromcup_p15_r03_v09_c02.mp4,p15,m,train,9
Leave_p11_r01_v13_c06.mp4,p11,f,test,16
Cook.Cleanup_p07_r12_v20_c06.mp4,p07,f,train,2
Drink.Fromcup_p19_r05_v10_c02.mp4,p19,f,train,9
Makecoffee.Pourwater_p07_r00_v02_c03.mp4,p07,f,train,18
Maketea.Insertteabag_p12_r00_v11_c06.mp4,p12,f,train,20
Usetelephone_p03_r03_v07_c04.mp4,p03,m,train,29
Walk_p15_r42_v16_c06.mp4,p15,m,train,30
Makecoffee.Pourwater_p03_r00_v16_c06.mp4,p03,m,train,18
Walk_p14_r22_v02_c05.mp4,p14,m,test,30
Getup_p04_r00_v04_c04.mp4,p04,f,train,14
Drink.Fromcup_p04_r04_v09_c02.mp4,p04,f,train,9
Walk_p06_r01_v05_c05.mp4,p06,f,train,30
WatchTV_p07_r17_v04_c05.mp4,p07,f,train,31
Sitdown_p04_r03_v01_c05.mp4,p04,f,train,25
Drink.Fromcup_p06_r11_v03_c05.mp4,p06,f,train,9
Walk_p15_r26_v17_c06.mp4,p15,m,train,30
Drink.Fromcup_p11_r02_v12_c06.mp4,p11,f,test,9
Walk_p18_r15_v10_c02.mp4,p18,m,test,30
Eat.Attable_p11_r04_v08_c01.mp4,p11,f,test,11
Sitdown_p13_r01_v11_c01.mp4,p13,f,train,25
Walk_p06_r08_v12_c06.mp4,p06,f,train,30
Drink.Fromcup_p02_r06_v09_c05.mp4,p02,f,test,9
Walk_p06_r11_v13_c03.mp4,p06,f,train,30
Sitdown_p14_r00_v02_c05.mp4,p14,m,test,25
Walk_p13_r01_v21_c03.mp4,p13,f,train,30
Walk_p13_r04_v21_c07.mp4,p13,f,train,30
WatchTV_p12_r02_v02_c05.mp4,p12,f,train,31
Drink.Fromcup_p04_r06_v09_c02.mp4,p04,f,train,9
Eat.Attable_p17_r03_v10_c01.mp4,p17,m,train,11
Sitdown_p07_r00_v09_c02.mp4,p07,f,train,25
Cook.Cleandishes_p09_r02_v12_c06.mp4,p09,m,train,1
Walk_p12_r11_v04_c05.mp4,p12,f,train,30
Walk_p14_r12_v06_c05.mp4,p14,m,test,30
Walk_p07_r14_v06_c05.mp4,p07,f,train,30
Getup_p14_r06_v04_c04.mp4,p14,m,test,14
Getup_p06_r00_v09_c01.mp4,p06,f,train,14
Uselaptop_p13_r01_v13_c02.mp4,p13,f,train,27
Cook.Cut_p17_r05_v14_c06.mp4,p17,m,train,3
Laydown_p14_r06_v02_c05.mp4,p14,m,test,15
Walk_p15_r01_v16_c07.mp4,p15,m,train,30
Cook.Cleanup_p16_r00_v12_c03.mp4,p16,f,test,2
Drink.Fromcup_p13_r06_v21_c07.mp4,p13,f,train,9
Laydown_p25_r07_v03_c04.mp4,p25,f,train,15
Usetelephone_p03_r05_v12_c01.mp4,p03,m,train,29
Drink.Fromcup_p16_r01_v12_c06.mp4,p16,f,test,9
Usetelephone_p15_r00_v16_c06.mp4,p15,m,train,29
Walk_p11_r08_v07_c04.mp4,p11,f,test,30
Walk_p15_r11_v08_c02.mp4,p15,m,train,30
Walk_p03_r12_v12_c01.mp4,p03,m,train,30
Drink.Fromcup_p17_r00_v02_c04.mp4,p17,m,train,9
Getup_p25_r02_v03_c04.mp4,p25,f,train,14
Walk_p02_r43_v15_c06.mp4,p02,f,test,30
Drink.Fromcup_p04_r05_v16_c06.mp4,p04,f,train,9
Drink.Fromcup_p03_r07_v04_c05.mp4,p03,m,train,9
Readbook_p06_r02_v14_c01.mp4,p06,f,train,24
Drink.Fromglass_p07_r01_v03_c05.mp4,p07,f,train,10
Walk_p02_r08_v13_c06.mp4,p02,f,test,30
Enter_p15_r00_v06_c04.mp4,p15,m,train,13
Cook.Stir_p09_r14_v12_c06.mp4,p09,m,train,4
Sitdown_p13_r02_v11_c02.mp4,p13,f,train,25
Walk_p18_r03_v15_c07.mp4,p18,m,test,30
Drink.Fromcup_p16_r03_v02_c05.mp4,p16,f,test,9
Eat.Attable_p13_r25_v19_c01.mp4,p13,f,train,11
Readbook_p19_r03_v01_c04.mp4,p19,f,train,24
Walk_p03_r03_v15_c06.mp4,p03,m,train,30
Sitdown_p20_r04_v03_c04.mp4,p20,f,test,25
Cook.Cleandishes_p03_r09_v18_c06.mp4,p03,m,train,1
Getup_p04_r00_v04_c05.mp4,p04,f,train,14
Makecoffee.Pourgrains_p10_r01_v11_c06.mp4,p10,f,test,17
Walk_p15_r15_v02_c05.mp4,p15,m,train,30
Drink.Fromcup_p17_r01_v05_c04.mp4,p17,m,train,9
Cook.Usestove_p09_r00_v13_c03.mp4,p09,m,train,5
Walk_p25_r02_v11_c02.mp4,p25,f,train,30
Maketea.Boilwater_p09_r00_v15_c06.mp4,p09,m,train,19
Walk_p16_r27_v12_c06.mp4,p16,f,test,30
Takepills_p15_r00_v16_c06.mp4,p15,m,train,26
Uselaptop_p20_r00_v05_c05.mp4,p20,f,test,27
Leave_p07_r03_v07_c05.mp4,p07,f,train,16
Readbook_p16_r28_v06_c02.mp4,p16,f,test,24
Getup_p10_r12_v10_c01.mp4,p10,f,test,14
Cook.Stir_p09_r08_v13_c07.mp4,p09,m,train,4
Laydown_p12_r00_v05_c04.mp4,p12,f,train,15
Drink.Fromcup_p19_r00_v04_c04.mp4,p19,f,train,9
Leave_p25_r00_v05_c05.mp4,p25,f,train,16
WatchTV_p04_r02_v03_c05.mp4,p04,f,train,31
Walk_p25_r18_v04_c04.mp4,p25,f,train,30
Sitdown_p04_r07_v04_c04.mp4,p04,f,train,25
Cook.Stir_p15_r01_v17_c06.mp4,p15,m,train,4
Walk_p14_r12_v12_c02.mp4,p14,m,test,30
Uselaptop_p18_r01_v11_c02.mp4,p18,m,test,27
Readbook_p03_r08_v02_c04.mp4,p03,m,train,24
Walk_p13_r01_v08_c02.mp4,p13,f,train,30
WatchTV_p04_r02_v04_c05.mp4,p04,f,train,31
Sitdown_p04_r01_v10_c01.mp4,p04,f,train,25
Enter_p17_r00_v01_c04.mp4,p17,m,train,13
Getup_p13_r00_v11_c02.mp4,p13,f,train,14
Walk_p19_r00_v05_c05.mp4,p19,f,train,30
Eat.Attable_p13_r27_v19_c01.mp4,p13,f,train,11
Drink.Fromcup_p15_r03_v13_c06.mp4,p15,m,train,9
Laydown_p13_r00_v05_c04.mp4,p13,f,train,15
Sitdown_p12_r09_v05_c05.mp4,p12,f,train,25
Walk_p17_r07_v04_c05.mp4,p17,m,train,30
Getup_p12_r05_v03_c05.mp4,p12,f,train,14
Cook.Stir_p09_r04_v12_c06.mp4,p09,m,train,4
Walk_p02_r12_v14_c03.mp4,p02,f,test,30
Usetelephone_p20_r01_v06_c04.mp4,p20,f,test,29
Walk_p06_r04_v13_c07.mp4,p06,f,train,30
Cook.Cleanup_p25_r01_v12_c06.mp4,p25,f,train,2
Uselaptop_p14_r03_v05_c04.mp4,p14,m,test,27
Readbook_p03_r02_v19_c04.mp4,p03,m,train,24
Getup_p06_r04_v09_c01.mp4,p06,f,train,14
Walk_p17_r01_v06_c05.mp4,p17,m,train,30
Readbook_p14_r02_v06_c05.mp4,p14,m,test,24
WatchTV_p02_r06_v04_c04.mp4,p02,f,test,31
Takepills_p13_r00_v11_c02.mp4,p13,f,train,26
Uselaptop_p14_r07_v02_c05.mp4,p14,m,test,27
Eat.Snack_p12_r01_v12_c06.mp4,p12,f,train,12
Walk_p25_r12_v14_c06.mp4,p25,f,train,30
Drink.Fromcan_p02_r01_v07_c04.mp4,p02,f,test,8
Cook.Usestove_p06_r00_v13_c06.mp4,p06,f,train,5
Eat.Snack_p13_r00_v21_c07.mp4,p13,f,train,12
Drink.Fromcup_p04_r05_v05_c04.mp4,p04,f,train,9
Enter_p09_r01_v02_c05.mp4,p09,m,train,13
Walk_p14_r12_v15_c07.mp4,p14,m,test,30
Walk_p25_r05_v14_c03.mp4,p25,f,train,30
Walk_p15_r24_v02_c04.mp4,p15,m,train,30
WatchTV_p04_r07_v05_c04.mp4,p04,f,train,31
Eat.Attable_p07_r05_v08_c01.mp4,p07,f,train,11
Drink.Fromcan_p03_r08_v02_c05.mp4,p03,m,train,8
Makecoffee.Pourgrains_p12_r01_v11_c06.mp4,p12,f,train,17
Leave_p09_r00_v14_c06.mp4,p09,m,train,16
Drink.Fromcup_p10_r03_v02_c05.mp4,p10,f,test,9
Usetelephone_p19_r00_v05_c04.mp4,p19,f,train,29
Walk_p10_r06_v12_c03.mp4,p10,f,test,30
Enter_p09_r01_v11_c01.mp4,p09,m,train,13
Walk_p11_r04_v13_c06.mp4,p11,f,test,30
Cook.Cleanup_p17_r00_v15_c03.mp4,p17,m,train,2
Drink.Fromcup_p02_r00_v18_c05.mp4,p02,f,test,9
Readbook_p14_r03_v04_c05.mp4,p14,m,test,24
Walk_p12_r04_v05_c05.mp4,p12,f,train,30
Walk_p25_r09_v17_c02.mp4,p25,f,train,30
Cook.Cleanup_p15_r04_v15_c06.mp4,p15,m,train,2
Maketea.Insertteabag_p13_r01_v21_c06.mp4,p13,f,train,20
Makecoffee.Pourgrains_p02_r00_v01_c06.mp4,p02,f,test,17
Walk_p17_r06_v14_c06.mp4,p17,m,train,30
WatchTV_p04_r00_v05_c05.mp4,p04,f,train,31
Drink.Frombottle_p06_r00_v06_c05.mp4,p06,f,train,7
Sitdown_p17_r04_v08_c01.mp4,p17,m,train,25
Drink.Fromcup_p14_r01_v01_c04.mp4,p14,m,test,9
Walk_p25_r18_v05_c05.mp4,p25,f,train,30
Walk_p16_r02_v07_c02.mp4,p16,f,test,30
Walk_p17_r03_v15_c07.mp4,p17,m,train,30
Pour.Frombottle_p14_r02_v05_c05.mp4,p14,m,test,21
Eat.Attable_p04_r29_v08_c02.mp4,p04,f,train,11
Laydown_p06_r01_v03_c05.mp4,p06,f,train,15
Walk_p04_r04_v14_c07.mp4,p04,f,train,30
Walk_p19_r04_v12_c06.mp4,p19,f,train,30
Drink.Fromcup_p19_r08_v04_c05.mp4,p19,f,train,9
Cook.Stir_p10_r03_v12_c06.mp4,p10,f,test,4
Sitdown_p06_r01_v03_c05.mp4,p06,f,train,25
Walk_p18_r11_v05_c05.mp4,p18,m,test,30
Walk_p07_r00_v20_c07.mp4,p07,f,train,30
Drink.Frombottle_p04_r11_v04_c04.mp4,p04,f,train,7
Cook.Stir_p18_r05_v15_c07.mp4,p18,m,test,4
Cook.Stir_p20_r05_v15_c07.mp4,p20,f,test,4
Pour.Frombottle_p17_r00_v04_c05.mp4,p17,m,train,21
Walk_p17_r04_v15_c03.mp4,p17,m,train,30
Getup_p14_r05_v08_c05.mp4,p14,m,test,14
Walk_p25_r14_v10_c02.mp4,p25,f,train,30
Drink.Fromcup_p15_r00_v14_c06.mp4,p15,m,train,9
Readbook_p13_r02_v25_c04.mp4,p13,f,train,24
Drink.Fromcup_p14_r05_v09_c02.mp4,p14,m,test,9
Readbook_p25_r01_v12_c07.mp4,p25,f,train,24
Walk_p10_r14_v13_c07.mp4,p10,f,test,30
Readbook_p17_r03_v09_c02.mp4,p17,m,train,24
Cook.Stir_p20_r08_v15_c07.mp4,p20,f,test,4
Walk_p03_r36_v04_c04.mp4,p03,m,train,30
Readbook_p14_r01_v08_c04.mp4,p14,m,test,24
Sitdown_p06_r01_v02_c05.mp4,p06,f,train,25
Walk_p10_r01_v03_c05.mp4,p10,f,test,30
Leave_p18_r00_v05_c04.mp4,p18,m,test,16
Uselaptop_p10_r05_v02_c05.mp4,p10,f,test,27
Drink.Fromcup_p14_r02_v01_c04.mp4,p14,m,test,9
Eat.Attable_p04_r11_v08_c01.mp4,p04,f,train,11
Cook.Stir_p09_r01_v13_c06.mp4,p09,m,train,4
Walk_p02_r01_v15_c06.mp4,p02,f,test,30
Drink.Fromglass_p03_r01_v18_c06.mp4,p03,m,train,10
Walk_p04_r02_v15_c06.mp4,p04,f,train,30
Readbook_p25_r02_v07_c04.mp4,p25,f,train,24
Uselaptop_p10_r01_v05_c05.mp4,p10,f,test,27
Walk_p14_r28_v05_c05.mp4,p14,m,test,30
Readbook_p13_r00_v25_c04.mp4,p13,f,train,24
Drink.Fromcup_p13_r06_v11_c01.mp4,p13,f,train,9
Cook.Stir_p02_r14_v14_c03.mp4,p02,f,test,4
Cook.Cleanup_p03_r08_v18_c07.mp4,p03,m,train,2
Getup_p10_r11_v09_c01.mp4,p10,f,test,14
Walk_p20_r01_v01_c05.mp4,p20,f,test,30
Walk_p17_r07_v09_c02.mp4,p17,m,train,30
Walk_p16_r20_v14_c06.mp4,p16,f,test,30
Getup_p14_r05_v07_c05.mp4,p14,m,test,14
Walk_p14_r08_v15_c07.mp4,p14,m,test,30
Walk_p04_r04_v15_c03.mp4,p04,f,train,30
Usetelephone_p19_r00_v03_c04.mp4,p19,f,train,29
Readbook_p16_r00_v08_c02.mp4,p16,f,test,24
Readbook_p04_r01_v11_c02.mp4,p04,f,train,24
Walk_p07_r03_v02_c03.mp4,p07,f,train,30
Eat.Snack_p09_r02_v13_c03.mp4,p09,m,train,12
Walk_p10_r12_v13_c07.mp4,p10,f,test,30
Eat.Snack_p15_r02_v14_c03.mp4,p15,m,train,12
Walk_p17_r00_v13_c07.mp4,p17,m,train,30
Takepills_p16_r02_v14_c03.mp4,p16,f,test,26
Walk_p19_r15_v08_c02.mp4,p19,f,train,30
Walk_p15_r02_v15_c06.mp4,p15,m,train,30
Pour.Frombottle_p14_r02_v05_c04.mp4,p14,m,test,21
Drink.Fromcan_p03_r00_v07_c05.mp4,p03,m,train,8
Readbook_p16_r09_v02_c04.mp4,p16,f,test,24
Walk_p19_r05_v12_c06.mp4,p19,f,train,30
Eat.Snack_p19_r02_v12_c06.mp4,p19,f,train,12
Readbook_p16_r02_v06_c02.mp4,p16,f,test,24
Cook.Cut_p02_r05_v15_c06.mp4,p02,f,test,3
Walk_p20_r01_v16_c07.mp4,p20,f,test,30
Takepills_p14_r03_v06_c05.mp4,p14,m,test,26
Walk_p12_r07_v14_c05.mp4,p12,f,train,30
Walk_p15_r03_v02_c05.mp4,p15,m,train,30
Sitdown_p10_r09_v05_c04.mp4,p10,f,test,25
Eat.Attable_p11_r15_v08_c01.mp4,p11,f,test,11
Getup_p09_r04_v02_c04.mp4,p09,m,train,14
Drink.Fromcup_p19_r03_v01_c05.mp4,p19,f,train,9
Maketea.Insertteabag_p18_r03_v14_c03.mp4,p18,m,test,20
Cook.Stir_p02_r04_v15_c06.mp4,p02,f,test,4
Drink.Fromcup_p13_r08_v11_c02.mp4,p13,f,train,9
Walk_p10_r13_v13_c03.mp4,p10,f,test,30
Takepills_p04_r09_v04_c05.mp4,p04,f,train,26
Walk_p02_r32_v09_c05.mp4,p02,f,test,30
Walk_p02_r07_v08_c05.mp4,p02,f,test,30
Walk_p14_r07_v05_c05.mp4,p14,m,test,30
Readbook_p02_r02_v05_c05.mp4,p02,f,test,24
Walk_p03_r45_v04_c05.mp4,p03,m,train,30
Uselaptop_p25_r02_v06_c05.mp4,p25,f,train,27
Cook.Stir_p18_r09_v15_c07.mp4,p18,m,test,4
WatchTV_p12_r14_v14_c05.mp4,p12,f,train,31
Drink.Fromglass_p03_r02_v18_c03.mp4,p03,m,train,10
Uselaptop_p13_r00_v13_c02.mp4,p13,f,train,27
Walk_p15_r06_v04_c05.mp4,p15,m,train,30
Getup_p12_r02_v03_c05.mp4,p12,f,train,14
Drink.Fromcup_p13_r12_v10_c01.mp4,p13,f,train,9
Drink.Fromcan_p25_r00_v06_c04.mp4,p25,f,train,8
Cook.Cleandishes_p03_r04_v16_c03.mp4,p03,m,train,1
Walk_p03_r13_v13_c02.mp4,p03,m,train,30
Eat.Attable_p16_r28_v06_c02.mp4,p16,f,test,11
Walk_p25_r13_v04_c05.mp4,p25,f,train,30
Walk_p10_r00_v02_c05.mp4,p10,f,test,30
Walk_p19_r13_v14_c06.mp4,p19,f,train,30
Walk_p02_r06_v18_c05.mp4,p02,f,test,30
Takepills_p12_r01_v06_c05.mp4,p12,f,train,26
Cook.Stir_p10_r02_v12_c06.mp4,p10,f,test,4
WatchTV_p15_r05_v03_c05.mp4,p15,m,train,31
Drink.Fromcan_p25_r04_v06_c05.mp4,p25,f,train,8
Walk_p03_r31_v04_c05.mp4,p03,m,train,30
Drink.Fromcup_p14_r04_v04_c04.mp4,p14,m,test,9
Drink.Fromcup_p04_r12_v05_c05.mp4,p04,f,train,9
WatchTV_p06_r05_v02_c05.mp4,p06,f,train,31
Drink.Fromcup_p15_r04_v12_c02.mp4,p15,m,train,9
WatchTV_p13_r01_v24_c05.mp4,p13,f,train,31
Drink.Fromcup_p25_r00_v03_c05.mp4,p25,f,train,9
Pour.Fromkettle_p15_r01_v14_c06.mp4,p15,m,train,23
Walk_p07_r00_v01_c03.mp4,p07,f,train,30
Drink.Fromcup_p15_r02_v13_c06.mp4,p15,m,train,9
Getup_p04_r00_v08_c01.mp4,p04,f,train,14
Walk_p12_r24_v06_c04.mp4,p12,f,train,30
Uselaptop_p15_r00_v07_c05.mp4,p15,m,train,27
Takepills_p10_r00_v05_c05.mp4,p10,f,test,26
Readbook_p13_r03_v11_c02.mp4,p13,f,train,24
Drink.Fromcan_p14_r02_v08_c04.mp4,p14,m,test,8
Walk_p17_r04_v13_c06.mp4,p17,m,train,30
Drink.Fromcan_p12_r02_v06_c05.mp4,p12,f,train,8
WatchTV_p12_r09_v04_c05.mp4,p12,f,train,31
Eat.Attable_p16_r25_v06_c01.mp4,p16,f,test,11
Walk_p03_r04_v16_c03.mp4,p03,m,train,30
Walk_p11_r21_v04_c04.mp4,p11,f,test,30
WatchTV_p09_r03_v05_c05.mp4,p09,m,train,31
Eat.Snack_p06_r04_v06_c04.mp4,p06,f,train,12
WatchTV_p12_r05_v05_c05.mp4,p12,f,train,31
Eat.Snack_p13_r02_v21_c07.mp4,p13,f,train,12
Getup_p10_r08_v07_c04.mp4,p10,f,test,14
Enter_p10_r03_v12_c03.mp4,p10,f,test,13
Drink.Fromcup_p15_r05_v08_c02.mp4,p15,m,train,9
Eat.Attable_p06_r11_v07_c01.mp4,p06,f,train,11
Walk_p14_r20_v05_c05.mp4,p14,m,test,30
Laydown_p20_r01_v04_c05.mp4,p20,f,test,15
Walk_p03_r18_v02_c04.mp4,p03,m,train,30
Cook.Cleandishes_p10_r10_v11_c06.mp4,p10,f,test,1
Drink.Fromcan_p03_r04_v02_c04.mp4,p03,m,train,8
Usetelephone_p06_r00_v06_c04.mp4,p06,f,train,29
Walk_p06_r01_v12_c03.mp4,p06,f,train,30
Eat.Snack_p06_r05_v06_c04.mp4,p06,f,train,12
Drink.Fromcup_p20_r07_v13_c03.mp4,p20,f,test,9
WatchTV_p14_r00_v08_c05.mp4,p14,m,test,31
Drink.Fromcan_p25_r01_v11_c01.mp4,p25,f,train,8
Walk_p12_r05_v11_c06.mp4,p12,f,train,30
Sitdown_p04_r09_v04_c05.mp4,p04,f,train,25
Laydown_p17_r04_v05_c05.mp4,p17,m,train,15
Readbook_p19_r10_v08_c01.mp4,p19,f,train,24
Cook.Stir_p16_r03_v15_c06.mp4,p16,f,test,4
WatchTV_p12_r01_v14_c05.mp4,p12,f,train,31
Enter_p09_r00_v10_c01.mp4,p09,m,train,13
Cook.Cleandishes_p10_r06_v11_c06.mp4,p10,f,test,1
Cook.Usestove_p09_r03_v12_c03.mp4,p09,m,train,5
Walk_p07_r08_v06_c05.mp4,p07,f,train,30
Walk_p25_r11_v15_c06.mp4,p25,f,train,30
WatchTV_p04_r01_v03_c04.mp4,p04,f,train,31
Sitdown_p12_r03_v01_c04.mp4,p12,f,train,25
Getup_p14_r07_v05_c05.mp4,p14,m,test,14
Walk_p17_r27_v05_c05.mp4,p17,m,train,30
Laydown_p25_r04_v03_c05.mp4,p25,f,train,15
Eat.Attable_p14_r05_v09_c02.mp4,p14,m,test,11
Laydown_p25_r00_v05_c04.mp4,p25,f,train,15
Drink.Fromcup_p13_r05_v21_c06.mp4,p13,f,train,9
Walk_p19_r21_v05_c05.mp4,p19,f,train,30
Usetelephone_p03_r03_v02_c04.mp4,p03,m,train,29
Walk_p10_r01_v03_c04.mp4,p10,f,test,30
Readbook_p14_r03_v06_c05.mp4,p14,m,test,24
Drink.Fromcup_p14_r02_v11_c01.mp4,p14,m,test,9
Walk_p09_r00_v02_c04.mp4,p09,m,train,30
Eat.Snack_p10_r00_v12_c06.mp4,p10,f,test,12
Drink.Fromcup_p25_r06_v01_c05.mp4,p25,f,train,9
Drink.Fromcan_p18_r07_v08_c05.mp4,p18,m,test,8
Drink.Frombottle_p18_r06_v05_c05.mp4,p18,m,test,7
Walk_p25_r01_v16_c03.mp4,p25,f,train,30
WatchTV_p12_r16_v02_c05.mp4,p12,f,train,31
Takepills_p17_r02_v14_c03.mp4,p17,m,train,26
Drink.Fromcup_p07_r01_v08_c02.mp4,p07,f,train,9
Getup_p06_r01_v08_c02.mp4,p06,f,train,14
Sitdown_p12_r08_v02_c04.mp4,p12,f,train,25
Walk_p03_r01_v12_c02.mp4,p03,m,train,30
Drink.Fromcup_p04_r05_v16_c07.mp4,p04,f,train,9
Walk_p25_r01_v06_c04.mp4,p25,f,train,30
Cook.Cleanup_p09_r00_v12_c06.mp4,p09,m,train,2
Takepills_p10_r01_v03_c04.mp4,p10,f,test,26
Enter_p10_r00_v11_c07.mp4,p10,f,test,13
Walk_p13_r23_v25_c04.mp4,p13,f,train,30
Cook.Stir_p15_r00_v16_c06.mp4,p15,m,train,4
Usetelephone_p14_r00_v07_c04.mp4,p14,m,test,29
Walk_p02_r12_v01_c07.mp4,p02,f,test,30
Sitdown_p04_r08_v03_c05.mp4,p04,f,train,25
Uselaptop_p14_r00_v11_c01.mp4,p14,m,test,27
Drink.Fromcup_p07_r00_v02_c05.mp4,p07,f,train,9
Sitdown_p11_r05_v04_c04.mp4,p11,f,test,25
Drink.Fromcup_p13_r02_v05_c04.mp4,p13,f,train,9
WatchTV_p06_r03_v02_c05.mp4,p06,f,train,31
Drink.Fromcup_p13_r02_v24_c05.mp4,p13,f,train,9
Drink.Fromcup_p10_r03_v07_c05.mp4,p10,f,test,9
Pour.Fromkettle_p15_r00_v16_c06.mp4,p15,m,train,23
Getup_p10_r11_v03_c04.mp4,p10,f,test,14
Cook.Cleanup_p16_r00_v15_c03.mp4,p16,f,test,2
Sitdown_p19_r01_v10_c02.mp4,p19,f,train,25
WatchTV_p03_r04_v07_c04.mp4,p03,m,train,31
Drink.Fromcup_p25_r01_v10_c01.mp4,p25,f,train,9
WatchTV_p20_r01_v04_c05.mp4,p20,f,test,31
Walk_p20_r02_v13_c07.mp4,p20,f,test,30
Readbook_p14_r05_v07_c05.mp4,p14,m,test,24
Eat.Snack_p12_r00_v07_c05.mp4,p12,f,train,12
Drink.Fromcup_p14_r02_v08_c04.mp4,p14,m,test,9
Laydown_p02_r01_v07_c04.mp4,p02,f,test,15
Drink.Frombottle_p06_r05_v06_c04.mp4,p06,f,train,7
Eat.Attable_p18_r05_v09_c02.mp4,p18,m,test,11
Readbook_p25_r04_v06_c04.mp4,p25,f,train,24
Pour.Frombottle_p14_r01_v05_c05.mp4,p14,m,test,21
Walk_p11_r07_v05_c04.mp4,p11,f,test,30
Readbook_p20_r03_v05_c05.mp4,p20,f,test,24
Walk_p06_r00_v14_c02.mp4,p06,f,train,30
Walk_p04_r09_v16_c03.mp4,p04,f,train,30
Pour.Frombottle_p03_r00_v04_c04.mp4,p03,m,train,21
Sitdown_p14_r04_v13_c02.mp4,p14,m,test,25
WatchTV_p03_r01_v19_c05.mp4,p03,m,train,31
Walk_p16_r05_v12_c06.mp4,p16,f,test,30
Walk_p03_r02_v02_c05.mp4,p03,m,train,30
Getup_p10_r09_v05_c04.mp4,p10,f,test,14
Drink.Fromcup_p15_r16_v08_c01.mp4,p15,m,train,9
Leave_p03_r02_v19_c05.mp4,p03,m,train,16
Walk_p03_r00_v13_c01.mp4,p03,m,train,30
Drink.Fromcup_p14_r01_v11_c02.mp4,p14,m,test,9
Walk_p09_r07_v13_c06.mp4,p09,m,train,30
Getup_p14_r07_v11_c02.mp4,p14,m,test,14
Drink.Fromcup_p07_r10_v21_c06.mp4,p07,f,train,9
Pour.Fromkettle_p16_r01_v12_c06.mp4,p16,f,test,23
Cook.Cleandishes_p19_r04_v13_c03.mp4,p19,f,train,1
Readbook_p17_r01_v08_c02.mp4,p17,m,train,24
Maketea.Boilwater_p16_r00_v13_c03.mp4,p16,f,test,19
Makecoffee.Pourgrains_p06_r01_v12_c06.mp4,p06,f,train,17
Enter_p09_r00_v06_c04.mp4,p09,m,train,13
Leave_p07_r03_v04_c05.mp4,p07,f,train,16
Getup_p06_r04_v09_c02.mp4,p06,f,train,14
Eat.Snack_p20_r01_v14_c07.mp4,p20,f,test,12
Readbook_p03_r04_v19_c04.mp4,p03,m,train,24
Uselaptop_p02_r02_v08_c04.mp4,p02,f,test,27
Drink.Fromcup_p13_r02_v20_c07.mp4,p13,f,train,9
Cook.Stir_p09_r23_v12_c03.mp4,p09,m,train,4
Drink.Frombottle_p13_r00_v13_c02.mp4,p13,f,train,7
Walk_p14_r43_v05_c05.mp4,p14,m,test,30
Walk_p02_r17_v02_c03.mp4,p02,f,test,30
Walk_p17_r03_v12_c03.mp4,p17,m,train,30
Takepills_p11_r00_v14_c01.mp4,p11,f,test,26
Laydown_p15_r02_v02_c04.mp4,p15,m,train,15
Takepills_p20_r00_v03_c05.mp4,p20,f,test,26
Drink.Fromcup_p13_r09_v08_c02.mp4,p13,f,train,9
Usetablet_p20_r01_v11_c01.mp4,p20,f,test,28
Walk_p12_r06_v04_c05.mp4,p12,f,train,30
Drink.Fromcup_p13_r04_v11_c01.mp4,p13,f,train,9
Enter_p04_r01_v04_c04.mp4,p04,f,train,13
Eat.Attable_p14_r09_v09_c02.mp4,p14,m,test,11
Takepills_p03_r00_v04_c05.mp4,p03,m,train,26
Walk_p03_r42_v04_c04.mp4,p03,m,train,30
Takepills_p15_r01_v05_c05.mp4,p15,m,train,26
Sitdown_p17_r00_v10_c01.mp4,p17,m,train,25
Cook.Cleandishes_p07_r08_v20_c06.mp4,p07,f,train,1
Drink.Fromcup_p16_r03_v12_c06.mp4,p16,f,test,9
Cook.Cleanup_p11_r00_v13_c06.mp4,p11,f,test,2
Pour.Frombottle_p15_r01_v11_c02.mp4,p15,m,train,21
Readbook_p03_r01_v01_c05.mp4,p03,m,train,24
Walk_p25_r02_v16_c07.mp4,p25,f,train,30
Uselaptop_p02_r06_v12_c02.mp4,p02,f,test,27
Enter_p17_r03_v03_c04.mp4,p17,m,train,13
Enter_p10_r00_v13_c06.mp4,p10,f,test,13
Walk_p11_r00_v02_c04.mp4,p11,f,test,30
Readbook_p14_r04_v11_c01.mp4,p14,m,test,24
Walk_p14_r28_v07_c04.mp4,p14,m,test,30
Getup_p14_r03_v04_c05.mp4,p14,m,test,14
Makecoffee.Pourwater_p06_r00_v12_c06.mp4,p06,f,train,18
Walk_p25_r15_v03_c05.mp4,p25,f,train,30
Uselaptop_p04_r00_v13_c01.mp4,p04,f,train,27
Cook.Stir_p17_r05_v14_c06.mp4,p17,m,train,4
Readbook_p16_r02_v02_c04.mp4,p16,f,test,24
Cook.Stir_p16_r02_v14_c07.mp4,p16,f,test,4
Walk_p13_r06_v05_c04.mp4,p13,f,train,30
Takepills_p16_r00_v03_c05.mp4,p16,f,test,26
Usetelephone_p17_r00_v04_c05.mp4,p17,m,train,29
Usetelephone_p12_r00_v06_c05.mp4,p12,f,train,29
Walk_p13_r11_v21_c06.mp4,p13,f,train,30
Walk_p11_r00_v13_c06.mp4,p11,f,test,30
Maketea.Boilwater_p19_r00_v13_c06.mp4,p19,f,train,19
Cook.Cleandishes_p20_r05_v13_c03.mp4,p20,f,test,1
Sitdown_p02_r01_v12_c02.mp4,p02,f,test,25
Cook.Stir_p17_r05_v14_c07.mp4,p17,m,train,4
Walk_p04_r07_v16_c06.mp4,p04,f,train,30
Getup_p02_r02_v09_c05.mp4,p02,f,test,14
Drink.Fromcup_p06_r00_v10_c02.mp4,p06,f,train,9
Cook.Stir_p06_r01_v13_c03.mp4,p06,f,train,4
Sitdown_p16_r00_v03_c04.mp4,p16,f,test,25
Usetelephone_p02_r00_v01_c06.mp4,p02,f,test,29
Drink.Frombottle_p03_r07_v03_c04.mp4,p03,m,train,7
Walk_p15_r31_v16_c06.mp4,p15,m,train,30
Drink.Fromcan_p16_r01_v05_c05.mp4,p16,f,test,8
Walk_p03_r05_v15_c03.mp4,p03,m,train,30
Drink.Fromcup_p15_r05_v13_c06.mp4,p15,m,train,9
Cook.Stir_p20_r09_v16_c03.mp4,p20,f,test,4
Walk_p25_r25_v04_c04.mp4,p25,f,train,30
Readbook_p20_r00_v05_c05.mp4,p20,f,test,24
Walk_p03_r06_v15_c03.mp4,p03,m,train,30
Cook.Cleandishes_p04_r02_v18_c03.mp4,p04,f,train,1
Drink.Fromcup_p14_r06_v09_c01.mp4,p14,m,test,9
Usetelephone_p04_r00_v04_c05.mp4,p04,f,train,29
Walk_p03_r02_v07_c04.mp4,p03,m,train,30
Sitdown_p07_r01_v09_c01.mp4,p07,f,train,25
Walk_p02_r16_v18_c05.mp4,p02,f,test,30
Uselaptop_p03_r00_v03_c04.mp4,p03,m,train,27
Drink.Fromcup_p18_r00_v12_c02.mp4,p18,m,test,9
Readbook_p10_r00_v06_c05.mp4,p10,f,test,24
Usetelephone_p20_r00_v06_c05.mp4,p20,f,test,29
WatchTV_p16_r03_v01_c05.mp4,p16,f,test,31
Sitdown_p06_r03_v10_c01.mp4,p06,f,train,25
Readbook_p02_r01_v05_c05.mp4,p02,f,test,24
Pour.Frombottle_p16_r00_v11_c02.mp4,p16,f,test,21
Walk_p15_r03_v16_c07.mp4,p15,m,train,30
Eat.Attable_p09_r07_v08_c01.mp4,p09,m,train,11
Walk_p03_r27_v04_c05.mp4,p03,m,train,30
Drink.Fromcup_p14_r01_v05_c05.mp4,p14,m,test,9
Getup_p11_r00_v07_c04.mp4,p11,f,test,14
Usetelephone_p19_r00_v01_c04.mp4,p19,f,train,29
Cook.Stir_p15_r09_v16_c03.mp4,p15,m,train,4
Laydown_p19_r00_v02_c05.mp4,p19,f,train,15
Getup_p19_r02_v01_c04.mp4,p19,f,train,14
Enter_p03_r01_v02_c04.mp4,p03,m,train,13
Drink.Fromcup_p10_r06_v06_c04.mp4,p10,f,test,9
Cook.Cleandishes_p09_r04_v13_c06.mp4,p09,m,train,1
Drink.Fromcup_p19_r00_v09_c02.mp4,p19,f,train,9
Drink.Fromcup_p16_r04_v13_c03.mp4,p16,f,test,9
Enter_p04_r00_v06_c04.mp4,p04,f,train,13
Readbook_p12_r06_v05_c04.mp4,p12,f,train,24
Walk_p02_r03_v13_c06.mp4,p02,f,test,30
Walk_p25_r15_v14_c07.mp4,p25,f,train,30
Walk_p07_r01_v02_c03.mp4,p07,f,train,30
Drink.Fromcup_p06_r01_v01_c04.mp4,p06,f,train,9
Walk_p15_r13_v02_c04.mp4,p15,m,train,30
Eat.Attable_p13_r23_v09_c01.mp4,p13,f,train,11
Drink.Fromcup_p25_r03_v04_c04.mp4,p25,f,train,9
Getup_p12_r02_v01_c04.mp4,p12,f,train,14
Sitdown_p17_r01_v05_c05.mp4,p17,m,train,25
Walk_p17_r07_v14_c06.mp4,p17,m,train,30
Cook.Stir_p17_r09_v14_c06.mp4,p17,m,train,4
Walk_p14_r18_v05_c05.mp4,p14,m,test,30
Drink.Fromcup_p19_r15_v08_c02.mp4,p19,f,train,9
Drink.Fromcup_p17_r01_v01_c04.mp4,p17,m,train,9
Getup_p14_r00_v13_c01.mp4,p14,m,test,14
Drink.Fromcan_p14_r01_v05_c05.mp4,p14,m,test,8
Walk_p17_r09_v03_c05.mp4,p17,m,train,30
Walk_p07_r01_v10_c02.mp4,p07,f,train,30
Walk_p17_r10_v03_c05.mp4,p17,m,train,30
Cook.Stir_p20_r06_v16_c07.mp4,p20,f,test,4
Usetelephone_p19_r00_v05_c05.mp4,p19,f,train,29
Takepills_p17_r02_v09_c01.mp4,p17,m,train,26
Sitdown_p20_r00_v01_c05.mp4,p20,f,test,25
WatchTV_p14_r00_v04_c05.mp4,p14,m,test,31
Usetelephone_p20_r02_v03_c05.mp4,p20,f,test,29
Drink.Fromcup_p09_r06_v05_c05.mp4,p09,m,train,9
Uselaptop_p19_r04_v09_c01.mp4,p19,f,train,27
Pour.Frombottle_p25_r03_v04_c04.mp4,p25,f,train,21
Leave_p25_r00_v14_c07.mp4,p25,f,train,16
Walk_p18_r05_v13_c07.mp4,p18,m,test,30
Makecoffee.Pourwater_p15_r01_v13_c06.mp4,p15,m,train,18
Cook.Cleanup_p07_r02_v22_c03.mp4,p07,f,train,2
Cook.Stir_p17_r06_v14_c03.mp4,p17,m,train,4
Walk_p17_r19_v09_c02.mp4,p17,m,train,30
Walk_p18_r03_v14_c07.mp4,p18,m,test,30
Pour.Fromkettle_p10_r00_v13_c06.mp4,p10,f,test,23
Walk_p04_r10_v17_c03.mp4,p04,f,train,30
Drink.Fromcup_p13_r03_v05_c04.mp4,p13,f,train,9
Drink.Fromcup_p06_r01_v12_c06.mp4,p06,f,train,9
Cook.Cut_p20_r04_v16_c07.mp4,p20,f,test,3
Leave_p07_r00_v21_c06.mp4,p07,f,train,16
Walk_p07_r17_v06_c05.mp4,p07,f,train,30
Walk_p20_r03_v15_c07.mp4,p20,f,test,30
Pour.Frombottle_p13_r01_v24_c05.mp4,p13,f,train,21
Enter_p18_r03_v05_c04.mp4,p18,m,test,13
Pour.Fromkettle_p18_r00_v13_c07.mp4,p18,m,test,23
Uselaptop_p14_r01_v08_c04.mp4,p14,m,test,27
Sitdown_p19_r00_v03_c05.mp4,p19,f,train,25
Pour.Frombottle_p06_r00_v02_c04.mp4,p06,f,train,21
Getup_p06_r00_v04_c05.mp4,p06,f,train,14
Walk_p19_r00_v14_c06.mp4,p19,f,train,30
Drink.Fromcan_p13_r03_v23_c06.mp4,p13,f,train,8
Walk_p15_r18_v17_c06.mp4,p15,m,train,30
Enter_p07_r03_v05_c05.mp4,p07,f,train,13
Readbook_p19_r08_v01_c05.mp4,p19,f,train,24
Walk_p06_r10_v13_c03.mp4,p06,f,train,30
WatchTV_p13_r08_v25_c05.mp4,p13,f,train,31
Eat.Attable_p02_r19_v11_c02.mp4,p02,f,test,11
Drink.Fromcup_p12_r01_v05_c04.mp4,p12,f,train,9
Walk_p07_r07_v06_c03.mp4,p07,f,train,30
Getup_p04_r02_v05_c04.mp4,p04,f,train,14
WatchTV_p14_r09_v03_c05.mp4,p14,m,test,31
Sitdown_p06_r04_v10_c01.mp4,p06,f,train,25
Pour.Frombottle_p02_r00_v11_c01.mp4,p02,f,test,21
Cook.Cleanup_p07_r05_v06_c06.mp4,p07,f,train,2
Drink.Frombottle_p14_r01_v08_c04.mp4,p14,m,test,7
Takepills_p06_r01_v03_c04.mp4,p06,f,train,26
Drink.Fromcup_p17_r01_v02_c05.mp4,p17,m,train,9
Leave_p12_r01_v06_c04.mp4,p12,f,train,16
Drink.Fromcan_p18_r12_v08_c05.mp4,p18,m,test,8
WatchTV_p06_r07_v06_c05.mp4,p06,f,train,31
Drink.Fromcup_p16_r02_v09_c02.mp4,p16,f,test,9
Walk_p04_r05_v15_c06.mp4,p04,f,train,30
Walk_p16_r01_v09_c02.mp4,p16,f,test,30
Sitdown_p19_r02_v03_c04.mp4,p19,f,train,25
Readbook_p15_r00_v12_c01.mp4,p15,m,train,24
Usetablet_p03_r01_v13_c02.mp4,p03,m,train,28
Enter_p14_r00_v04_c04.mp4,p14,m,test,13
Uselaptop_p19_r05_v09_c01.mp4,p19,f,train,27
Sitdown_p03_r02_v11_c02.mp4,p03,m,train,25
Takepills_p14_r01_v10_c02.mp4,p14,m,test,26
Drink.Fromcup_p13_r03_v09_c01.mp4,p13,f,train,9
Enter_p25_r00_v14_c07.mp4,p25,f,train,13
Getup_p20_r03_v03_c05.mp4,p20,f,test,14
Readbook_p12_r05_v05_c05.mp4,p12,f,train,24
Drink.Fromcup_p04_r06_v08_c02.mp4,p04,f,train,9
Walk_p12_r13_v04_c05.mp4,p12,f,train,30
Uselaptop_p02_r00_v08_c04.mp4,p02,f,test,27
Usetelephone_p19_r01_v01_c05.mp4,p19,f,train,29
Walk_p02_r02_v09_c05.mp4,p02,f,test,30
Usetelephone_p18_r00_v08_c05.mp4,p18,m,test,29
Sitdown_p03_r06_v11_c01.mp4,p03,m,train,25
Walk_p12_r00_v05_c04.mp4,p12,f,train,30
Cook.Stir_p17_r10_v14_c06.mp4,p17,m,train,4
Sitdown_p03_r04_v02_c05.mp4,p03,m,train,25
Walk_p25_r06_v11_c02.mp4,p25,f,train,30
Walk_p11_r05_v03_c04.mp4,p11,f,test,30
Enter_p11_r00_v05_c04.mp4,p11,f,test,13
Enter_p09_r03_v05_c04.mp4,p09,m,train,13
Eat.Attable_p16_r17_v06_c01.mp4,p16,f,test,11
Walk_p13_r02_v25_c04.mp4,p13,f,train,30
Cook.Stir_p09_r00_v12_c06.mp4,p09,m,train,4
Uselaptop_p11_r07_v09_c01.mp4,p11,f,test,27
Maketea.Insertteabag_p09_r00_v16_c06.mp4,p09,m,train,20
Cook.Cleanup_p17_r00_v12_c03.mp4,p17,m,train,2
Eat.Attable_p09_r04_v09_c01.mp4,p09,m,train,11
Eat.Attable_p04_r00_v08_c01.mp4,p04,f,train,11
Drink.Frombottle_p16_r02_v04_c04.mp4,p16,f,test,7
Cook.Cleanup_p07_r02_v22_c07.mp4,p07,f,train,2
Drink.Fromcup_p15_r02_v13_c03.mp4,p15,m,train,9
Laydown_p18_r00_v03_c05.mp4,p18,m,test,15
Walk_p10_r12_v12_c03.mp4,p10,f,test,30
WatchTV_p19_r14_v01_c05.mp4,p19,f,train,31
Uselaptop_p13_r01_v03_c04.mp4,p13,f,train,27
Pour.Frombottle_p10_r00_v10_c01.mp4,p10,f,test,21
Drink.Fromcup_p17_r00_v10_c02.mp4,p17,m,train,9
Drink.Fromcup_p07_r01_v02_c05.mp4,p07,f,train,9
Cook.Cleandishes_p07_r05_v06_c03.mp4,p07,f,train,1
Cook.Stir_p19_r09_v12_c06.mp4,p19,f,train,4
Uselaptop_p17_r02_v03_c04.mp4,p17,m,train,27
Cook.Cleandishes_p09_r07_v13_c06.mp4,p09,m,train,1
Usetelephone_p25_r01_v05_c04.mp4,p25,f,train,29
Walk_p16_r06_v09_c02.mp4,p16,f,test,30
Drink.Fromcup_p11_r02_v14_c01.mp4,p11,f,test,9
Takepills_p14_r01_v15_c07.mp4,p14,m,test,26
Walk_p15_r06_v14_c07.mp4,p15,m,train,30
Drink.Fromcup_p15_r10_v09_c02.mp4,p15,m,train,9
Sitdown_p16_r01_v06_c01.mp4,p16,f,test,25
WatchTV_p20_r04_v05_c05.mp4,p20,f,test,31
Drink.Fromcup_p12_r04_v04_c05.mp4,p12,f,train,9
Walk_p13_r01_v20_c03.mp4,p13,f,train,30
Getup_p14_r13_v02_c04.mp4,p14,m,test,14
Readbook_p17_r05_v04_c05.mp4,p17,m,train,24
Walk_p18_r09_v10_c02.mp4,p18,m,test,30
Cook.Stir_p25_r07_v15_c06.mp4,p25,f,train,4
Eat.Attable_p07_r04_v08_c01.mp4,p07,f,train,11
Enter_p13_r01_v04_c04.mp4,p13,f,train,13
Sitdown_p15_r04_v10_c02.mp4,p15,m,train,25
Getup_p19_r03_v01_c04.mp4,p19,f,train,14
Walk_p13_r18_v04_c04.mp4,p13,f,train,30
Walk_p15_r08_v02_c04.mp4,p15,m,train,30
Uselaptop_p03_r00_v08_c04.mp4,p03,m,train,27
Readbook_p14_r04_v04_c05.mp4,p14,m,test,24
Eat.Attable_p13_r30_v19_c01.mp4,p13,f,train,11
Walk_p04_r03_v17_c07.mp4,p04,f,train,30
Cook.Stir_p02_r01_v15_c06.mp4,p02,f,test,4
Sitdown_p06_r05_v09_c01.mp4,p06,f,train,25
Readbook_p17_r04_v02_c05.mp4,p17,m,train,24
Cook.Usestove_p11_r02_v13_c06.mp4,p11,f,test,5
Walk_p11_r08_v12_c06.mp4,p11,f,test,30
Walk_p15_r05_v15_c06.mp4,p15,m,train,30
Leave_p10_r01_v13_c06.mp4,p10,f,test,16
Enter_p06_r04_v15_c01.mp4,p06,f,train,13
Walk_p02_r10_v01_c06.mp4,p02,f,test,30
Cook.Cleandishes_p03_r01_v16_c06.mp4,p03,m,train,1
Sitdown_p09_r03_v01_c04.mp4,p09,m,train,25
Cook.Stir_p06_r03_v13_c03.mp4,p06,f,train,4
Leave_p06_r03_v26_c01.mp4,p06,f,train,16
Cook.Cleanup_p10_r00_v14_c07.mp4,p10,f,test,2
Drink.Fromcup_p11_r04_v14_c01.mp4,p11,f,test,9
Walk_p20_r01_v14_c07.mp4,p20,f,test,30
Walk_p02_r03_v06_c05.mp4,p02,f,test,30
Walk_p17_r12_v11_c06.mp4,p17,m,train,30
Drink.Fromcup_p18_r07_v09_c01.mp4,p18,m,test,9
Usetelephone_p20_r01_v06_c05.mp4,p20,f,test,29
Readbook_p10_r01_v01_c05.mp4,p10,f,test,24
Usetelephone_p07_r01_v06_c05.mp4,p07,f,train,29
Cook.Stir_p07_r10_v21_c06.mp4,p07,f,train,4
Sitdown_p14_r02_v11_c01.mp4,p14,m,test,25
Walk_p02_r21_v15_c06.mp4,p02,f,test,30
Leave_p03_r02_v10_c02.mp4,p03,m,train,16
WatchTV_p03_r01_v08_c05.mp4,p03,m,train,31
Walk_p19_r18_v05_c05.mp4,p19,f,train,30
Pour.Fromcan_p14_r02_v04_c04.mp4,p14,m,test,22
Leave_p06_r00_v12_c03.mp4,p06,f,train,16
Pour.Fromkettle_p15_r00_v14_c06.mp4,p15,m,train,23
Eat.Snack_p03_r00_v15_c06.mp4,p03,m,train,12
Cook.Cleandishes_p25_r06_v12_c03.mp4,p25,f,train,1
Drink.Fromcup_p03_r08_v04_c04.mp4,p03,m,train,9
Cook.Cleandishes_p11_r00_v11_c03.mp4,p11,f,test,1
Walk_p25_r13_v14_c03.mp4,p25,f,train,30
Usetelephone_p03_r04_v12_c01.mp4,p03,m,train,29
Readbook_p18_r02_v09_c01.mp4,p18,m,test,24
Drink.Fromcan_p13_r02_v23_c03.mp4,p13,f,train,8
Cook.Stir_p17_r06_v14_c06.mp4,p17,m,train,4
Uselaptop_p17_r05_v08_c02.mp4,p17,m,train,27
Walk_p14_r25_v05_c05.mp4,p14,m,test,30
Drink.Fromcup_p15_r02_v14_c03.mp4,p15,m,train,9
Readbook_p12_r00_v02_c05.mp4,p12,f,train,24
Walk_p13_r02_v13_c02.mp4,p13,f,train,30
Walk_p02_r02_v02_c03.mp4,p02,f,test,30
Uselaptop_p15_r00_v12_c02.mp4,p15,m,train,27
Walk_p12_r05_v05_c04.mp4,p12,f,train,30
Walk_p18_r00_v05_c05.mp4,p18,m,test,30
Sitdown_p10_r09_v09_c01.mp4,p10,f,test,25
Readbook_p13_r03_v06_c04.mp4,p13,f,train,24
Walk_p07_r05_v21_c07.mp4,p07,f,train,30
Cook.Cut_p10_r00_v12_c06.mp4,p10,f,test,3
WatchTV_p04_r03_v05_c05.mp4,p04,f,train,31
Walk_p13_r02_v23_c07.mp4,p13,f,train,30
Takepills_p25_r00_v10_c02.mp4,p25,f,train,26
Drink.Fromcup_p19_r02_v08_c01.mp4,p19,f,train,9
Sitdown_p19_r00_v09_c02.mp4,p19,f,train,25
Cook.Stir_p06_r03_v13_c06.mp4,p06,f,train,4
Walk_p19_r02_v10_c02.mp4,p19,f,train,30
Drink.Fromcan_p12_r01_v05_c05.mp4,p12,f,train,8
Drink.Fromcup_p15_r05_v12_c02.mp4,p15,m,train,9
Walk_p16_r01_v13_c06.mp4,p16,f,test,30
Walk_p17_r00_v15_c07.mp4,p17,m,train,30
Walk_p14_r11_v07_c04.mp4,p14,m,test,30
Maketea.Insertteabag_p16_r01_v14_c03.mp4,p16,f,test,20
Readbook_p04_r00_v04_c04.mp4,p04,f,train,24
Walk_p04_r02_v14_c03.mp4,p04,f,train,30
WatchTV_p07_r04_v01_c05.mp4,p07,f,train,31
Enter_p06_r01_v13_c07.mp4,p06,f,train,13
Readbook_p04_r00_v04_c05.mp4,p04,f,train,24
Drink.Fromcup_p18_r02_v12_c01.mp4,p18,m,test,9
Walk_p17_r01_v14_c06.mp4,p17,m,train,30
Walk_p14_r03_v07_c04.mp4,p14,m,test,30
Drink.Frombottle_p04_r09_v04_c04.mp4,p04,f,train,7
Getup_p19_r04_v03_c04.mp4,p19,f,train,14
Walk_p25_r08_v04_c04.mp4,p25,f,train,30
Walk_p17_r08_v06_c05.mp4,p17,m,train,30
Cook.Stir_p18_r06_v15_c07.mp4,p18,m,test,4
Drink.Fromcan_p03_r01_v18_c06.mp4,p03,m,train,8
Pour.Frombottle_p10_r00_v12_c03.mp4,p10,f,test,21
Drink.Fromcup_p02_r09_v17_c05.mp4,p02,f,test,9
Sitdown_p14_r00_v06_c04.mp4,p14,m,test,25
Walk_p14_r20_v02_c05.mp4,p14,m,test,30
Drink.Fromcan_p25_r06_v06_c05.mp4,p25,f,train,8
Takepills_p17_r01_v04_c04.mp4,p17,m,train,26
Pour.Frombottle_p03_r05_v06_c05.mp4,p03,m,train,21
Walk_p02_r09_v09_c05.mp4,p02,f,test,30
Sitdown_p13_r02_v13_c02.mp4,p13,f,train,25
Readbook_p16_r01_v03_c04.mp4,p16,f,test,24
Laydown_p25_r00_v04_c04.mp4,p25,f,train,15
Usetelephone_p12_r00_v12_c06.mp4,p12,f,train,29
Eat.Attable_p17_r04_v10_c02.mp4,p17,m,train,11
Sitdown_p14_r04_v01_c05.mp4,p14,m,test,25
WatchTV_p07_r04_v05_c05.mp4,p07,f,train,31
Walk_p25_r13_v12_c07.mp4,p25,f,train,30
Walk_p13_r18_v25_c04.mp4,p13,f,train,30
Drink.Fromcup_p16_r07_v06_c01.mp4,p16,f,test,9
Drink.Fromcup_p14_r04_v03_c04.mp4,p14,m,test,9
Sitdown_p12_r01_v14_c05.mp4,p12,f,train,25
Drink.Fromcan_p09_r02_v04_c04.mp4,p09,m,train,8
Cook.Usestove_p04_r04_v17_c03.mp4,p04,f,train,5
Walk_p03_r03_v13_c01.mp4,p03,m,train,30
Cook.Cut_p16_r01_v15_c03.mp4,p16,f,test,3
Walk_p02_r07_v02_c03.mp4,p02,f,test,30
Cutbread_p04_r01_v08_c02.mp4,p04,f,train,6
Drink.Fromcup_p03_r03_v01_c05.mp4,p03,m,train,9
Sitdown_p18_r01_v09_c02.mp4,p18,m,test,25
Cook.Cleanup_p04_r00_v16_c06.mp4,p04,f,train,2
WatchTV_p06_r01_v02_c04.mp4,p06,f,train,31
Sitdown_p17_r12_v03_c05.mp4,p17,m,train,25
Takepills_p03_r02_v19_c04.mp4,p03,m,train,26
Walk_p16_r01_v04_c05.mp4,p16,f,test,30
Eat.Snack_p14_r00_v07_c04.mp4,p14,m,test,12
Cook.Cleandishes_p07_r06_v06_c06.mp4,p07,f,train,1
Walk_p17_r00_v01_c04.mp4,p17,m,train,30
Cook.Stir_p09_r07_v13_c06.mp4,p09,m,train,4
Takepills_p04_r00_v04_c04.mp4,p04,f,train,26
Enter_p25_r00_v15_c03.mp4,p25,f,train,13
Walk_p04_r02_v16_c07.mp4,p04,f,train,30
Uselaptop_p14_r02_v10_c01.mp4,p14,m,test,27
Cook.Cleanup_p13_r00_v20_c03.mp4,p13,f,train,2
Walk_p12_r06_v07_c05.mp4,p12,f,train,30
Walk_p11_r06_v07_c04.mp4,p11,f,test,30
Sitdown_p14_r12_v07_c04.mp4,p14,m,test,25
Walk_p25_r04_v14_c03.mp4,p25,f,train,30
WatchTV_p02_r03_v05_c05.mp4,p02,f,test,31
Drink.Fromcup_p03_r00_v11_c02.mp4,p03,m,train,9
Getup_p10_r16_v03_c04.mp4,p10,f,test,14
Drink.Fromcup_p19_r11_v04_c05.mp4,p19,f,train,9
Usetelephone_p10_r01_v09_c01.mp4,p10,f,test,29
Walk_p03_r24_v03_c05.mp4,p03,m,train,30
Walk_p25_r15_v15_c06.mp4,p25,f,train,30
Drink.Fromcup_p18_r01_v03_c04.mp4,p18,m,test,9
Readbook_p12_r03_v05_c05.mp4,p12,f,train,24
Readbook_p12_r04_v07_c05.mp4,p12,f,train,24
Eat.Attable_p13_r08_v08_c02.mp4,p13,f,train,11
WatchTV_p10_r06_v03_c05.mp4,p10,f,test,31
Drink.Fromcup_p17_r02_v04_c04.mp4,p17,m,train,9
Usetelephone_p13_r03_v24_c04.mp4,p13,f,train,29
Sitdown_p12_r12_v05_c05.mp4,p12,f,train,25
WatchTV_p04_r05_v05_c05.mp4,p04,f,train,31
Uselaptop_p17_r00_v08_c01.mp4,p17,m,train,27
Readbook_p02_r08_v05_c04.mp4,p02,f,test,24
Drink.Fromcup_p02_r08_v09_c05.mp4,p02,f,test,9
Walk_p17_r20_v05_c05.mp4,p17,m,train,30
Cook.Stir_p07_r13_v21_c06.mp4,p07,f,train,4
Getup_p10_r09_v01_c04.mp4,p10,f,test,14
Walk_p25_r01_v12_c07.mp4,p25,f,train,30
Drink.Fromcup_p15_r04_v13_c03.mp4,p15,m,train,9
Getup_p03_r06_v19_c04.mp4,p03,m,train,14
Getup_p15_r02_v01_c05.mp4,p15,m,train,14
Walk_p18_r02_v09_c02.mp4,p18,m,test,30
Walk_p03_r16_v02_c04.mp4,p03,m,train,30
Eat.Snack_p09_r15_v13_c06.mp4,p09,m,train,12
Cook.Stir_p02_r03_v15_c06.mp4,p02,f,test,4
Drink.Fromcup_p16_r00_v11_c02.mp4,p16,f,test,9
Eat.Attable_p02_r16_v11_c01.mp4,p02,f,test,11
Sitdown_p18_r03_v12_c01.mp4,p18,m,test,25
Cook.Cleandishes_p10_r00_v14_c03.mp4,p10,f,test,1
Leave_p07_r02_v07_c04.mp4,p07,f,train,16
Readbook_p12_r02_v07_c04.mp4,p12,f,train,24
Drink.Fromcup_p04_r00_v17_c07.mp4,p04,f,train,9
Drink.Fromcup_p06_r00_v03_c04.mp4,p06,f,train,9
Walk_p15_r11_v14_c06.mp4,p15,m,train,30
Uselaptop_p04_r01_v13_c02.mp4,p04,f,train,27
Walk_p03_r37_v04_c05.mp4,p03,m,train,30
Walk_p20_r01_v07_c05.mp4,p20,f,test,30
WatchTV_p12_r08_v05_c05.mp4,p12,f,train,31
Cook.Usestove_p07_r15_v21_c06.mp4,p07,f,train,5
Pour.Fromcan_p15_r01_v10_c01.mp4,p15,m,train,22
Cook.Cleanup_p04_r00_v14_c06.mp4,p04,f,train,2
Readbook_p15_r00_v07_c04.mp4,p15,m,train,24
Eat.Attable_p04_r22_v08_c02.mp4,p04,f,train,11
Getup_p14_r01_v13_c01.mp4,p14,m,test,14
Sitdown_p15_r01_v12_c01.mp4,p15,m,train,25
Drink.Fromcup_p15_r06_v09_c01.mp4,p15,m,train,9
Maketea.Boilwater_p25_r00_v14_c03.mp4,p25,f,train,19
Cook.Stir_p02_r11_v15_c06.mp4,p02,f,test,4
Cook.Cleandishes_p07_r02_v22_c03.mp4,p07,f,train,1
Drink.Fromcup_p13_r00_v21_c07.mp4,p13,f,train,9
Walk_p13_r11_v10_c02.mp4,p13,f,train,30
Drink.Fromcup_p12_r02_v03_c04.mp4,p12,f,train,9
Walk_p15_r14_v16_c03.mp4,p15,m,train,30
Takepills_p10_r02_v05_c04.mp4,p10,f,test,26
Laydown_p10_r00_v03_c05.mp4,p10,f,test,15
Drink.Fromcup_p17_r00_v03_c04.mp4,p17,m,train,9
WatchTV_p12_r01_v04_c05.mp4,p12,f,train,31
Sitdown_p07_r04_v05_c05.mp4,p07,f,train,25
Drink.Fromcup_p17_r04_v03_c05.mp4,p17,m,train,9
Uselaptop_p10_r05_v09_c01.mp4,p10,f,test,27
Laydown_p03_r04_v06_c04.mp4,p03,m,train,15
Eat.Attable_p16_r20_v06_c02.mp4,p16,f,test,11
Maketea.Insertteabag_p09_r00_v16_c03.mp4,p09,m,train,20
Walk_p09_r08_v15_c06.mp4,p09,m,train,30
Walk_p15_r00_v07_c04.mp4,p15,m,train,30
Cook.Cleanup_p10_r00_v12_c07.mp4,p10,f,test,2
Walk_p12_r10_v07_c04.mp4,p12,f,train,30
Eat.Attable_p16_r07_v06_c01.mp4,p16,f,test,11
Sitdown_p14_r13_v06_c04.mp4,p14,m,test,25
WatchTV_p03_r02_v19_c05.mp4,p03,m,train,31
Enter_p17_r00_v13_c07.mp4,p17,m,train,13
Walk_p10_r10_v13_c06.mp4,p10,f,test,30
Leave_p10_r00_v11_c06.mp4,p10,f,test,16
Drink.Fromcup_p20_r00_v03_c04.mp4,p20,f,test,9
Drink.Frombottle_p12_r03_v05_c05.mp4,p12,f,train,7
Readbook_p02_r09_v06_c05.mp4,p02,f,test,24
WatchTV_p14_r01_v05_c05.mp4,p14,m,test,31
Eat.Attable_p09_r08_v08_c01.mp4,p09,m,train,11
Takepills_p25_r01_v11_c01.mp4,p25,f,train,26
Cook.Cut_p17_r05_v15_c06.mp4,p17,m,train,3
Cook.Usestove_p04_r03_v17_c06.mp4,p04,f,train,5
Readbook_p09_r02_v01_c04.mp4,p09,m,train,24
Cook.Stir_p11_r14_v13_c03.mp4,p11,f,test,4
Pour.Frombottle_p14_r01_v03_c04.mp4,p14,m,test,21
Getup_p06_r01_v09_c02.mp4,p06,f,train,14
Drink.Fromcup_p14_r05_v05_c04.mp4,p14,m,test,9
Readbook_p03_r02_v02_c04.mp4,p03,m,train,24
Sitdown_p12_r04_v06_c04.mp4,p12,f,train,25
Drink.Fromcup_p15_r02_v08_c01.mp4,p15,m,train,9
Walk_p02_r19_v02_c03.mp4,p02,f,test,30
Maketea.Boilwater_p15_r00_v14_c03.mp4,p15,m,train,19
Walk_p04_r07_v15_c06.mp4,p04,f,train,30
Cook.Stir_p09_r01_v12_c06.mp4,p09,m,train,4
Cook.Cleanup_p15_r11_v13_c06.mp4,p15,m,train,2
Sitdown_p04_r01_v01_c05.mp4,p04,f,train,25
Walk_p06_r14_v13_c07.mp4,p06,f,train,30
Readbook_p03_r04_v02_c05.mp4,p03,m,train,24
Drink.Frombottle_p02_r00_v14_c06.mp4,p02,f,test,7
Sitdown_p09_r01_v05_c04.mp4,p09,m,train,25
Drink.Fromcan_p02_r02_v07_c05.mp4,p02,f,test,8
Cook.Stir_p13_r06_v23_c06.mp4,p13,f,train,4
Walk_p19_r11_v05_c05.mp4,p19,f,train,30
Walk_p12_r10_v14_c05.mp4,p12,f,train,30
Drink.Fromcup_p19_r05_v05_c05.mp4,p19,f,train,9
WatchTV_p12_r06_v02_c05.mp4,p12,f,train,31
Cook.Cleanup_p10_r01_v13_c06.mp4,p10,f,test,2
Enter_p14_r03_v05_c04.mp4,p14,m,test,13
Drink.Fromcup_p17_r02_v10_c02.mp4,p17,m,train,9
Drink.Fromcup_p02_r01_v15_c06.mp4,p02,f,test,9
Drink.Fromcup_p06_r04_v02_c05.mp4,p06,f,train,9
Pour.Fromkettle_p03_r01_v15_c06.mp4,p03,m,train,23
Enter_p04_r00_v07_c04.mp4,p04,f,train,13
Drink.Frombottle_p06_r01_v10_c02.mp4,p06,f,train,7
WatchTV_p09_r10_v05_c05.mp4,p09,m,train,31
Takepills_p17_r03_v14_c03.mp4,p17,m,train,26
Drink.Fromcup_p19_r14_v08_c01.mp4,p19,f,train,9
Walk_p25_r12_v12_c07.mp4,p25,f,train,30
Walk_p12_r08_v12_c07.mp4,p12,f,train,30
Walk_p25_r03_v10_c02.mp4,p25,f,train,30
Drink.Fromcup_p12_r01_v02_c04.mp4,p12,f,train,9
Cook.Cut_p25_r01_v15_c06.mp4,p25,f,train,3
Eat.Attable_p11_r47_v08_c01.mp4,p11,f,test,11
Getup_p09_r02_v02_c04.mp4,p09,m,train,14
Drink.Frombottle_p13_r00_v11_c01.mp4,p13,f,train,7
Readbook_p17_r05_v02_c05.mp4,p17,m,train,24
Walk_p20_r04_v06_c05.mp4,p20,f,test,30
Getup_p03_r05_v02_c05.mp4,p03,m,train,14
Cook.Cleanup_p10_r00_v11_c06.mp4,p10,f,test,2
Eat.Attable_p13_r14_v08_c02.mp4,p13,f,train,11
Cook.Cleandishes_p15_r00_v15_c03.mp4,p15,m,train,1
Walk_p25_r04_v06_c05.mp4,p25,f,train,30
Laydown_p03_r01_v19_c04.mp4,p03,m,train,15
Cook.Cleanup_p07_r03_v06_c03.mp4,p07,f,train,2
Walk_p07_r10_v06_c03.mp4,p07,f,train,30
Drink.Fromcup_p06_r05_v08_c02.mp4,p06,f,train,9
Cook.Stir_p11_r04_v13_c06.mp4,p11,f,test,4
Walk_p15_r01_v04_c05.mp4,p15,m,train,30
Drink.Fromcup_p14_r02_v04_c05.mp4,p14,m,test,9
Walk_p25_r02_v09_c02.mp4,p25,f,train,30
Sitdown_p11_r00_v09_c01.mp4,p11,f,test,25
WatchTV_p02_r04_v18_c05.mp4,p02,f,test,31
Cook.Cleanup_p07_r00_v21_c06.mp4,p07,f,train,2
Cook.Cut_p20_r15_v15_c07.mp4,p20,f,test,3
Drink.Frombottle_p10_r01_v14_c06.mp4,p10,f,test,7
Walk_p02_r10_v02_c03.mp4,p02,f,test,30
Getup_p14_r02_v03_c05.mp4,p14,m,test,14
Walk_p19_r10_v14_c06.mp4,p19,f,train,30
Walk_p19_r06_v13_c06.mp4,p19,f,train,30
Readbook_p14_r00_v09_c01.mp4,p14,m,test,24
Readbook_p14_r04_v04_c04.mp4,p14,m,test,24
Walk_p04_r08_v17_c03.mp4,p04,f,train,30
Cook.Stir_p04_r00_v17_c07.mp4,p04,f,train,4
Pour.Frombottle_p25_r02_v11_c01.mp4,p25,f,train,21
WatchTV_p18_r04_v06_c05.mp4,p18,m,test,31
Drink.Fromcup_p15_r06_v17_c03.mp4,p15,m,train,9
Walk_p25_r01_v14_c06.mp4,p25,f,train,30
Sitdown_p25_r00_v10_c02.mp4,p25,f,train,25
Drink.Fromcup_p09_r01_v15_c06.mp4,p09,m,train,9
Walk_p17_r19_v04_c05.mp4,p17,m,train,30
Eat.Attable_p04_r31_v08_c02.mp4,p04,f,train,11
Drink.Fromcup_p06_r02_v01_c04.mp4,p06,f,train,9
Cook.Cleanup_p06_r00_v12_c03.mp4,p06,f,train,2
Walk_p11_r02_v03_c04.mp4,p11,f,test,30
Cook.Cleandishes_p10_r08_v11_c06.mp4,p10,f,test,1
Drink.Fromcup_p14_r11_v11_c01.mp4,p14,m,test,9
Walk_p04_r08_v15_c03.mp4,p04,f,train,30
Walk_p25_r02_v15_c06.mp4,p25,f,train,30
Readbook_p11_r00_v02_c04.mp4,p11,f,test,24
Drink.Fromcup_p19_r01_v02_c04.mp4,p19,f,train,9
Pour.Frombottle_p03_r01_v06_c04.mp4,p03,m,train,21
Drink.Frombottle_p03_r00_v05_c04.mp4,p03,m,train,7
Leave_p09_r01_v06_c04.mp4,p09,m,train,16
Walk_p12_r10_v06_c04.mp4,p12,f,train,30
Sitdown_p09_r00_v07_c04.mp4,p09,m,train,25
Walk_p13_r09_v25_c04.mp4,p13,f,train,30
Cook.Stir_p10_r05_v12_c03.mp4,p10,f,test,4
Walk_p18_r00_v09_c02.mp4,p18,m,test,30
Cook.Cleandishes_p07_r00_v22_c03.mp4,p07,f,train,1
Readbook_p03_r03_v05_c05.mp4,p03,m,train,24
Drink.Fromcup_p18_r00_v09_c02.mp4,p18,m,test,9
Takepills_p14_r04_v03_c05.mp4,p14,m,test,26
Walk_p03_r08_v15_c07.mp4,p03,m,train,30
Sitdown_p12_r03_v06_c05.mp4,p12,f,train,25
Getup_p06_r00_v07_c02.mp4,p06,f,train,14
Sitdown_p14_r08_v02_c05.mp4,p14,m,test,25
Sitdown_p16_r00_v08_c02.mp4,p16,f,test,25
Readbook_p06_r02_v07_c02.mp4,p06,f,train,24
Cook.Stir_p16_r04_v14_c07.mp4,p16,f,test,4
Walk_p14_r32_v02_c05.mp4,p14,m,test,30
WatchTV_p10_r05_v02_c04.mp4,p10,f,test,31
Makecoffee.Pourgrains_p25_r01_v12_c03.mp4,p25,f,train,17
Pour.Frombottle_p03_r02_v11_c02.mp4,p03,m,train,21
Readbook_p06_r06_v07_c02.mp4,p06,f,train,24
WatchTV_p03_r10_v07_c04.mp4,p03,m,train,31
Walk_p16_r00_v10_c01.mp4,p16,f,test,30
Walk_p02_r07_v17_c05.mp4,p02,f,test,30
Uselaptop_p14_r00_v10_c01.mp4,p14,m,test,27
Walk_p11_r16_v07_c04.mp4,p11,f,test,30
Getup_p17_r03_v09_c01.mp4,p17,m,train,14
WatchTV_p13_r03_v25_c05.mp4,p13,f,train,31
Cook.Cleandishes_p06_r00_v13_c06.mp4,p06,f,train,1
Drink.Fromcup_p03_r03_v06_c04.mp4,p03,m,train,9
Walk_p07_r07_v21_c07.mp4,p07,f,train,30
Walk_p17_r19_v12_c03.mp4,p17,m,train,30
Walk_p15_r02_v07_c04.mp4,p15,m,train,30
Leave_p12_r03_v06_c04.mp4,p12,f,train,16
